-- phpMyAdmin SQL Dump
-- version 5.2.2
-- https://www.phpmyadmin.net/
--
-- Host: 127.0.0.1:3306
-- Generation Time: Dec 10, 2025 at 07:49 AM
-- Server version: 11.8.3-MariaDB-log
-- PHP Version: 7.2.34

SET SQL_MODE = "NO_AUTO_VALUE_ON_ZERO";
START TRANSACTION;
SET time_zone = "+00:00";


/*!40101 SET @OLD_CHARACTER_SET_CLIENT=@@CHARACTER_SET_CLIENT */;
/*!40101 SET @OLD_CHARACTER_SET_RESULTS=@@CHARACTER_SET_RESULTS */;
/*!40101 SET @OLD_COLLATION_CONNECTION=@@COLLATION_CONNECTION */;
/*!40101 SET NAMES utf8mb4 */;

--
-- Database: `u742355347_insocial_newdb`
--

--
-- Dumping data for table `activity`
--

INSERT INTO `activity` (`id`, `user_uuid`, `account_social_userid`, `account_platform`, `activity_type`, `activity_subType`, `action`, `source_type`, `post_form_id`, `reference_pageID`, `activity_dateTime`, `nextAPI_call_dateTime`, `createdAt`, `updatedAt`) VALUES
(1, 'b4206492-1778-4860-8e24-af93296a37d4', NULL, NULL, 'user', 'profile', 'logout', '', '', '{\"activity_type_id\":\"b4206492-1778-4860-8e24-af93296a37d4\",\"activity_subType_id\":{},\"title\":\"Test User\"}', '2025-12-10 07:46:50', '0000-00-00 00:00:00', '2025-12-10 07:46:50', '2025-12-10 07:46:50'),
(2, 'b4206492-1778-4860-8e24-af93296a37d4', NULL, NULL, 'user', 'profile', 'login', '', '', '{\"activity_type_id\":\"b4206492-1778-4860-8e24-af93296a37d4\",\"activity_subType_id\":{},\"title\":\"Test User\"}', '2025-12-10 07:47:32', '0000-00-00 00:00:00', '2025-12-10 07:47:32', '2025-12-10 07:47:32'),
(3, 'b4206492-1778-4860-8e24-af93296a37d4', '122156535248577012', 'facebook', 'social', 'account', 'connected', '', '', '{\"activity_type_id\":{},\"activity_subType_id\":\"122156535248577012\",\"title\":\"Ross Singh\"}', '2025-12-10 07:48:38', '0000-00-00 00:00:00', '2025-12-10 07:48:38', '2025-12-10 07:48:38'),
(4, 'b4206492-1778-4860-8e24-af93296a37d4', '122156535248577012', 'facebook', 'social', 'account', 'disconnect', '', NULL, '{\"activity_type_id\":{},\"activity_subType_id\":{\"pages\":[\"631102136744766\"]},\"title\":\"Ross Singh\"}', '2025-12-10 07:49:31', '0000-00-00 00:00:00', '2025-12-10 07:49:31', '2025-12-10 07:49:31');

--
-- Dumping data for table `admin_audit_logs`
--

INSERT INTO `admin_audit_logs` (`id`, `admin_id`, `admin_email`, `admin_name`, `action_type`, `entity_type`, `entity_id`, `description`, `old_values`, `new_values`, `metadata`, `ip_address`, `user_agent`, `request_method`, `request_url`, `session_id`, `severity`, `created_at`, `updated_at`) VALUES
(1, 2, 'admin@insocialwise.com', 'Super Admin', 'login', NULL, NULL, 'Admin admin@insocialwise.com logged in successfully', NULL, NULL, NULL, '223.178.209.173', 'Mozilla/5.0 (Windows NT 10.0; Win64; x64) AppleWebKit/537.36 (KHTML, like Gecko) Chrome/142.0.0.0 Safari/537.36', 'POST', 'http://51318579-bfb0-4529-a363-9c24952c0e0f-00-3s0sp1pby59o7.janeway.replit.dev/login', 'hMyYx2A9NGtHzwDksNOKUBYiPM8qGkcNRmzFr0UT', 'info', '2025-12-08 18:57:01', '2025-12-08 18:57:01'),
(2, 2, 'admin@insocialwise.com', 'Super Admin', 'login', NULL, NULL, 'Admin admin@insocialwise.com logged in successfully', NULL, NULL, NULL, '223.178.209.173', 'Mozilla/5.0 (Windows NT 10.0; Win64; x64) AppleWebKit/537.36 (KHTML, like Gecko) Chrome/142.0.0.0 Safari/537.36', 'POST', 'http://51318579-bfb0-4529-a363-9c24952c0e0f-00-3s0sp1pby59o7.janeway.replit.dev/login', '23WXOlgx0KOBdi2hxNIfm25g4293Z76Nga1rSGEV', 'info', '2025-12-08 19:23:36', '2025-12-08 19:23:36'),
(3, 2, 'admin@insocialwise.com', 'Super Admin', 'login', NULL, NULL, 'Admin admin@insocialwise.com logged in successfully', NULL, NULL, NULL, '223.178.209.173', 'Mozilla/5.0 (Windows NT 10.0; Win64; x64) AppleWebKit/537.36 (KHTML, like Gecko) Chrome/142.0.0.0 Safari/537.36', 'POST', 'http://e68ecbfd-45c7-405f-a8d7-f90613203486-00-1ltd1dxhtu2g5.sisko.replit.dev/login', 'ck9l4XCU6HuV8YYG76cMkTxUCyGtVn7MkfPbX8Hs', 'info', '2025-12-08 20:20:25', '2025-12-08 20:20:25'),
(4, 2, 'admin@insocialwise.com', 'Super Admin', 'login', NULL, NULL, 'Admin admin@insocialwise.com logged in successfully', NULL, NULL, NULL, '223.178.209.173', 'Mozilla/5.0 (Windows NT 10.0; Win64; x64) AppleWebKit/537.36 (KHTML, like Gecko) Chrome/142.0.0.0 Safari/537.36', 'POST', 'http://e68ecbfd-45c7-405f-a8d7-f90613203486-00-1ltd1dxhtu2g5.sisko.replit.dev/login', 'TyfWCjm2GsC3n2mcmGDMTqNoZXVoYtHq2KVjP8bs', 'info', '2025-12-08 20:20:46', '2025-12-08 20:20:46'),
(5, 2, 'admin@insocialwise.com', 'Super Admin', 'login', NULL, NULL, 'Admin admin@insocialwise.com logged in successfully', NULL, NULL, NULL, '223.178.209.173', 'Mozilla/5.0 (Windows NT 10.0; Win64; x64) AppleWebKit/537.36 (KHTML, like Gecko) Chrome/142.0.0.0 Safari/537.36', 'POST', 'http://e68ecbfd-45c7-405f-a8d7-f90613203486-00-1ltd1dxhtu2g5.sisko.replit.dev/login', '2Vzz0rEt01A0fupOy7rs6ouAa5FJwvyiFHGTyNmG', 'info', '2025-12-08 20:24:30', '2025-12-08 20:24:30'),
(6, 2, 'admin@insocialwise.com', 'Super Admin', 'login', NULL, NULL, 'Admin admin@insocialwise.com logged in successfully', NULL, NULL, NULL, '223.178.209.173', 'Mozilla/5.0 (Windows NT 10.0; Win64; x64) AppleWebKit/537.36 (KHTML, like Gecko) Chrome/142.0.0.0 Safari/537.36', 'POST', 'http://d5af018e-7df7-480b-b9e1-538dd76bccc4-00-uuh5yqfznlnw.riker.replit.dev/login', 'X7hANt0qo7n5VPMscJ8AgXfNS5vScJdOX4X3LopN', 'info', '2025-12-08 20:54:14', '2025-12-08 20:54:14'),
(7, 2, 'admin@insocialwise.com', 'Super Admin', 'login', NULL, NULL, 'Admin admin@insocialwise.com logged in successfully', NULL, NULL, NULL, '223.181.17.52', 'Mozilla/5.0 (Windows NT 10.0; Win64; x64) AppleWebKit/537.36 (KHTML, like Gecko) Chrome/142.0.0.0 Safari/537.36', 'POST', 'http://6349261f-0ac7-43a4-846c-0cb0d3e56aa0-00-10s3cqsfa7tal.worf.replit.dev/login', 'Gt5zOTHjJNcJxI3Y1L3SBt75XyFIfEZ1DLTAEqlu', 'info', '2025-12-09 06:51:22', '2025-12-09 06:51:22'),
(8, 2, 'admin@insocialwise.com', 'Super Admin', 'login', NULL, NULL, 'Admin admin@insocialwise.com logged in successfully', NULL, NULL, NULL, '223.181.17.52', 'Mozilla/5.0 (Windows NT 10.0; Win64; x64) AppleWebKit/537.36 (KHTML, like Gecko) Chrome/142.0.0.0 Safari/537.36', 'POST', 'http://29433390-7270-4824-9e63-570f42a7bc2a-00-3b9w6q2ib5j1r.kirk.replit.dev/login', 'kuoYnCgt33yrkh4ycn1xp89HLl5064X6Nv1sgb7i', 'info', '2025-12-09 12:41:56', '2025-12-09 12:41:56');

--
-- Dumping data for table `admin_feature_flags`
--

INSERT INTO `admin_feature_flags` (`id`, `feature_key`, `feature_name`, `description`, `category`, `enabled`, `force_enabled`, `updated_by`, `created_at`, `updated_at`) VALUES
(1, 'posts_management', 'Posts Management', 'Enable/disable posts management feature', 'core', 1, 0, NULL, '2025-11-29 10:05:37', '2025-11-29 10:05:37'),
(2, 'analytics_insights', 'Analytics & Insights', 'Enable/disable analytics dashboard', 'core', 1, 0, NULL, '2025-11-29 10:05:37', '2025-11-29 10:05:37'),
(3, 'inbox_messaging', 'Inbox & Messaging', 'Enable/disable inbox messaging feature', 'core', 1, 0, NULL, '2025-11-29 10:05:37', '2025-11-29 10:05:37'),
(4, 'advertising_campaigns', 'Advertising Campaigns', 'Enable/disable ad campaigns feature', 'core', 1, 0, NULL, '2025-11-29 10:05:37', '2025-11-29 10:05:37'),
(5, 'comment_management', 'Comment Management', 'Enable/disable comment management', 'core', 1, 0, NULL, '2025-11-29 10:05:37', '2025-11-29 10:05:37'),
(6, 'user_management', 'User Management', 'User management (cannot be disabled)', 'admin', 1, 1, NULL, '2025-11-29 10:05:38', '2025-11-29 10:05:38'),
(7, 'subscription_management', 'Subscription Management', 'Enable/disable subscription management', 'admin', 1, 0, NULL, '2025-11-29 10:05:38', '2025-11-29 10:05:38'),
(8, 'system_settings', 'System Settings', 'System settings (cannot be disabled)', 'admin', 1, 1, NULL, '2025-11-29 10:05:38', '2025-11-29 10:05:38'),
(9, 'activity_logging', 'Activity Logging', 'Enable/disable activity logging', 'admin', 1, 0, NULL, '2025-11-29 10:05:38', '2025-11-29 10:05:38'),
(10, 'user_impersonation', 'User Impersonation', 'Allow admins to login as users', 'admin', 0, 0, NULL, '2025-11-29 10:05:38', '2025-11-29 10:05:38'),
(11, 'two_factor_auth', 'Two-Factor Authentication', 'Enable 2FA for admin accounts', 'security', 1, 0, NULL, '2025-11-29 10:05:38', '2025-11-29 10:05:38'),
(12, 'ip_whitelisting', 'IP Whitelisting', 'Restrict admin access by IP', 'security', 0, 0, NULL, '2025-11-29 10:05:38', '2025-11-29 10:05:38'),
(13, 'session_management', 'Session Management', 'View and manage admin sessions', 'security', 1, 0, NULL, '2025-11-29 10:05:39', '2025-11-29 10:05:39'),
(14, 'audit_logging', 'Audit Logging', 'Log all admin actions', 'security', 1, 0, NULL, '2025-11-29 10:05:39', '2025-11-29 10:05:39'),
(15, 'system_health_monitoring', 'System Health Monitoring', 'Monitor system health metrics', 'monitoring', 1, 0, NULL, '2025-11-29 10:05:39', '2025-11-29 10:05:39'),
(16, 'error_tracking', 'Error Tracking', 'Track and log application errors', 'monitoring', 1, 0, NULL, '2025-11-29 10:05:39', '2025-11-29 10:05:39'),
(17, 'alert_notifications', 'Alert Notifications', 'Enable alert notifications', 'monitoring', 1, 0, NULL, '2025-11-29 10:05:39', '2025-11-29 10:05:39'),
(18, 'performance_monitoring', 'Performance Monitoring', 'Monitor performance metrics', 'monitoring', 0, 0, NULL, '2025-11-29 10:05:39', '2025-11-29 10:05:39'),
(19, 'bulk_export', 'Bulk Export', 'Enable bulk data export', 'data', 1, 0, NULL, '2025-11-29 10:05:40', '2025-11-29 10:05:40'),
(20, 'scheduled_exports', 'Scheduled Exports', 'Enable scheduled report exports', 'data', 0, 0, NULL, '2025-11-29 10:05:40', '2025-11-29 10:05:40'),
(21, 'report_generation', 'Report Generation', 'Enable custom report generation', 'data', 1, 0, NULL, '2025-11-29 10:05:40', '2025-11-29 10:05:40'),
(22, 'analytics_export', 'Analytics Export', 'Enable analytics data export', 'data', 1, 0, NULL, '2025-11-29 10:05:40', '2025-11-29 10:05:40');

--
-- Dumping data for table `admin_sessions`
--

INSERT INTO `admin_sessions` (`id`, `admin_id`, `session_token`, `ip_address`, `user_agent`, `device_type`, `browser`, `os`, `location`, `is_current`, `last_activity_at`, `logged_in_at`, `logged_out_at`, `status`, `created_at`, `updated_at`) VALUES
(1, 2, '23WXOlgx0KOBdi2hxNIfm25g4293Z76Nga1rSGEV', '223.178.209.173', 'Mozilla/5.0 (Windows NT 10.0; Win64; x64) AppleWebKit/537.36 (KHTML, like Gecko) Chrome/142.0.0.0 Safari/537.36', 'desktop', 'Chrome', 'Windows', NULL, 0, '2025-12-08 19:49:32', '2025-12-08 19:23:36', NULL, 'active', '2025-12-08 19:23:36', '2025-12-08 20:24:30'),
(2, 2, '2Vzz0rEt01A0fupOy7rs6ouAa5FJwvyiFHGTyNmG', '223.178.209.173', 'Mozilla/5.0 (Windows NT 10.0; Win64; x64) AppleWebKit/537.36 (KHTML, like Gecko) Chrome/142.0.0.0 Safari/537.36', 'desktop', 'Chrome', 'Windows', NULL, 0, '2025-12-08 20:40:35', '2025-12-08 20:24:31', NULL, 'active', '2025-12-08 20:24:31', '2025-12-08 20:54:14'),
(3, 2, 'X7hANt0qo7n5VPMscJ8AgXfNS5vScJdOX4X3LopN', '223.178.209.173', 'Mozilla/5.0 (Windows NT 10.0; Win64; x64) AppleWebKit/537.36 (KHTML, like Gecko) Chrome/142.0.0.0 Safari/537.36', 'desktop', 'Chrome', 'Windows', NULL, 0, '2025-12-08 21:17:01', '2025-12-08 20:54:14', NULL, 'active', '2025-12-08 20:54:14', '2025-12-09 06:51:22'),
(4, 2, 'Gt5zOTHjJNcJxI3Y1L3SBt75XyFIfEZ1DLTAEqlu', '223.181.17.52', 'Mozilla/5.0 (Windows NT 10.0; Win64; x64) AppleWebKit/537.36 (KHTML, like Gecko) Chrome/142.0.0.0 Safari/537.36', 'desktop', 'Chrome', 'Windows', NULL, 0, '2025-12-09 07:01:24', '2025-12-09 06:51:22', NULL, 'active', '2025-12-09 06:51:22', '2025-12-09 12:41:56'),
(5, 2, 'kuoYnCgt33yrkh4ycn1xp89HLl5064X6Nv1sgb7i', '223.181.17.52', 'Mozilla/5.0 (Windows NT 10.0; Win64; x64) AppleWebKit/537.36 (KHTML, like Gecko) Chrome/142.0.0.0 Safari/537.36', 'desktop', 'Chrome', 'Windows', NULL, 1, '2025-12-09 12:42:02', '2025-12-09 12:41:56', NULL, 'active', '2025-12-09 12:41:56', '2025-12-09 12:42:02');

--
-- Dumping data for table `admin_users`
--

INSERT INTO `admin_users` (`id`, `name`, `email`, `email_verified_at`, `password`, `is_active`, `remember_token`, `created_at`, `updated_at`) VALUES
(2, 'Super Admin', 'admin@insocialwise.com', '2025-11-27 17:57:13', '$2y$12$XnYzvwZ3/a6.wIMyOaxaZuMIpLDo2goUlJwkmg1G3pHwDqhJGaJHe', 1, NULL, '2025-11-27 17:57:13', '2025-11-27 17:57:13');

--
-- Dumping data for table `admin_user_role`
--

INSERT INTO `admin_user_role` (`admin_user_id`, `role_id`) VALUES
(2, 1);

--
-- Dumping data for table `analytics`
--

INSERT INTO `analytics` (`id`, `user_uuid`, `platform_page_Id`, `platform`, `analytic_type`, `total_page_followers`, `total_page_impressions`, `total_page_impressions_unique`, `total_page_views`, `page_post_engagements`, `page_actions_post_reactions_like_total`, `week_date`, `createdAt`, `updatedAt`) VALUES
(7958, 'e5266555-8859-4f96-bab0-6596b9736d94', '101865419522213', 'facebook', 'page_daily_follows', 1, NULL, NULL, NULL, NULL, NULL, '2025-07-14T07:00:00+0000', '2025-10-10 11:43:20', '2025-10-10 11:43:20'),
(7959, 'e5266555-8859-4f96-bab0-6596b9736d94', '101865419522213', 'facebook', 'page_impressions', NULL, 2, NULL, NULL, NULL, NULL, '2025-07-14T07:00:00+0000', '2025-10-10 11:43:20', '2025-10-10 11:43:20'),
(7960, 'e5266555-8859-4f96-bab0-6596b9736d94', '101865419522213', 'facebook', 'page_impressions', NULL, 2, NULL, NULL, NULL, NULL, '2025-08-09T07:00:00+0000', '2025-10-10 11:43:20', '2025-10-10 11:43:20'),
(7961, 'e5266555-8859-4f96-bab0-6596b9736d94', '101865419522213', 'facebook', 'page_impressions', NULL, 5, NULL, NULL, NULL, NULL, '2025-08-26T07:00:00+0000', '2025-10-10 11:43:20', '2025-10-10 11:43:20'),
(7962, 'e5266555-8859-4f96-bab0-6596b9736d94', '101865419522213', 'facebook', 'page_impressions', NULL, 9, NULL, NULL, NULL, NULL, '2025-09-02T07:00:00+0000', '2025-10-10 11:43:20', '2025-10-10 11:43:20'),
(7963, 'e5266555-8859-4f96-bab0-6596b9736d94', '101865419522213', 'facebook', 'page_impressions', NULL, 1, NULL, NULL, NULL, NULL, '2025-09-03T07:00:00+0000', '2025-10-10 11:43:20', '2025-10-10 11:43:20'),
(7964, 'e5266555-8859-4f96-bab0-6596b9736d94', '101865419522213', 'facebook', 'page_impressions_unique', NULL, NULL, 1, NULL, NULL, NULL, '2025-07-14T07:00:00+0000', '2025-10-10 11:43:20', '2025-10-10 11:43:20'),
(7965, 'e5266555-8859-4f96-bab0-6596b9736d94', '101865419522213', 'facebook', 'page_impressions_unique', NULL, NULL, 1, NULL, NULL, NULL, '2025-08-09T07:00:00+0000', '2025-10-10 11:43:20', '2025-10-10 11:43:20'),
(7966, 'e5266555-8859-4f96-bab0-6596b9736d94', '101865419522213', 'facebook', 'page_impressions_unique', NULL, NULL, 1, NULL, NULL, NULL, '2025-08-26T07:00:00+0000', '2025-10-10 11:43:20', '2025-10-10 11:43:20'),
(7967, 'e5266555-8859-4f96-bab0-6596b9736d94', '101865419522213', 'facebook', 'page_impressions_unique', NULL, NULL, 2, NULL, NULL, NULL, '2025-09-02T07:00:00+0000', '2025-10-10 11:43:20', '2025-10-10 11:43:20'),
(7968, 'e5266555-8859-4f96-bab0-6596b9736d94', '101865419522213', 'facebook', 'page_impressions_unique', NULL, NULL, 1, NULL, NULL, NULL, '2025-09-03T07:00:00+0000', '2025-10-10 11:43:20', '2025-10-10 11:43:20'),
(7969, 'e5266555-8859-4f96-bab0-6596b9736d94', '101865419522213', 'facebook', 'page_views_total', NULL, NULL, NULL, 3, NULL, NULL, '2025-07-14T07:00:00+0000', '2025-10-10 11:43:20', '2025-10-10 11:43:20'),
(7970, 'e5266555-8859-4f96-bab0-6596b9736d94', '101865419522213', 'facebook', 'page_views_total', NULL, NULL, NULL, 3, NULL, NULL, '2025-08-09T07:00:00+0000', '2025-10-10 11:43:20', '2025-10-10 11:43:20'),
(7971, 'e5266555-8859-4f96-bab0-6596b9736d94', '108458993', 'linkedin', 'page_daily_follows', 1, NULL, NULL, NULL, NULL, NULL, '2025-09-03T00:00:00.000Z', '2025-10-10 11:44:08', '2025-10-10 11:44:08'),
(7972, 'e5266555-8859-4f96-bab0-6596b9736d94', '108458993', 'linkedin', 'page_daily_follows', 1, NULL, NULL, NULL, NULL, NULL, '2025-10-04T00:00:00.000Z', '2025-10-10 11:44:08', '2025-10-10 11:44:08'),
(7973, 'e5266555-8859-4f96-bab0-6596b9736d94', '75609893', 'linkedin', 'page_daily_follows', 1, NULL, NULL, NULL, NULL, NULL, '2025-07-16T00:00:00.000Z', '2025-10-10 11:44:09', '2025-10-10 11:44:09'),
(7974, 'e5266555-8859-4f96-bab0-6596b9736d94', '75609893', 'linkedin', 'page_daily_follows', -1, NULL, NULL, NULL, NULL, NULL, '2025-07-18T00:00:00.000Z', '2025-10-10 11:44:09', '2025-10-10 11:44:09'),
(7975, 'e5266555-8859-4f96-bab0-6596b9736d94', '75609893', 'linkedin', 'page_daily_follows', 1, NULL, NULL, NULL, NULL, NULL, '2025-07-26T00:00:00.000Z', '2025-10-10 11:44:09', '2025-10-10 11:44:09'),
(7976, 'e5266555-8859-4f96-bab0-6596b9736d94', '75609893', 'linkedin', 'page_daily_follows', 1, NULL, NULL, NULL, NULL, NULL, '2025-08-31T00:00:00.000Z', '2025-10-10 11:44:09', '2025-10-10 11:44:09'),
(7977, 'e5266555-8859-4f96-bab0-6596b9736d94', '75609893', 'linkedin', 'page_daily_follows', -1, NULL, NULL, NULL, NULL, NULL, '2025-09-11T00:00:00.000Z', '2025-10-10 11:44:09', '2025-10-10 11:44:09'),
(7978, 'e5266555-8859-4f96-bab0-6596b9736d94', '75609893', 'linkedin', 'page_impressions', NULL, 1, NULL, NULL, NULL, NULL, '2025-07-12T00:00:00.000Z', '2025-10-10 11:44:10', '2025-10-10 11:44:10'),
(7979, 'e5266555-8859-4f96-bab0-6596b9736d94', '75609893', 'linkedin', 'page_impressions', NULL, 14, NULL, NULL, NULL, NULL, '2025-07-16T00:00:00.000Z', '2025-10-10 11:44:10', '2025-10-10 11:44:10'),
(7980, 'e5266555-8859-4f96-bab0-6596b9736d94', '75609893', 'linkedin', 'page_impressions', NULL, 1, NULL, NULL, NULL, NULL, '2025-07-17T00:00:00.000Z', '2025-10-10 11:44:10', '2025-10-10 11:44:10'),
(7981, 'e5266555-8859-4f96-bab0-6596b9736d94', '75609893', 'linkedin', 'page_impressions', NULL, 2, NULL, NULL, NULL, NULL, '2025-07-19T00:00:00.000Z', '2025-10-10 11:44:10', '2025-10-10 11:44:10'),
(7982, 'e5266555-8859-4f96-bab0-6596b9736d94', '75609893', 'linkedin', 'page_impressions', NULL, 1, NULL, NULL, NULL, NULL, '2025-07-23T00:00:00.000Z', '2025-10-10 11:44:10', '2025-10-10 11:44:10'),
(7983, 'e5266555-8859-4f96-bab0-6596b9736d94', '75609893', 'linkedin', 'page_impressions', NULL, 10, NULL, NULL, NULL, NULL, '2025-07-25T00:00:00.000Z', '2025-10-10 11:44:10', '2025-10-10 11:44:10'),
(7984, 'e5266555-8859-4f96-bab0-6596b9736d94', '75609893', 'linkedin', 'page_impressions', NULL, 2, NULL, NULL, NULL, NULL, '2025-07-29T00:00:00.000Z', '2025-10-10 11:44:10', '2025-10-10 11:44:10'),
(7985, 'e5266555-8859-4f96-bab0-6596b9736d94', '75609893', 'linkedin', 'page_impressions', NULL, 24, NULL, NULL, NULL, NULL, '2025-08-05T00:00:00.000Z', '2025-10-10 11:44:10', '2025-10-10 11:44:10'),
(7986, 'e5266555-8859-4f96-bab0-6596b9736d94', '75609893', 'linkedin', 'page_impressions', NULL, 1, NULL, NULL, NULL, NULL, '2025-08-13T00:00:00.000Z', '2025-10-10 11:44:10', '2025-10-10 11:44:10'),
(7987, 'e5266555-8859-4f96-bab0-6596b9736d94', '75609893', 'linkedin', 'page_impressions', NULL, 7, NULL, NULL, NULL, NULL, '2025-08-15T00:00:00.000Z', '2025-10-10 11:44:10', '2025-10-10 11:44:10'),
(7988, 'e5266555-8859-4f96-bab0-6596b9736d94', '75609893', 'linkedin', 'page_impressions', NULL, 8, NULL, NULL, NULL, NULL, '2025-08-16T00:00:00.000Z', '2025-10-10 11:44:10', '2025-10-10 11:44:10'),
(7989, 'e5266555-8859-4f96-bab0-6596b9736d94', '75609893', 'linkedin', 'page_impressions', NULL, 40, NULL, NULL, NULL, NULL, '2025-08-17T00:00:00.000Z', '2025-10-10 11:44:10', '2025-10-10 11:44:10'),
(7990, 'e5266555-8859-4f96-bab0-6596b9736d94', '75609893', 'linkedin', 'page_impressions', NULL, 22, NULL, NULL, NULL, NULL, '2025-08-18T00:00:00.000Z', '2025-10-10 11:44:10', '2025-10-10 11:44:10'),
(7991, 'e5266555-8859-4f96-bab0-6596b9736d94', '75609893', 'linkedin', 'page_impressions', NULL, 8, NULL, NULL, NULL, NULL, '2025-08-19T00:00:00.000Z', '2025-10-10 11:44:10', '2025-10-10 11:44:10'),
(7992, 'e5266555-8859-4f96-bab0-6596b9736d94', '75609893', 'linkedin', 'page_impressions', NULL, 5, NULL, NULL, NULL, NULL, '2025-08-20T00:00:00.000Z', '2025-10-10 11:44:10', '2025-10-10 11:44:10'),
(7993, 'e5266555-8859-4f96-bab0-6596b9736d94', '75609893', 'linkedin', 'page_impressions', NULL, 3, NULL, NULL, NULL, NULL, '2025-08-21T00:00:00.000Z', '2025-10-10 11:44:10', '2025-10-10 11:44:10'),
(7994, 'e5266555-8859-4f96-bab0-6596b9736d94', '75609893', 'linkedin', 'page_impressions', NULL, 1, NULL, NULL, NULL, NULL, '2025-08-23T00:00:00.000Z', '2025-10-10 11:44:10', '2025-10-10 11:44:10'),
(7995, 'e5266555-8859-4f96-bab0-6596b9736d94', '75609893', 'linkedin', 'page_impressions', NULL, 1, NULL, NULL, NULL, NULL, '2025-08-24T00:00:00.000Z', '2025-10-10 11:44:10', '2025-10-10 11:44:10'),
(7996, 'e5266555-8859-4f96-bab0-6596b9736d94', '75609893', 'linkedin', 'page_impressions', NULL, 6, NULL, NULL, NULL, NULL, '2025-08-26T00:00:00.000Z', '2025-10-10 11:44:10', '2025-10-10 11:44:10'),
(7997, 'e5266555-8859-4f96-bab0-6596b9736d94', '75609893', 'linkedin', 'page_impressions', NULL, 4, NULL, NULL, NULL, NULL, '2025-08-27T00:00:00.000Z', '2025-10-10 11:44:10', '2025-10-10 11:44:10'),
(7998, 'e5266555-8859-4f96-bab0-6596b9736d94', '75609893', 'linkedin', 'page_impressions', NULL, 1, NULL, NULL, NULL, NULL, '2025-08-28T00:00:00.000Z', '2025-10-10 11:44:10', '2025-10-10 11:44:10'),
(7999, 'e5266555-8859-4f96-bab0-6596b9736d94', '75609893', 'linkedin', 'page_impressions', NULL, 34, NULL, NULL, NULL, NULL, '2025-08-30T00:00:00.000Z', '2025-10-10 11:44:10', '2025-10-10 11:44:10'),
(8000, 'e5266555-8859-4f96-bab0-6596b9736d94', '75609893', 'linkedin', 'page_impressions', NULL, 3, NULL, NULL, NULL, NULL, '2025-08-31T00:00:00.000Z', '2025-10-10 11:44:10', '2025-10-10 11:44:10'),
(8001, 'e5266555-8859-4f96-bab0-6596b9736d94', '75609893', 'linkedin', 'page_impressions', NULL, 2, NULL, NULL, NULL, NULL, '2025-09-01T00:00:00.000Z', '2025-10-10 11:44:10', '2025-10-10 11:44:10'),
(8002, 'e5266555-8859-4f96-bab0-6596b9736d94', '75609893', 'linkedin', 'page_impressions', NULL, 10, NULL, NULL, NULL, NULL, '2025-09-02T00:00:00.000Z', '2025-10-10 11:44:10', '2025-10-10 11:44:10'),
(8003, 'e5266555-8859-4f96-bab0-6596b9736d94', '75609893', 'linkedin', 'page_impressions', NULL, 12, NULL, NULL, NULL, NULL, '2025-09-03T00:00:00.000Z', '2025-10-10 11:44:10', '2025-10-10 11:44:10'),
(8004, 'e5266555-8859-4f96-bab0-6596b9736d94', '75609893', 'linkedin', 'page_impressions', NULL, 8, NULL, NULL, NULL, NULL, '2025-09-05T00:00:00.000Z', '2025-10-10 11:44:10', '2025-10-10 11:44:10'),
(8005, 'e5266555-8859-4f96-bab0-6596b9736d94', '75609893', 'linkedin', 'page_impressions', NULL, 1, NULL, NULL, NULL, NULL, '2025-09-06T00:00:00.000Z', '2025-10-10 11:44:10', '2025-10-10 11:44:10'),
(8006, 'e5266555-8859-4f96-bab0-6596b9736d94', '75609893', 'linkedin', 'page_impressions', NULL, 1, NULL, NULL, NULL, NULL, '2025-09-07T00:00:00.000Z', '2025-10-10 11:44:10', '2025-10-10 11:44:10'),
(8007, 'e5266555-8859-4f96-bab0-6596b9736d94', '75609893', 'linkedin', 'page_impressions', NULL, 2, NULL, NULL, NULL, NULL, '2025-09-08T00:00:00.000Z', '2025-10-10 11:44:10', '2025-10-10 11:44:10'),
(8008, 'e5266555-8859-4f96-bab0-6596b9736d94', '75609893', 'linkedin', 'page_impressions', NULL, 18, NULL, NULL, NULL, NULL, '2025-09-09T00:00:00.000Z', '2025-10-10 11:44:10', '2025-10-10 11:44:10'),
(8009, 'e5266555-8859-4f96-bab0-6596b9736d94', '75609893', 'linkedin', 'page_impressions', NULL, 5, NULL, NULL, NULL, NULL, '2025-09-10T00:00:00.000Z', '2025-10-10 11:44:10', '2025-10-10 11:44:10'),
(8010, 'e5266555-8859-4f96-bab0-6596b9736d94', '75609893', 'linkedin', 'page_impressions', NULL, 2, NULL, NULL, NULL, NULL, '2025-09-11T00:00:00.000Z', '2025-10-10 11:44:10', '2025-10-10 11:44:10'),
(8011, 'e5266555-8859-4f96-bab0-6596b9736d94', '75609893', 'linkedin', 'page_impressions', NULL, 1, NULL, NULL, NULL, NULL, '2025-09-12T00:00:00.000Z', '2025-10-10 11:44:10', '2025-10-10 11:44:10'),
(8012, 'e5266555-8859-4f96-bab0-6596b9736d94', '75609893', 'linkedin', 'page_impressions', NULL, 2, NULL, NULL, NULL, NULL, '2025-09-15T00:00:00.000Z', '2025-10-10 11:44:10', '2025-10-10 11:44:10'),
(8013, 'e5266555-8859-4f96-bab0-6596b9736d94', '75609893', 'linkedin', 'page_impressions', NULL, 1, NULL, NULL, NULL, NULL, '2025-09-18T00:00:00.000Z', '2025-10-10 11:44:10', '2025-10-10 11:44:10'),
(8014, 'e5266555-8859-4f96-bab0-6596b9736d94', '75609893', 'linkedin', 'page_impressions', NULL, 14, NULL, NULL, NULL, NULL, '2025-09-19T00:00:00.000Z', '2025-10-10 11:44:10', '2025-10-10 11:44:10'),
(8015, 'e5266555-8859-4f96-bab0-6596b9736d94', '75609893', 'linkedin', 'page_impressions', NULL, 2, NULL, NULL, NULL, NULL, '2025-09-21T00:00:00.000Z', '2025-10-10 11:44:10', '2025-10-10 11:44:10'),
(8016, 'e5266555-8859-4f96-bab0-6596b9736d94', '75609893', 'linkedin', 'page_impressions', NULL, 1, NULL, NULL, NULL, NULL, '2025-09-22T00:00:00.000Z', '2025-10-10 11:44:10', '2025-10-10 11:44:10'),
(8017, 'e5266555-8859-4f96-bab0-6596b9736d94', '75609893', 'linkedin', 'page_impressions', NULL, 27, NULL, NULL, NULL, NULL, '2025-09-23T00:00:00.000Z', '2025-10-10 11:44:10', '2025-10-10 11:44:10'),
(8018, 'e5266555-8859-4f96-bab0-6596b9736d94', '75609893', 'linkedin', 'page_impressions', NULL, 51, NULL, NULL, NULL, NULL, '2025-09-24T00:00:00.000Z', '2025-10-10 11:44:10', '2025-10-10 11:44:10'),
(8019, 'e5266555-8859-4f96-bab0-6596b9736d94', '75609893', 'linkedin', 'page_impressions', NULL, 41, NULL, NULL, NULL, NULL, '2025-09-25T00:00:00.000Z', '2025-10-10 11:44:10', '2025-10-10 11:44:10'),
(8020, 'e5266555-8859-4f96-bab0-6596b9736d94', '75609893', 'linkedin', 'page_impressions', NULL, 109, NULL, NULL, NULL, NULL, '2025-09-26T00:00:00.000Z', '2025-10-10 11:44:10', '2025-10-10 11:44:10'),
(8021, 'e5266555-8859-4f96-bab0-6596b9736d94', '75609893', 'linkedin', 'page_impressions', NULL, 153, NULL, NULL, NULL, NULL, '2025-09-27T00:00:00.000Z', '2025-10-10 11:44:10', '2025-10-10 11:44:10'),
(8022, 'e5266555-8859-4f96-bab0-6596b9736d94', '75609893', 'linkedin', 'page_impressions', NULL, 16, NULL, NULL, NULL, NULL, '2025-09-28T00:00:00.000Z', '2025-10-10 11:44:10', '2025-10-10 11:44:10'),
(8023, 'e5266555-8859-4f96-bab0-6596b9736d94', '75609893', 'linkedin', 'page_impressions', NULL, 44, NULL, NULL, NULL, NULL, '2025-09-29T00:00:00.000Z', '2025-10-10 11:44:10', '2025-10-10 11:44:10'),
(8024, 'e5266555-8859-4f96-bab0-6596b9736d94', '75609893', 'linkedin', 'page_impressions', NULL, 29, NULL, NULL, NULL, NULL, '2025-09-30T00:00:00.000Z', '2025-10-10 11:44:10', '2025-10-10 11:44:10'),
(8025, 'e5266555-8859-4f96-bab0-6596b9736d94', '75609893', 'linkedin', 'page_impressions', NULL, 44, NULL, NULL, NULL, NULL, '2025-10-01T00:00:00.000Z', '2025-10-10 11:44:10', '2025-10-10 11:44:10'),
(8026, 'e5266555-8859-4f96-bab0-6596b9736d94', '75609893', 'linkedin', 'page_impressions', NULL, 115, NULL, NULL, NULL, NULL, '2025-10-02T00:00:00.000Z', '2025-10-10 11:44:10', '2025-10-10 11:44:10'),
(8027, 'e5266555-8859-4f96-bab0-6596b9736d94', '75609893', 'linkedin', 'page_impressions', NULL, 22, NULL, NULL, NULL, NULL, '2025-10-03T00:00:00.000Z', '2025-10-10 11:44:10', '2025-10-10 11:44:10'),
(8028, 'e5266555-8859-4f96-bab0-6596b9736d94', '75609893', 'linkedin', 'page_impressions', NULL, 43, NULL, NULL, NULL, NULL, '2025-10-04T00:00:00.000Z', '2025-10-10 11:44:10', '2025-10-10 11:44:10'),
(8029, 'e5266555-8859-4f96-bab0-6596b9736d94', '75609893', 'linkedin', 'page_impressions', NULL, 2, NULL, NULL, NULL, NULL, '2025-10-05T00:00:00.000Z', '2025-10-10 11:44:10', '2025-10-10 11:44:10'),
(8030, 'e5266555-8859-4f96-bab0-6596b9736d94', '75609893', 'linkedin', 'page_impressions', NULL, 2, NULL, NULL, NULL, NULL, '2025-10-06T00:00:00.000Z', '2025-10-10 11:44:10', '2025-10-10 11:44:10'),
(8031, 'e5266555-8859-4f96-bab0-6596b9736d94', '75609893', 'linkedin', 'page_impressions', NULL, 80, NULL, NULL, NULL, NULL, '2025-10-07T00:00:00.000Z', '2025-10-10 11:44:10', '2025-10-10 11:44:10'),
(8032, 'e5266555-8859-4f96-bab0-6596b9736d94', '75609893', 'linkedin', 'page_impressions', NULL, 7, NULL, NULL, NULL, NULL, '2025-10-08T00:00:00.000Z', '2025-10-10 11:44:10', '2025-10-10 11:44:10'),
(8033, 'e5266555-8859-4f96-bab0-6596b9736d94', '75609893', 'linkedin', 'page_impressions', NULL, 31, NULL, NULL, NULL, NULL, '2025-10-09T00:00:00.000Z', '2025-10-10 11:44:10', '2025-10-10 11:44:10'),
(8034, 'e5266555-8859-4f96-bab0-6596b9736d94', '108458993', 'linkedin', 'page_views_total', NULL, NULL, NULL, 3, NULL, NULL, '2025-09-03T00:00:00.000Z', '2025-10-10 11:44:11', '2025-10-10 11:44:11'),
(8035, 'e5266555-8859-4f96-bab0-6596b9736d94', '108458993', 'linkedin', 'page_views_total', NULL, NULL, NULL, 1, NULL, NULL, '2025-09-05T00:00:00.000Z', '2025-10-10 11:44:11', '2025-10-10 11:44:11'),
(8036, 'e5266555-8859-4f96-bab0-6596b9736d94', '108458993', 'linkedin', 'page_views_total', NULL, NULL, NULL, 1, NULL, NULL, '2025-09-11T00:00:00.000Z', '2025-10-10 11:44:11', '2025-10-10 11:44:11'),
(8037, 'e5266555-8859-4f96-bab0-6596b9736d94', '108458993', 'linkedin', 'page_views_total', NULL, NULL, NULL, 2, NULL, NULL, '2025-10-04T00:00:00.000Z', '2025-10-10 11:44:11', '2025-10-10 11:44:11'),
(8038, 'e5266555-8859-4f96-bab0-6596b9736d94', '75609893', 'linkedin', 'page_impressions_unique', NULL, NULL, 1, NULL, NULL, NULL, '2025-07-12T00:00:00.000Z', '2025-10-10 11:44:11', '2025-10-10 11:44:11'),
(8039, 'e5266555-8859-4f96-bab0-6596b9736d94', '75609893', 'linkedin', 'page_impressions_unique', NULL, NULL, 1, NULL, NULL, NULL, '2025-07-16T00:00:00.000Z', '2025-10-10 11:44:11', '2025-10-10 11:44:11'),
(8040, 'e5266555-8859-4f96-bab0-6596b9736d94', '75609893', 'linkedin', 'page_impressions_unique', NULL, NULL, 1, NULL, NULL, NULL, '2025-07-17T00:00:00.000Z', '2025-10-10 11:44:11', '2025-10-10 11:44:11'),
(8041, 'e5266555-8859-4f96-bab0-6596b9736d94', '75609893', 'linkedin', 'page_impressions_unique', NULL, NULL, 2, NULL, NULL, NULL, '2025-07-19T00:00:00.000Z', '2025-10-10 11:44:11', '2025-10-10 11:44:11'),
(8042, 'e5266555-8859-4f96-bab0-6596b9736d94', '75609893', 'linkedin', 'page_impressions_unique', NULL, NULL, 1, NULL, NULL, NULL, '2025-07-23T00:00:00.000Z', '2025-10-10 11:44:11', '2025-10-10 11:44:11'),
(8043, 'e5266555-8859-4f96-bab0-6596b9736d94', '75609893', 'linkedin', 'page_impressions_unique', NULL, NULL, 2, NULL, NULL, NULL, '2025-07-25T00:00:00.000Z', '2025-10-10 11:44:11', '2025-10-10 11:44:11'),
(8044, 'e5266555-8859-4f96-bab0-6596b9736d94', '75609893', 'linkedin', 'page_impressions_unique', NULL, NULL, 1, NULL, NULL, NULL, '2025-07-29T00:00:00.000Z', '2025-10-10 11:44:11', '2025-10-10 11:44:11'),
(8045, 'e5266555-8859-4f96-bab0-6596b9736d94', '75609893', 'linkedin', 'page_impressions_unique', NULL, NULL, 2, NULL, NULL, NULL, '2025-08-05T00:00:00.000Z', '2025-10-10 11:44:11', '2025-10-10 11:44:11'),
(8046, 'e5266555-8859-4f96-bab0-6596b9736d94', '75609893', 'linkedin', 'page_impressions_unique', NULL, NULL, 1, NULL, NULL, NULL, '2025-08-13T00:00:00.000Z', '2025-10-10 11:44:11', '2025-10-10 11:44:11'),
(8047, 'e5266555-8859-4f96-bab0-6596b9736d94', '75609893', 'linkedin', 'page_impressions_unique', NULL, NULL, 1, NULL, NULL, NULL, '2025-08-15T00:00:00.000Z', '2025-10-10 11:44:11', '2025-10-10 11:44:11'),
(8048, 'e5266555-8859-4f96-bab0-6596b9736d94', '75609893', 'linkedin', 'page_impressions_unique', NULL, NULL, 5, NULL, NULL, NULL, '2025-08-16T00:00:00.000Z', '2025-10-10 11:44:11', '2025-10-10 11:44:11'),
(8049, 'e5266555-8859-4f96-bab0-6596b9736d94', '75609893', 'linkedin', 'page_impressions_unique', NULL, NULL, 7, NULL, NULL, NULL, '2025-08-17T00:00:00.000Z', '2025-10-10 11:44:11', '2025-10-10 11:44:11'),
(8050, 'e5266555-8859-4f96-bab0-6596b9736d94', '75609893', 'linkedin', 'page_impressions_unique', NULL, NULL, 3, NULL, NULL, NULL, '2025-08-18T00:00:00.000Z', '2025-10-10 11:44:11', '2025-10-10 11:44:11'),
(8051, 'e5266555-8859-4f96-bab0-6596b9736d94', '75609893', 'linkedin', 'page_impressions_unique', NULL, NULL, 2, NULL, NULL, NULL, '2025-08-19T00:00:00.000Z', '2025-10-10 11:44:11', '2025-10-10 11:44:11'),
(8052, 'e5266555-8859-4f96-bab0-6596b9736d94', '75609893', 'linkedin', 'page_impressions_unique', NULL, NULL, 2, NULL, NULL, NULL, '2025-08-20T00:00:00.000Z', '2025-10-10 11:44:11', '2025-10-10 11:44:11'),
(8053, 'e5266555-8859-4f96-bab0-6596b9736d94', '75609893', 'linkedin', 'page_impressions_unique', NULL, NULL, 1, NULL, NULL, NULL, '2025-08-21T00:00:00.000Z', '2025-10-10 11:44:11', '2025-10-10 11:44:11'),
(8054, 'e5266555-8859-4f96-bab0-6596b9736d94', '75609893', 'linkedin', 'page_impressions_unique', NULL, NULL, 1, NULL, NULL, NULL, '2025-08-23T00:00:00.000Z', '2025-10-10 11:44:11', '2025-10-10 11:44:11'),
(8055, 'e5266555-8859-4f96-bab0-6596b9736d94', '75609893', 'linkedin', 'page_impressions_unique', NULL, NULL, 1, NULL, NULL, NULL, '2025-08-24T00:00:00.000Z', '2025-10-10 11:44:11', '2025-10-10 11:44:11'),
(8056, 'e5266555-8859-4f96-bab0-6596b9736d94', '75609893', 'linkedin', 'page_impressions_unique', NULL, NULL, 2, NULL, NULL, NULL, '2025-08-26T00:00:00.000Z', '2025-10-10 11:44:11', '2025-10-10 11:44:11'),
(8057, 'e5266555-8859-4f96-bab0-6596b9736d94', '75609893', 'linkedin', 'page_impressions_unique', NULL, NULL, 3, NULL, NULL, NULL, '2025-08-27T00:00:00.000Z', '2025-10-10 11:44:11', '2025-10-10 11:44:11'),
(8058, 'e5266555-8859-4f96-bab0-6596b9736d94', '75609893', 'linkedin', 'page_impressions_unique', NULL, NULL, 1, NULL, NULL, NULL, '2025-08-28T00:00:00.000Z', '2025-10-10 11:44:11', '2025-10-10 11:44:11'),
(8059, 'e5266555-8859-4f96-bab0-6596b9736d94', '75609893', 'linkedin', 'page_impressions_unique', NULL, NULL, 5, NULL, NULL, NULL, '2025-08-30T00:00:00.000Z', '2025-10-10 11:44:11', '2025-10-10 11:44:11'),
(8060, 'e5266555-8859-4f96-bab0-6596b9736d94', '75609893', 'linkedin', 'page_impressions_unique', NULL, NULL, 3, NULL, NULL, NULL, '2025-08-31T00:00:00.000Z', '2025-10-10 11:44:11', '2025-10-10 11:44:11'),
(8061, 'e5266555-8859-4f96-bab0-6596b9736d94', '75609893', 'linkedin', 'page_impressions_unique', NULL, NULL, 2, NULL, NULL, NULL, '2025-09-01T00:00:00.000Z', '2025-10-10 11:44:11', '2025-10-10 11:44:11'),
(8062, 'e5266555-8859-4f96-bab0-6596b9736d94', '75609893', 'linkedin', 'page_impressions_unique', NULL, NULL, 3, NULL, NULL, NULL, '2025-09-02T00:00:00.000Z', '2025-10-10 11:44:11', '2025-10-10 11:44:11'),
(8063, 'e5266555-8859-4f96-bab0-6596b9736d94', '75609893', 'linkedin', 'page_impressions_unique', NULL, NULL, 1, NULL, NULL, NULL, '2025-09-03T00:00:00.000Z', '2025-10-10 11:44:11', '2025-10-10 11:44:11'),
(8064, 'e5266555-8859-4f96-bab0-6596b9736d94', '75609893', 'linkedin', 'page_impressions_unique', NULL, NULL, 2, NULL, NULL, NULL, '2025-09-05T00:00:00.000Z', '2025-10-10 11:44:11', '2025-10-10 11:44:11'),
(8065, 'e5266555-8859-4f96-bab0-6596b9736d94', '75609893', 'linkedin', 'page_impressions_unique', NULL, NULL, 1, NULL, NULL, NULL, '2025-09-06T00:00:00.000Z', '2025-10-10 11:44:11', '2025-10-10 11:44:11'),
(8066, 'e5266555-8859-4f96-bab0-6596b9736d94', '75609893', 'linkedin', 'page_impressions_unique', NULL, NULL, 1, NULL, NULL, NULL, '2025-09-07T00:00:00.000Z', '2025-10-10 11:44:11', '2025-10-10 11:44:11'),
(8067, 'e5266555-8859-4f96-bab0-6596b9736d94', '75609893', 'linkedin', 'page_impressions_unique', NULL, NULL, 2, NULL, NULL, NULL, '2025-09-08T00:00:00.000Z', '2025-10-10 11:44:11', '2025-10-10 11:44:11'),
(8068, 'e5266555-8859-4f96-bab0-6596b9736d94', '75609893', 'linkedin', 'page_impressions_unique', NULL, NULL, 2, NULL, NULL, NULL, '2025-09-09T00:00:00.000Z', '2025-10-10 11:44:11', '2025-10-10 11:44:11'),
(8069, 'e5266555-8859-4f96-bab0-6596b9736d94', '75609893', 'linkedin', 'page_impressions_unique', NULL, NULL, 4, NULL, NULL, NULL, '2025-09-10T00:00:00.000Z', '2025-10-10 11:44:11', '2025-10-10 11:44:11'),
(8070, 'e5266555-8859-4f96-bab0-6596b9736d94', '75609893', 'linkedin', 'page_impressions_unique', NULL, NULL, 2, NULL, NULL, NULL, '2025-09-11T00:00:00.000Z', '2025-10-10 11:44:11', '2025-10-10 11:44:11'),
(8071, 'e5266555-8859-4f96-bab0-6596b9736d94', '75609893', 'linkedin', 'page_impressions_unique', NULL, NULL, 1, NULL, NULL, NULL, '2025-09-12T00:00:00.000Z', '2025-10-10 11:44:11', '2025-10-10 11:44:11'),
(8072, 'e5266555-8859-4f96-bab0-6596b9736d94', '75609893', 'linkedin', 'page_impressions_unique', NULL, NULL, 1, NULL, NULL, NULL, '2025-09-15T00:00:00.000Z', '2025-10-10 11:44:11', '2025-10-10 11:44:11'),
(8073, 'e5266555-8859-4f96-bab0-6596b9736d94', '75609893', 'linkedin', 'page_impressions_unique', NULL, NULL, 1, NULL, NULL, NULL, '2025-09-18T00:00:00.000Z', '2025-10-10 11:44:11', '2025-10-10 11:44:11'),
(8074, 'e5266555-8859-4f96-bab0-6596b9736d94', '75609893', 'linkedin', 'page_impressions_unique', NULL, NULL, 4, NULL, NULL, NULL, '2025-09-19T00:00:00.000Z', '2025-10-10 11:44:11', '2025-10-10 11:44:11'),
(8075, 'e5266555-8859-4f96-bab0-6596b9736d94', '75609893', 'linkedin', 'page_impressions_unique', NULL, NULL, 2, NULL, NULL, NULL, '2025-09-21T00:00:00.000Z', '2025-10-10 11:44:11', '2025-10-10 11:44:11'),
(8076, 'e5266555-8859-4f96-bab0-6596b9736d94', '75609893', 'linkedin', 'page_impressions_unique', NULL, NULL, 1, NULL, NULL, NULL, '2025-09-22T00:00:00.000Z', '2025-10-10 11:44:11', '2025-10-10 11:44:11'),
(8077, 'e5266555-8859-4f96-bab0-6596b9736d94', '75609893', 'linkedin', 'page_impressions_unique', NULL, NULL, 7, NULL, NULL, NULL, '2025-09-23T00:00:00.000Z', '2025-10-10 11:44:11', '2025-10-10 11:44:11'),
(8078, 'e5266555-8859-4f96-bab0-6596b9736d94', '75609893', 'linkedin', 'page_impressions_unique', NULL, NULL, 10, NULL, NULL, NULL, '2025-09-24T00:00:00.000Z', '2025-10-10 11:44:11', '2025-10-10 11:44:11'),
(8079, 'e5266555-8859-4f96-bab0-6596b9736d94', '75609893', 'linkedin', 'page_impressions_unique', NULL, NULL, 6, NULL, NULL, NULL, '2025-09-25T00:00:00.000Z', '2025-10-10 11:44:11', '2025-10-10 11:44:11'),
(8080, 'e5266555-8859-4f96-bab0-6596b9736d94', '75609893', 'linkedin', 'page_impressions_unique', NULL, NULL, 11, NULL, NULL, NULL, '2025-09-26T00:00:00.000Z', '2025-10-10 11:44:11', '2025-10-10 11:44:11'),
(8081, 'e5266555-8859-4f96-bab0-6596b9736d94', '75609893', 'linkedin', 'page_impressions_unique', NULL, NULL, 9, NULL, NULL, NULL, '2025-09-27T00:00:00.000Z', '2025-10-10 11:44:11', '2025-10-10 11:44:11'),
(8082, 'e5266555-8859-4f96-bab0-6596b9736d94', '75609893', 'linkedin', 'page_impressions_unique', NULL, NULL, 6, NULL, NULL, NULL, '2025-09-28T00:00:00.000Z', '2025-10-10 11:44:11', '2025-10-10 11:44:11'),
(8083, 'e5266555-8859-4f96-bab0-6596b9736d94', '75609893', 'linkedin', 'page_impressions_unique', NULL, NULL, 10, NULL, NULL, NULL, '2025-09-29T00:00:00.000Z', '2025-10-10 11:44:11', '2025-10-10 11:44:11'),
(8084, 'e5266555-8859-4f96-bab0-6596b9736d94', '75609893', 'linkedin', 'page_impressions_unique', NULL, NULL, 4, NULL, NULL, NULL, '2025-09-30T00:00:00.000Z', '2025-10-10 11:44:11', '2025-10-10 11:44:11'),
(8085, 'e5266555-8859-4f96-bab0-6596b9736d94', '75609893', 'linkedin', 'page_impressions_unique', NULL, NULL, 11, NULL, NULL, NULL, '2025-10-01T00:00:00.000Z', '2025-10-10 11:44:11', '2025-10-10 11:44:11'),
(8086, 'e5266555-8859-4f96-bab0-6596b9736d94', '75609893', 'linkedin', 'page_impressions_unique', NULL, NULL, 13, NULL, NULL, NULL, '2025-10-02T00:00:00.000Z', '2025-10-10 11:44:11', '2025-10-10 11:44:11'),
(8087, 'e5266555-8859-4f96-bab0-6596b9736d94', '75609893', 'linkedin', 'page_impressions_unique', NULL, NULL, 12, NULL, NULL, NULL, '2025-10-03T00:00:00.000Z', '2025-10-10 11:44:11', '2025-10-10 11:44:11'),
(8088, 'e5266555-8859-4f96-bab0-6596b9736d94', '75609893', 'linkedin', 'page_impressions_unique', NULL, NULL, 7, NULL, NULL, NULL, '2025-10-04T00:00:00.000Z', '2025-10-10 11:44:11', '2025-10-10 11:44:11'),
(8089, 'e5266555-8859-4f96-bab0-6596b9736d94', '75609893', 'linkedin', 'page_impressions_unique', NULL, NULL, 1, NULL, NULL, NULL, '2025-10-05T00:00:00.000Z', '2025-10-10 11:44:11', '2025-10-10 11:44:11'),
(8090, 'e5266555-8859-4f96-bab0-6596b9736d94', '75609893', 'linkedin', 'page_impressions_unique', NULL, NULL, 2, NULL, NULL, NULL, '2025-10-06T00:00:00.000Z', '2025-10-10 11:44:11', '2025-10-10 11:44:11'),
(8091, 'e5266555-8859-4f96-bab0-6596b9736d94', '75609893', 'linkedin', 'page_impressions_unique', NULL, NULL, 3, NULL, NULL, NULL, '2025-10-07T00:00:00.000Z', '2025-10-10 11:44:11', '2025-10-10 11:44:11'),
(8092, 'e5266555-8859-4f96-bab0-6596b9736d94', '75609893', 'linkedin', 'page_impressions_unique', NULL, NULL, 2, NULL, NULL, NULL, '2025-10-08T00:00:00.000Z', '2025-10-10 11:44:11', '2025-10-10 11:44:11'),
(8093, 'e5266555-8859-4f96-bab0-6596b9736d94', '75609893', 'linkedin', 'page_impressions_unique', NULL, NULL, 4, NULL, NULL, NULL, '2025-10-09T00:00:00.000Z', '2025-10-10 11:44:11', '2025-10-10 11:44:11'),
(8094, 'e5266555-8859-4f96-bab0-6596b9736d94', '75609893', 'linkedin', 'page_views_total', NULL, NULL, NULL, 2, NULL, NULL, '2025-07-16T00:00:00.000Z', '2025-10-10 11:44:12', '2025-10-10 11:44:12'),
(8095, 'e5266555-8859-4f96-bab0-6596b9736d94', '75609893', 'linkedin', 'page_views_total', NULL, NULL, NULL, 2, NULL, NULL, '2025-07-18T00:00:00.000Z', '2025-10-10 11:44:12', '2025-10-10 11:44:12'),
(8096, 'e5266555-8859-4f96-bab0-6596b9736d94', '75609893', 'linkedin', 'page_views_total', NULL, NULL, NULL, 1, NULL, NULL, '2025-07-19T00:00:00.000Z', '2025-10-10 11:44:12', '2025-10-10 11:44:12'),
(8097, 'e5266555-8859-4f96-bab0-6596b9736d94', '75609893', 'linkedin', 'page_views_total', NULL, NULL, NULL, 1, NULL, NULL, '2025-07-23T00:00:00.000Z', '2025-10-10 11:44:12', '2025-10-10 11:44:12'),
(8098, 'e5266555-8859-4f96-bab0-6596b9736d94', '75609893', 'linkedin', 'page_views_total', NULL, NULL, NULL, 7, NULL, NULL, '2025-07-25T00:00:00.000Z', '2025-10-10 11:44:12', '2025-10-10 11:44:12'),
(8099, 'e5266555-8859-4f96-bab0-6596b9736d94', '75609893', 'linkedin', 'page_views_total', NULL, NULL, NULL, 3, NULL, NULL, '2025-07-26T00:00:00.000Z', '2025-10-10 11:44:12', '2025-10-10 11:44:12'),
(8100, 'e5266555-8859-4f96-bab0-6596b9736d94', '75609893', 'linkedin', 'page_views_total', NULL, NULL, NULL, 2, NULL, NULL, '2025-07-29T00:00:00.000Z', '2025-10-10 11:44:12', '2025-10-10 11:44:12'),
(8101, 'e5266555-8859-4f96-bab0-6596b9736d94', '75609893', 'linkedin', 'page_views_total', NULL, NULL, NULL, 10, NULL, NULL, '2025-08-05T00:00:00.000Z', '2025-10-10 11:44:12', '2025-10-10 11:44:12'),
(8102, 'e5266555-8859-4f96-bab0-6596b9736d94', '75609893', 'linkedin', 'page_views_total', NULL, NULL, NULL, 1, NULL, NULL, '2025-08-06T00:00:00.000Z', '2025-10-10 11:44:12', '2025-10-10 11:44:12'),
(8103, 'e5266555-8859-4f96-bab0-6596b9736d94', '75609893', 'linkedin', 'page_views_total', NULL, NULL, NULL, 1, NULL, NULL, '2025-08-07T00:00:00.000Z', '2025-10-10 11:44:12', '2025-10-10 11:44:12'),
(8104, 'e5266555-8859-4f96-bab0-6596b9736d94', '75609893', 'linkedin', 'page_views_total', NULL, NULL, NULL, 1, NULL, NULL, '2025-08-12T00:00:00.000Z', '2025-10-10 11:44:12', '2025-10-10 11:44:12'),
(8105, 'e5266555-8859-4f96-bab0-6596b9736d94', '75609893', 'linkedin', 'page_views_total', NULL, NULL, NULL, 1, NULL, NULL, '2025-08-15T00:00:00.000Z', '2025-10-10 11:44:12', '2025-10-10 11:44:12'),
(8106, 'e5266555-8859-4f96-bab0-6596b9736d94', '75609893', 'linkedin', 'page_views_total', NULL, NULL, NULL, 1, NULL, NULL, '2025-08-20T00:00:00.000Z', '2025-10-10 11:44:12', '2025-10-10 11:44:12'),
(8107, 'e5266555-8859-4f96-bab0-6596b9736d94', '75609893', 'linkedin', 'page_views_total', NULL, NULL, NULL, 1, NULL, NULL, '2025-08-22T00:00:00.000Z', '2025-10-10 11:44:12', '2025-10-10 11:44:12'),
(8108, 'e5266555-8859-4f96-bab0-6596b9736d94', '75609893', 'linkedin', 'page_views_total', NULL, NULL, NULL, 3, NULL, NULL, '2025-08-31T00:00:00.000Z', '2025-10-10 11:44:12', '2025-10-10 11:44:12'),
(8109, 'e5266555-8859-4f96-bab0-6596b9736d94', '75609893', 'linkedin', 'page_views_total', NULL, NULL, NULL, 2, NULL, NULL, '2025-09-02T00:00:00.000Z', '2025-10-10 11:44:12', '2025-10-10 11:44:12'),
(8110, 'e5266555-8859-4f96-bab0-6596b9736d94', '75609893', 'linkedin', 'page_views_total', NULL, NULL, NULL, 1, NULL, NULL, '2025-09-04T00:00:00.000Z', '2025-10-10 11:44:12', '2025-10-10 11:44:12'),
(8111, 'e5266555-8859-4f96-bab0-6596b9736d94', '75609893', 'linkedin', 'page_views_total', NULL, NULL, NULL, 1, NULL, NULL, '2025-09-05T00:00:00.000Z', '2025-10-10 11:44:12', '2025-10-10 11:44:12'),
(8112, 'e5266555-8859-4f96-bab0-6596b9736d94', '75609893', 'linkedin', 'page_views_total', NULL, NULL, NULL, 4, NULL, NULL, '2025-09-09T00:00:00.000Z', '2025-10-10 11:44:12', '2025-10-10 11:44:12'),
(8113, 'e5266555-8859-4f96-bab0-6596b9736d94', '75609893', 'linkedin', 'page_views_total', NULL, NULL, NULL, 4, NULL, NULL, '2025-09-11T00:00:00.000Z', '2025-10-10 11:44:12', '2025-10-10 11:44:12'),
(8114, 'e5266555-8859-4f96-bab0-6596b9736d94', '75609893', 'linkedin', 'page_views_total', NULL, NULL, NULL, 4, NULL, NULL, '2025-09-17T00:00:00.000Z', '2025-10-10 11:44:12', '2025-10-10 11:44:12'),
(8115, 'e5266555-8859-4f96-bab0-6596b9736d94', '75609893', 'linkedin', 'page_views_total', NULL, NULL, NULL, 5, NULL, NULL, '2025-09-19T00:00:00.000Z', '2025-10-10 11:44:12', '2025-10-10 11:44:12'),
(8116, 'e5266555-8859-4f96-bab0-6596b9736d94', '75609893', 'linkedin', 'page_views_total', NULL, NULL, NULL, 2, NULL, NULL, '2025-09-25T00:00:00.000Z', '2025-10-10 11:44:12', '2025-10-10 11:44:12'),
(8117, 'e5266555-8859-4f96-bab0-6596b9736d94', '75609893', 'linkedin', 'page_views_total', NULL, NULL, NULL, 7, NULL, NULL, '2025-09-26T00:00:00.000Z', '2025-10-10 11:44:12', '2025-10-10 11:44:12'),
(8118, 'e5266555-8859-4f96-bab0-6596b9736d94', '75609893', 'linkedin', 'page_views_total', NULL, NULL, NULL, 4, NULL, NULL, '2025-09-27T00:00:00.000Z', '2025-10-10 11:44:12', '2025-10-10 11:44:12'),
(8119, 'e5266555-8859-4f96-bab0-6596b9736d94', '75609893', 'linkedin', 'page_views_total', NULL, NULL, NULL, 1, NULL, NULL, '2025-09-28T00:00:00.000Z', '2025-10-10 11:44:12', '2025-10-10 11:44:12'),
(8120, 'e5266555-8859-4f96-bab0-6596b9736d94', '75609893', 'linkedin', 'page_views_total', NULL, NULL, NULL, 4, NULL, NULL, '2025-09-29T00:00:00.000Z', '2025-10-10 11:44:12', '2025-10-10 11:44:12'),
(8121, 'e5266555-8859-4f96-bab0-6596b9736d94', '75609893', 'linkedin', 'page_views_total', NULL, NULL, NULL, 2, NULL, NULL, '2025-09-30T00:00:00.000Z', '2025-10-10 11:44:12', '2025-10-10 11:44:12'),
(8122, 'e5266555-8859-4f96-bab0-6596b9736d94', '75609893', 'linkedin', 'page_views_total', NULL, NULL, NULL, 6, NULL, NULL, '2025-10-01T00:00:00.000Z', '2025-10-10 11:44:12', '2025-10-10 11:44:12'),
(8123, 'e5266555-8859-4f96-bab0-6596b9736d94', '75609893', 'linkedin', 'page_views_total', NULL, NULL, NULL, 4, NULL, NULL, '2025-10-02T00:00:00.000Z', '2025-10-10 11:44:12', '2025-10-10 11:44:12'),
(8124, 'e5266555-8859-4f96-bab0-6596b9736d94', '75609893', 'linkedin', 'page_views_total', NULL, NULL, NULL, 2, NULL, NULL, '2025-10-04T00:00:00.000Z', '2025-10-10 11:44:12', '2025-10-10 11:44:12'),
(8125, 'e5266555-8859-4f96-bab0-6596b9736d94', '75609893', 'linkedin', 'page_views_total', NULL, NULL, NULL, 2, NULL, NULL, '2025-10-07T00:00:00.000Z', '2025-10-10 11:44:12', '2025-10-10 11:44:12'),
(8126, 'e5266555-8859-4f96-bab0-6596b9736d94', '75609893', 'linkedin', 'page_post_engagements', NULL, NULL, NULL, NULL, 0, NULL, '2025-07-16T00:00:00.000Z', '2025-10-10 11:44:13', '2025-10-10 11:44:13'),
(8127, 'e5266555-8859-4f96-bab0-6596b9736d94', '75609893', 'linkedin', 'page_post_engagements', NULL, NULL, NULL, NULL, 1, NULL, '2025-07-29T00:00:00.000Z', '2025-10-10 11:44:13', '2025-10-10 11:44:13'),
(8128, 'e5266555-8859-4f96-bab0-6596b9736d94', '75609893', 'linkedin', 'page_post_engagements', NULL, NULL, NULL, NULL, 0, NULL, '2025-08-05T00:00:00.000Z', '2025-10-10 11:44:13', '2025-10-10 11:44:13'),
(8129, 'e5266555-8859-4f96-bab0-6596b9736d94', '75609893', 'linkedin', 'page_post_engagements', NULL, NULL, NULL, NULL, 0, NULL, '2025-08-16T00:00:00.000Z', '2025-10-10 11:44:13', '2025-10-10 11:44:13'),
(8130, 'e5266555-8859-4f96-bab0-6596b9736d94', '75609893', 'linkedin', 'page_post_engagements', NULL, NULL, NULL, NULL, 0, NULL, '2025-08-17T00:00:00.000Z', '2025-10-10 11:44:13', '2025-10-10 11:44:13'),
(8131, 'e5266555-8859-4f96-bab0-6596b9736d94', '75609893', 'linkedin', 'page_post_engagements', NULL, NULL, NULL, NULL, 0, NULL, '2025-08-18T00:00:00.000Z', '2025-10-10 11:44:13', '2025-10-10 11:44:13'),
(8132, 'e5266555-8859-4f96-bab0-6596b9736d94', '75609893', 'linkedin', 'page_post_engagements', NULL, NULL, NULL, NULL, 0, NULL, '2025-08-19T00:00:00.000Z', '2025-10-10 11:44:13', '2025-10-10 11:44:13'),
(8133, 'e5266555-8859-4f96-bab0-6596b9736d94', '75609893', 'linkedin', 'page_post_engagements', NULL, NULL, NULL, NULL, 0, NULL, '2025-08-30T00:00:00.000Z', '2025-10-10 11:44:13', '2025-10-10 11:44:13'),
(8134, 'e5266555-8859-4f96-bab0-6596b9736d94', '75609893', 'linkedin', 'page_post_engagements', NULL, NULL, NULL, NULL, 0, NULL, '2025-09-03T00:00:00.000Z', '2025-10-10 11:44:13', '2025-10-10 11:44:13'),
(8135, 'e5266555-8859-4f96-bab0-6596b9736d94', '75609893', 'linkedin', 'page_post_engagements', NULL, NULL, NULL, NULL, 0, NULL, '2025-09-23T00:00:00.000Z', '2025-10-10 11:44:13', '2025-10-10 11:44:13'),
(8136, 'e5266555-8859-4f96-bab0-6596b9736d94', '75609893', 'linkedin', 'page_post_engagements', NULL, NULL, NULL, NULL, 0, NULL, '2025-09-24T00:00:00.000Z', '2025-10-10 11:44:13', '2025-10-10 11:44:13'),
(8137, 'e5266555-8859-4f96-bab0-6596b9736d94', '75609893', 'linkedin', 'page_post_engagements', NULL, NULL, NULL, NULL, 0, NULL, '2025-09-25T00:00:00.000Z', '2025-10-10 11:44:13', '2025-10-10 11:44:13'),
(8138, 'e5266555-8859-4f96-bab0-6596b9736d94', '75609893', 'linkedin', 'page_post_engagements', NULL, NULL, NULL, NULL, 0, NULL, '2025-09-26T00:00:00.000Z', '2025-10-10 11:44:13', '2025-10-10 11:44:13'),
(8139, 'e5266555-8859-4f96-bab0-6596b9736d94', '75609893', 'linkedin', 'page_post_engagements', NULL, NULL, NULL, NULL, 0, NULL, '2025-09-27T00:00:00.000Z', '2025-10-10 11:44:13', '2025-10-10 11:44:13'),
(8140, 'e5266555-8859-4f96-bab0-6596b9736d94', '75609893', 'linkedin', 'page_post_engagements', NULL, NULL, NULL, NULL, 0, NULL, '2025-09-28T00:00:00.000Z', '2025-10-10 11:44:13', '2025-10-10 11:44:13'),
(8141, 'e5266555-8859-4f96-bab0-6596b9736d94', '75609893', 'linkedin', 'page_post_engagements', NULL, NULL, NULL, NULL, 1, NULL, '2025-09-29T00:00:00.000Z', '2025-10-10 11:44:13', '2025-10-10 11:44:13'),
(8142, 'e5266555-8859-4f96-bab0-6596b9736d94', '75609893', 'linkedin', 'page_post_engagements', NULL, NULL, NULL, NULL, 1, NULL, '2025-09-30T00:00:00.000Z', '2025-10-10 11:44:13', '2025-10-10 11:44:13'),
(8143, 'e5266555-8859-4f96-bab0-6596b9736d94', '75609893', 'linkedin', 'page_post_engagements', NULL, NULL, NULL, NULL, 0, NULL, '2025-10-01T00:00:00.000Z', '2025-10-10 11:44:13', '2025-10-10 11:44:13'),
(8144, 'e5266555-8859-4f96-bab0-6596b9736d94', '75609893', 'linkedin', 'page_post_engagements', NULL, NULL, NULL, NULL, 0, NULL, '2025-10-02T00:00:00.000Z', '2025-10-10 11:44:13', '2025-10-10 11:44:13'),
(8145, 'e5266555-8859-4f96-bab0-6596b9736d94', '75609893', 'linkedin', 'page_post_engagements', NULL, NULL, NULL, NULL, 0, NULL, '2025-10-03T00:00:00.000Z', '2025-10-10 11:44:13', '2025-10-10 11:44:13'),
(8146, 'e5266555-8859-4f96-bab0-6596b9736d94', '75609893', 'linkedin', 'page_post_engagements', NULL, NULL, NULL, NULL, 0, NULL, '2025-10-04T00:00:00.000Z', '2025-10-10 11:44:13', '2025-10-10 11:44:13'),
(8147, 'e5266555-8859-4f96-bab0-6596b9736d94', '75609893', 'linkedin', 'page_post_engagements', NULL, NULL, NULL, NULL, 0, NULL, '2025-10-08T00:00:00.000Z', '2025-10-10 11:44:13', '2025-10-10 11:44:13'),
(8148, 'e5266555-8859-4f96-bab0-6596b9736d94', '75609893', 'linkedin', 'page_post_engagements', NULL, NULL, NULL, NULL, 0, NULL, '2025-10-09T00:00:00.000Z', '2025-10-10 11:44:13', '2025-10-10 11:44:13'),
(8149, 'e5266555-8859-4f96-bab0-6596b9736d94', '75609893', 'linkedin', 'page_actions_post_reactions_like_total', NULL, NULL, NULL, NULL, NULL, 1, '2025-08-16T00:00:00.000Z', '2025-10-10 11:44:13', '2025-10-10 11:44:13'),
(8150, 'e5266555-8859-4f96-bab0-6596b9736d94', '75609893', 'linkedin', 'page_actions_post_reactions_like_total', NULL, NULL, NULL, NULL, NULL, 1, '2025-08-17T00:00:00.000Z', '2025-10-10 11:44:13', '2025-10-10 11:44:13'),
(8151, 'e5266555-8859-4f96-bab0-6596b9736d94', '75609893', 'linkedin', 'page_actions_post_reactions_like_total', NULL, NULL, NULL, NULL, NULL, 1, '2025-08-19T00:00:00.000Z', '2025-10-10 11:44:13', '2025-10-10 11:44:13'),
(8152, 'e5266555-8859-4f96-bab0-6596b9736d94', '75609893', 'linkedin', 'page_actions_post_reactions_like_total', NULL, NULL, NULL, NULL, NULL, 1, '2025-09-03T00:00:00.000Z', '2025-10-10 11:44:13', '2025-10-10 11:44:13'),
(8153, 'e5266555-8859-4f96-bab0-6596b9736d94', '75609893', 'linkedin', 'page_actions_post_reactions_like_total', NULL, NULL, NULL, NULL, NULL, 4, '2025-09-24T00:00:00.000Z', '2025-10-10 11:44:13', '2025-10-10 11:44:13'),
(8154, 'e5266555-8859-4f96-bab0-6596b9736d94', '75609893', 'linkedin', 'page_actions_post_reactions_like_total', NULL, NULL, NULL, NULL, NULL, 4, '2025-09-25T00:00:00.000Z', '2025-10-10 11:44:13', '2025-10-10 11:44:13'),
(8155, 'e5266555-8859-4f96-bab0-6596b9736d94', '75609893', 'linkedin', 'page_actions_post_reactions_like_total', NULL, NULL, NULL, NULL, NULL, 13, '2025-09-26T00:00:00.000Z', '2025-10-10 11:44:13', '2025-10-10 11:44:13'),
(8156, 'e5266555-8859-4f96-bab0-6596b9736d94', '75609893', 'linkedin', 'page_actions_post_reactions_like_total', NULL, NULL, NULL, NULL, NULL, 6, '2025-09-27T00:00:00.000Z', '2025-10-10 11:44:13', '2025-10-10 11:44:13'),
(8157, 'e5266555-8859-4f96-bab0-6596b9736d94', '75609893', 'linkedin', 'page_actions_post_reactions_like_total', NULL, NULL, NULL, NULL, NULL, 2, '2025-09-28T00:00:00.000Z', '2025-10-10 11:44:13', '2025-10-10 11:44:13'),
(8158, 'e5266555-8859-4f96-bab0-6596b9736d94', '75609893', 'linkedin', 'page_actions_post_reactions_like_total', NULL, NULL, NULL, NULL, NULL, 2, '2025-09-29T00:00:00.000Z', '2025-10-10 11:44:13', '2025-10-10 11:44:13'),
(8159, 'e5266555-8859-4f96-bab0-6596b9736d94', '75609893', 'linkedin', 'page_actions_post_reactions_like_total', NULL, NULL, NULL, NULL, NULL, 2, '2025-10-01T00:00:00.000Z', '2025-10-10 11:44:13', '2025-10-10 11:44:13'),
(8160, 'e5266555-8859-4f96-bab0-6596b9736d94', '75609893', 'linkedin', 'page_actions_post_reactions_like_total', NULL, NULL, NULL, NULL, NULL, 16, '2025-10-02T00:00:00.000Z', '2025-10-10 11:44:13', '2025-10-10 11:44:13'),
(8161, 'e5266555-8859-4f96-bab0-6596b9736d94', '75609893', 'linkedin', 'page_actions_post_reactions_like_total', NULL, NULL, NULL, NULL, NULL, 2, '2025-10-03T00:00:00.000Z', '2025-10-10 11:44:13', '2025-10-10 11:44:13'),
(8162, 'e5266555-8859-4f96-bab0-6596b9736d94', '75609893', 'linkedin', 'page_actions_post_reactions_like_total', NULL, NULL, NULL, NULL, NULL, 4, '2025-10-04T00:00:00.000Z', '2025-10-10 11:44:13', '2025-10-10 11:44:13'),
(8163, 'e5266555-8859-4f96-bab0-6596b9736d94', '75609893', 'linkedin', 'page_actions_post_reactions_like_total', NULL, NULL, NULL, NULL, NULL, 1, '2025-10-08T00:00:00.000Z', '2025-10-10 11:44:13', '2025-10-10 11:44:13'),
(8164, 'e5266555-8859-4f96-bab0-6596b9736d94', '75609893', 'linkedin', 'page_actions_post_reactions_like_total', NULL, NULL, NULL, NULL, NULL, 7, '2025-10-09T00:00:00.000Z', '2025-10-10 11:44:13', '2025-10-10 11:44:13'),
(8940, 'e5266555-8859-4f96-bab0-6596b9736d94', '75609893', 'linkedin', 'page_daily_follows', -1, NULL, NULL, NULL, NULL, NULL, '2025-10-12T00:00:00.000Z', '2025-10-22 09:26:09', '2025-10-22 09:26:09'),
(8941, 'e5266555-8859-4f96-bab0-6596b9736d94', '75609893', 'linkedin', 'page_daily_follows', 1, NULL, NULL, NULL, NULL, NULL, '2025-10-15T00:00:00.000Z', '2025-10-22 09:26:09', '2025-10-22 09:26:09'),
(8942, 'e5266555-8859-4f96-bab0-6596b9736d94', '75609893', 'linkedin', 'page_impressions', NULL, 7, NULL, NULL, NULL, NULL, '2025-10-10T00:00:00.000Z', '2025-10-22 09:26:10', '2025-10-22 09:26:10'),
(8943, 'e5266555-8859-4f96-bab0-6596b9736d94', '75609893', 'linkedin', 'page_impressions', NULL, 6, NULL, NULL, NULL, NULL, '2025-10-11T00:00:00.000Z', '2025-10-22 09:26:10', '2025-10-22 09:26:10'),
(8944, 'e5266555-8859-4f96-bab0-6596b9736d94', '75609893', 'linkedin', 'page_impressions', NULL, 1, NULL, NULL, NULL, NULL, '2025-10-12T00:00:00.000Z', '2025-10-22 09:26:10', '2025-10-22 09:26:10'),
(8945, 'e5266555-8859-4f96-bab0-6596b9736d94', '75609893', 'linkedin', 'page_impressions', NULL, 16, NULL, NULL, NULL, NULL, '2025-10-13T00:00:00.000Z', '2025-10-22 09:26:10', '2025-10-22 09:26:10'),
(8946, 'e5266555-8859-4f96-bab0-6596b9736d94', '75609893', 'linkedin', 'page_impressions', NULL, 4, NULL, NULL, NULL, NULL, '2025-10-14T00:00:00.000Z', '2025-10-22 09:26:10', '2025-10-22 09:26:10'),
(8947, 'e5266555-8859-4f96-bab0-6596b9736d94', '75609893', 'linkedin', 'page_impressions', NULL, 40, NULL, NULL, NULL, NULL, '2025-10-15T00:00:00.000Z', '2025-10-22 09:26:10', '2025-10-22 09:26:10'),
(8948, 'e5266555-8859-4f96-bab0-6596b9736d94', '75609893', 'linkedin', 'page_impressions', NULL, 11, NULL, NULL, NULL, NULL, '2025-10-16T00:00:00.000Z', '2025-10-22 09:26:10', '2025-10-22 09:26:10'),
(8949, 'e5266555-8859-4f96-bab0-6596b9736d94', '75609893', 'linkedin', 'page_impressions', NULL, 12, NULL, NULL, NULL, NULL, '2025-10-17T00:00:00.000Z', '2025-10-22 09:26:10', '2025-10-22 09:26:10'),
(8950, 'e5266555-8859-4f96-bab0-6596b9736d94', '75609893', 'linkedin', 'page_impressions', NULL, 26, NULL, NULL, NULL, NULL, '2025-10-18T00:00:00.000Z', '2025-10-22 09:26:10', '2025-10-22 09:26:10'),
(8951, 'e5266555-8859-4f96-bab0-6596b9736d94', '75609893', 'linkedin', 'page_impressions', NULL, 1, NULL, NULL, NULL, NULL, '2025-10-20T00:00:00.000Z', '2025-10-22 09:26:10', '2025-10-22 09:26:10'),
(8952, 'e5266555-8859-4f96-bab0-6596b9736d94', '75609893', 'linkedin', 'page_impressions', NULL, 2, NULL, NULL, NULL, NULL, '2025-10-21T00:00:00.000Z', '2025-10-22 09:26:10', '2025-10-22 09:26:10'),
(8953, 'e5266555-8859-4f96-bab0-6596b9736d94', '75609893', 'linkedin', 'page_impressions_unique', NULL, NULL, 5, NULL, NULL, NULL, '2025-10-10T00:00:00.000Z', '2025-10-22 09:26:11', '2025-10-22 09:26:11'),
(8954, 'e5266555-8859-4f96-bab0-6596b9736d94', '75609893', 'linkedin', 'page_impressions_unique', NULL, NULL, 2, NULL, NULL, NULL, '2025-10-11T00:00:00.000Z', '2025-10-22 09:26:11', '2025-10-22 09:26:11'),
(8955, 'e5266555-8859-4f96-bab0-6596b9736d94', '75609893', 'linkedin', 'page_impressions_unique', NULL, NULL, 1, NULL, NULL, NULL, '2025-10-12T00:00:00.000Z', '2025-10-22 09:26:11', '2025-10-22 09:26:11'),
(8956, 'e5266555-8859-4f96-bab0-6596b9736d94', '75609893', 'linkedin', 'page_impressions_unique', NULL, NULL, 3, NULL, NULL, NULL, '2025-10-13T00:00:00.000Z', '2025-10-22 09:26:11', '2025-10-22 09:26:11'),
(8957, 'e5266555-8859-4f96-bab0-6596b9736d94', '75609893', 'linkedin', 'page_impressions_unique', NULL, NULL, 2, NULL, NULL, NULL, '2025-10-14T00:00:00.000Z', '2025-10-22 09:26:11', '2025-10-22 09:26:11'),
(8958, 'e5266555-8859-4f96-bab0-6596b9736d94', '75609893', 'linkedin', 'page_impressions_unique', NULL, NULL, 10, NULL, NULL, NULL, '2025-10-15T00:00:00.000Z', '2025-10-22 09:26:11', '2025-10-22 09:26:11'),
(8959, 'e5266555-8859-4f96-bab0-6596b9736d94', '75609893', 'linkedin', 'page_impressions_unique', NULL, NULL, 5, NULL, NULL, NULL, '2025-10-16T00:00:00.000Z', '2025-10-22 09:26:11', '2025-10-22 09:26:11'),
(8960, 'e5266555-8859-4f96-bab0-6596b9736d94', '75609893', 'linkedin', 'page_impressions_unique', NULL, NULL, 4, NULL, NULL, NULL, '2025-10-17T00:00:00.000Z', '2025-10-22 09:26:11', '2025-10-22 09:26:11'),
(8961, 'e5266555-8859-4f96-bab0-6596b9736d94', '75609893', 'linkedin', 'page_impressions_unique', NULL, NULL, 2, NULL, NULL, NULL, '2025-10-18T00:00:00.000Z', '2025-10-22 09:26:11', '2025-10-22 09:26:11'),
(8962, 'e5266555-8859-4f96-bab0-6596b9736d94', '75609893', 'linkedin', 'page_impressions_unique', NULL, NULL, 1, NULL, NULL, NULL, '2025-10-20T00:00:00.000Z', '2025-10-22 09:26:11', '2025-10-22 09:26:11'),
(8963, 'e5266555-8859-4f96-bab0-6596b9736d94', '75609893', 'linkedin', 'page_impressions_unique', NULL, NULL, 1, NULL, NULL, NULL, '2025-10-21T00:00:00.000Z', '2025-10-22 09:26:11', '2025-10-22 09:26:11'),
(8964, 'e5266555-8859-4f96-bab0-6596b9736d94', '75609893', 'linkedin', 'page_views_total', NULL, NULL, NULL, 1, NULL, NULL, '2025-10-11T00:00:00.000Z', '2025-10-22 09:26:12', '2025-10-22 09:26:12'),
(8965, 'e5266555-8859-4f96-bab0-6596b9736d94', '75609893', 'linkedin', 'page_views_total', NULL, NULL, NULL, 1, NULL, NULL, '2025-10-13T00:00:00.000Z', '2025-10-22 09:26:12', '2025-10-22 09:26:12'),
(8966, 'e5266555-8859-4f96-bab0-6596b9736d94', '75609893', 'linkedin', 'page_views_total', NULL, NULL, NULL, 1, NULL, NULL, '2025-10-15T00:00:00.000Z', '2025-10-22 09:26:12', '2025-10-22 09:26:12'),
(8967, 'e5266555-8859-4f96-bab0-6596b9736d94', '75609893', 'linkedin', 'page_post_engagements', NULL, NULL, NULL, NULL, 0, NULL, '2025-10-15T00:00:00.000Z', '2025-10-22 09:26:12', '2025-10-22 09:26:12'),
(8968, 'e5266555-8859-4f96-bab0-6596b9736d94', '75609893', 'linkedin', 'page_post_engagements', NULL, NULL, NULL, NULL, 0, NULL, '2025-10-16T00:00:00.000Z', '2025-10-22 09:26:12', '2025-10-22 09:26:12'),
(8969, 'e5266555-8859-4f96-bab0-6596b9736d94', '75609893', 'linkedin', 'page_post_engagements', NULL, NULL, NULL, NULL, 0, NULL, '2025-10-17T00:00:00.000Z', '2025-10-22 09:26:12', '2025-10-22 09:26:12'),
(8970, 'e5266555-8859-4f96-bab0-6596b9736d94', '75609893', 'linkedin', 'page_post_engagements', NULL, NULL, NULL, NULL, 1, NULL, '2025-10-21T00:00:00.000Z', '2025-10-22 09:26:12', '2025-10-22 09:26:12'),
(8971, 'e5266555-8859-4f96-bab0-6596b9736d94', '75609893', 'linkedin', 'page_actions_post_reactions_like_total', NULL, NULL, NULL, NULL, NULL, 1, '2025-10-15T00:00:00.000Z', '2025-10-22 09:26:13', '2025-10-22 09:26:13'),
(8972, 'e5266555-8859-4f96-bab0-6596b9736d94', '75609893', 'linkedin', 'page_actions_post_reactions_like_total', NULL, NULL, NULL, NULL, NULL, 1, '2025-10-16T00:00:00.000Z', '2025-10-22 09:26:13', '2025-10-22 09:26:13'),
(8973, 'e5266555-8859-4f96-bab0-6596b9736d94', '75609893', 'linkedin', 'page_actions_post_reactions_like_total', NULL, NULL, NULL, NULL, NULL, 1, '2025-10-17T00:00:00.000Z', '2025-10-22 09:26:13', '2025-10-22 09:26:13'),
(8974, 'e5266555-8859-4f96-bab0-6596b9736d94', '75609893', 'linkedin', 'page_actions_post_reactions_like_total', NULL, NULL, NULL, NULL, NULL, 1, '2025-10-21T00:00:00.000Z', '2025-10-22 09:26:13', '2025-10-22 09:26:13');

--
-- Dumping data for table `billing_activity_logs`
--

INSERT INTO `billing_activity_logs` (`id`, `user_uuid`, `subscription_id`, `transaction_id`, `action_type`, `action_status`, `actor_type`, `actor_id`, `actor_email`, `old_value`, `new_value`, `amount`, `currency`, `stripe_event_id`, `stripe_object_id`, `error_code`, `error_message`, `description`, `notes`, `ip_address`, `user_agent`, `request_id`, `metadata`, `createdAt`, `updatedAt`) VALUES
(1, '9e47ed0e-73f7-41d5-9dac-5c37b8df8a4f', NULL, NULL, 'card_added', 'success', 'stripe', NULL, NULL, NULL, '{\"brand\":\"visa\",\"last4\":\"1111\"}', NULL, NULL, 'evt_1Sc8r6HpVJPrOqLkBYk1cmjl', 'pm_1Sc8r5HpVJPrOqLkGD0xuD2V', NULL, NULL, 'Payment method added: visa ending in 1111', NULL, NULL, NULL, NULL, NULL, '2025-12-08 18:08:18', '2025-12-08 18:08:18'),
(2, '9e47ed0e-73f7-41d5-9dac-5c37b8df8a4f', 1, NULL, 'subscription_created', 'success', 'user', NULL, NULL, NULL, '{\"plan_id\":3,\"status\":\"active\",\"trial_end\":null}', NULL, NULL, NULL, 'sub_1Sc8r8HpVJPrOqLkX4hZp1K4', NULL, NULL, 'New subscription created for plan Agency', NULL, NULL, NULL, NULL, NULL, '2025-12-08 18:08:29', '2025-12-08 18:08:29'),
(3, '9e47ed0e-73f7-41d5-9dac-5c37b8df8a4f', 1, NULL, 'payment_succeeded', 'success', 'stripe', NULL, NULL, NULL, NULL, 9900, 'usd', 'evt_1Sc8rCHpVJPrOqLkc1IKjRiF', 'in_1Sc8r8HpVJPrOqLkqss6grEV', NULL, NULL, 'Payment of 99 USD succeeded for invoice FVJFOQBG-0001', NULL, NULL, NULL, NULL, NULL, '2025-12-08 18:08:26', '2025-12-08 18:08:26'),
(4, '6f4362d5-744c-446e-8108-8db805396e51', NULL, NULL, 'card_added', 'success', 'stripe', NULL, NULL, NULL, '{\"brand\":\"visa\",\"last4\":\"1111\"}', NULL, NULL, 'evt_1Sc9R4HpVJPrOqLkYWKeHO7b', 'pm_1Sc9R4HpVJPrOqLkOXnfcKFb', NULL, NULL, 'Payment method added: visa ending in 1111', NULL, NULL, NULL, NULL, NULL, '2025-12-08 18:45:29', '2025-12-08 18:45:29'),
(5, '6f4362d5-744c-446e-8108-8db805396e51', 2, NULL, 'subscription_created', 'success', 'user', NULL, NULL, NULL, '{\"plan_id\":1,\"status\":\"trialing\",\"trial_end\":\"2025-12-09T18:45:27.000Z\"}', NULL, NULL, NULL, 'sub_1Sc9R5HpVJPrOqLkPt4sV5R5', NULL, NULL, 'New subscription created for plan Starter', NULL, NULL, NULL, NULL, NULL, '2025-12-08 18:45:29', '2025-12-08 18:45:29'),
(6, '6f4362d5-744c-446e-8108-8db805396e51', 2, NULL, 'payment_succeeded', 'success', 'stripe', NULL, NULL, NULL, NULL, 0, 'usd', 'evt_1Sc9R7HpVJPrOqLk1VlxsWJe', 'in_1Sc9R5HpVJPrOqLkM1DKHuY9', NULL, NULL, 'Payment of 0 USD succeeded for invoice ITYFUTSR-0001', NULL, NULL, NULL, NULL, NULL, '2025-12-08 18:45:33', '2025-12-08 18:45:33'),
(7, '9e47ed0e-73f7-41d5-9dac-5c37b8df8a4f', NULL, NULL, 'admin_action', 'success', 'user', '9e47ed0e-73f7-41d5-9dac-5c37b8df8a4f', NULL, NULL, NULL, NULL, NULL, NULL, NULL, NULL, NULL, 'User accessed Stripe Customer Portal', NULL, NULL, NULL, NULL, NULL, '2025-12-08 19:51:28', '2025-12-08 19:51:28'),
(8, '9e47ed0e-73f7-41d5-9dac-5c37b8df8a4f', NULL, NULL, 'admin_action', 'success', 'user', '9e47ed0e-73f7-41d5-9dac-5c37b8df8a4f', NULL, NULL, NULL, NULL, NULL, NULL, NULL, NULL, NULL, 'User accessed Stripe Customer Portal', NULL, NULL, NULL, NULL, NULL, '2025-12-08 20:02:11', '2025-12-08 20:02:11'),
(9, '9e47ed0e-73f7-41d5-9dac-5c37b8df8a4f', NULL, NULL, 'admin_action', 'success', 'user', '9e47ed0e-73f7-41d5-9dac-5c37b8df8a4f', NULL, NULL, NULL, NULL, NULL, NULL, NULL, NULL, NULL, 'User accessed Stripe Customer Portal', NULL, NULL, NULL, NULL, NULL, '2025-12-09 13:09:39', '2025-12-09 13:09:39'),
(10, '9e47ed0e-73f7-41d5-9dac-5c37b8df8a4f', NULL, NULL, 'admin_action', 'success', 'user', '9e47ed0e-73f7-41d5-9dac-5c37b8df8a4f', NULL, NULL, NULL, NULL, NULL, NULL, NULL, NULL, NULL, 'User accessed Stripe Customer Portal', NULL, NULL, NULL, NULL, NULL, '2025-12-09 13:09:50', '2025-12-09 13:09:50'),
(11, '51a83ba2-9f05-455d-a97e-f9490c6cdc40', NULL, NULL, 'card_added', 'success', 'stripe', NULL, NULL, NULL, '{\"brand\":\"visa\",\"last4\":\"1111\"}', NULL, NULL, 'evt_1ScRVWHpVJPrOqLkdVMXk5Jf', 'pm_1ScRVVHpVJPrOqLkOYMy32bv', NULL, NULL, 'Payment method added: visa ending in 1111', NULL, NULL, NULL, NULL, NULL, '2025-12-09 14:03:16', '2025-12-09 14:03:16'),
(12, '51a83ba2-9f05-455d-a97e-f9490c6cdc40', 3, NULL, 'subscription_created', 'success', 'user', NULL, NULL, NULL, '{\"plan_id\":2,\"status\":\"trialing\",\"trial_end\":\"2025-12-23T14:03:16.000Z\"}', NULL, NULL, NULL, 'sub_1ScRVYHpVJPrOqLkj9vJJOTJ', NULL, NULL, 'New subscription created for plan Growth', NULL, NULL, NULL, NULL, NULL, '2025-12-09 14:03:18', '2025-12-09 14:03:18'),
(13, '51a83ba2-9f05-455d-a97e-f9490c6cdc40', 3, NULL, 'payment_succeeded', 'success', 'stripe', NULL, NULL, NULL, NULL, 0, 'usd', 'evt_1ScRVaHpVJPrOqLkNRXH8jxb', 'in_1ScRVYHpVJPrOqLkgzdQ4gqR', NULL, NULL, 'Payment of 0 USD succeeded for invoice DPHLH33J-0001', NULL, NULL, NULL, NULL, NULL, '2025-12-09 14:03:22', '2025-12-09 14:03:22'),
(14, '6f4362d5-744c-446e-8108-8db805396e51', 2, NULL, 'notification_sent', 'success', 'cron', NULL, NULL, NULL, NULL, NULL, NULL, NULL, NULL, NULL, NULL, 'trial_ending_1h email sent to developerw0945@gmail.com', NULL, NULL, NULL, NULL, NULL, '2025-12-09 17:50:03', '2025-12-09 17:50:03'),
(15, '6f4362d5-744c-446e-8108-8db805396e51', 2, NULL, 'subscription_updated', 'success', 'stripe', NULL, NULL, '{\"status\":\"trialing\"}', '{\"status\":\"active\"}', NULL, NULL, 'evt_1ScVvMHpVJPrOqLkVgjb770Q', 'sub_1Sc9R5HpVJPrOqLkPt4sV5R5', NULL, NULL, 'Subscription status changed from trialing to active', NULL, NULL, NULL, NULL, NULL, '2025-12-09 18:46:15', '2025-12-09 18:46:15'),
(16, '6f4362d5-744c-446e-8108-8db805396e51', 2, NULL, 'payment_succeeded', 'success', 'stripe', NULL, NULL, NULL, NULL, 1900, 'usd', 'evt_1ScWrmHpVJPrOqLky26Tgm1v', 'in_1ScVvLHpVJPrOqLkfrH90sg2', NULL, NULL, 'Payment of 19 USD succeeded for invoice ITYFUTSR-0002', NULL, NULL, NULL, NULL, NULL, '2025-12-09 19:46:37', '2025-12-09 19:46:37');

--
-- Dumping data for table `billing_notifications`
--

INSERT INTO `billing_notifications` (`id`, `user_uuid`, `subscription_id`, `transaction_id`, `notification_type`, `channel`, `priority`, `status`, `recipient_email`, `recipient_phone`, `subject`, `template_name`, `template_data`, `content`, `scheduled_at`, `sent_at`, `delivered_at`, `opened_at`, `clicked_at`, `retry_count`, `max_retries`, `last_error`, `external_id`, `metadata`, `createdAt`, `updatedAt`) VALUES
(1, '6f4362d5-744c-446e-8108-8db805396e51', 2, NULL, 'trial_ending_1h', 'email', 'urgent', 'sent', 'developerw0945@gmail.com', NULL, 'Your trial ends in 1 hour', 'trial_ending_1h', '{\"firstName\":\"Baljeet\",\"planName\":\"Starter\",\"trialEndDate\":\"2025-12-09T18:45:27.000Z\"}', NULL, '2025-12-09 17:45:27', '2025-12-09 17:50:02', NULL, NULL, NULL, 0, 3, NULL, NULL, NULL, '2025-12-08 18:45:29', '2025-12-09 17:50:02'),
(2, '51a83ba2-9f05-455d-a97e-f9490c6cdc40', 3, NULL, 'trial_ending_24h', 'email', 'high', 'pending', 'sudhirkundal007@gmail.com', NULL, 'Your trial ends tomorrow', 'trial_ending_24h', '{\"firstName\":\"Sudhir\",\"planName\":\"Growth\",\"trialEndDate\":\"2025-12-23T14:03:16.000Z\"}', NULL, '2025-12-22 14:03:16', NULL, NULL, NULL, NULL, 0, 3, NULL, NULL, NULL, '2025-12-09 14:03:19', '2025-12-09 14:03:19'),
(3, '51a83ba2-9f05-455d-a97e-f9490c6cdc40', 3, NULL, 'trial_ending_1h', 'email', 'urgent', 'pending', 'sudhirkundal007@gmail.com', NULL, 'Your trial ends in 1 hour', 'trial_ending_1h', '{\"firstName\":\"Sudhir\",\"planName\":\"Growth\",\"trialEndDate\":\"2025-12-23T14:03:16.000Z\"}', NULL, '2025-12-23 13:03:16', NULL, NULL, NULL, NULL, 0, 3, NULL, NULL, NULL, '2025-12-09 14:03:20', '2025-12-09 14:03:20');

--
-- Dumping data for table `demographics`
--

INSERT INTO `demographics` (`id`, `user_uuid`, `platform_page_Id`, `page_name`, `social_userid`, `platform`, `metric_type`, `metric_key`, `metric_value`, `source`, `createdAt`, `updatedAt`) VALUES
(2322, 'e5266555-8859-4f96-bab0-6596b9736d94', '108458993', 'insocialwise.com', 'eRLsKrw_6N', 'linkedin', 'industry', 'Software Development', 2, 'API', '2025-10-22 09:26:59', '2025-10-22 09:26:59'),
(2323, 'e5266555-8859-4f96-bab0-6596b9736d94', '108458993', 'insocialwise.com', 'eRLsKrw_6N', 'linkedin', 'geo', 'INDIA', 2, 'API', '2025-10-22 09:26:59', '2025-10-22 09:26:59'),
(2324, 'e5266555-8859-4f96-bab0-6596b9736d94', '75609893', 'Aronasoft', 'eRLsKrw_6N', 'linkedin', 'industry', 'IT Services and IT Consulting', 170, 'API', '2025-10-22 09:29:11', '2025-10-22 09:29:11'),
(2325, 'e5266555-8859-4f96-bab0-6596b9736d94', '75609893', 'Aronasoft', 'eRLsKrw_6N', 'linkedin', 'industry', 'Advertising Services', 74, 'API', '2025-10-22 09:29:11', '2025-10-22 09:29:11'),
(2326, 'e5266555-8859-4f96-bab0-6596b9736d94', '75609893', 'Aronasoft', 'eRLsKrw_6N', 'linkedin', 'industry', 'Software Development', 72, 'API', '2025-10-22 09:29:11', '2025-10-22 09:29:11'),
(2327, 'e5266555-8859-4f96-bab0-6596b9736d94', '75609893', 'Aronasoft', 'eRLsKrw_6N', 'linkedin', 'industry', 'IT System Custom Software Development', 46, 'API', '2025-10-22 09:29:11', '2025-10-22 09:29:11'),
(2328, 'e5266555-8859-4f96-bab0-6596b9736d94', '75609893', 'Aronasoft', 'eRLsKrw_6N', 'linkedin', 'industry', 'Marketing Services', 44, 'API', '2025-10-22 09:29:11', '2025-10-22 09:29:11'),
(2329, 'e5266555-8859-4f96-bab0-6596b9736d94', '75609893', 'Aronasoft', 'eRLsKrw_6N', 'linkedin', 'industry', 'Technology, Information and Internet', 42, 'API', '2025-10-22 09:29:11', '2025-10-22 09:29:11'),
(2330, 'e5266555-8859-4f96-bab0-6596b9736d94', '75609893', 'Aronasoft', 'eRLsKrw_6N', 'linkedin', 'industry', 'Business Consulting and Services', 32, 'API', '2025-10-22 09:29:11', '2025-10-22 09:29:11'),
(2331, 'e5266555-8859-4f96-bab0-6596b9736d94', '75609893', 'Aronasoft', 'eRLsKrw_6N', 'linkedin', 'industry', 'Higher Education', 18, 'API', '2025-10-22 09:29:11', '2025-10-22 09:29:11'),
(2332, 'e5266555-8859-4f96-bab0-6596b9736d94', '75609893', 'Aronasoft', 'eRLsKrw_6N', 'linkedin', 'industry', 'Graphic Design', 13, 'API', '2025-10-22 09:29:11', '2025-10-22 09:29:11'),
(2333, 'e5266555-8859-4f96-bab0-6596b9736d94', '75609893', 'Aronasoft', 'eRLsKrw_6N', 'linkedin', 'industry', 'Internet Publishing', 11, 'API', '2025-10-22 09:29:11', '2025-10-22 09:29:11'),
(2334, 'e5266555-8859-4f96-bab0-6596b9736d94', '75609893', 'Aronasoft', 'eRLsKrw_6N', 'linkedin', 'industry', 'Financial Services', 10, 'API', '2025-10-22 09:29:11', '2025-10-22 09:29:11'),
(2335, 'e5266555-8859-4f96-bab0-6596b9736d94', '75609893', 'Aronasoft', 'eRLsKrw_6N', 'linkedin', 'industry', 'Real Estate', 9, 'API', '2025-10-22 09:29:11', '2025-10-22 09:29:11'),
(2336, 'e5266555-8859-4f96-bab0-6596b9736d94', '75609893', 'Aronasoft', 'eRLsKrw_6N', 'linkedin', 'industry', 'Wellness and Fitness Services', 9, 'API', '2025-10-22 09:29:11', '2025-10-22 09:29:11'),
(2337, 'e5266555-8859-4f96-bab0-6596b9736d94', '75609893', 'Aronasoft', 'eRLsKrw_6N', 'linkedin', 'industry', 'Hospitals and Health Care', 8, 'API', '2025-10-22 09:29:11', '2025-10-22 09:29:11'),
(2338, 'e5266555-8859-4f96-bab0-6596b9736d94', '75609893', 'Aronasoft', 'eRLsKrw_6N', 'linkedin', 'industry', 'Education', 7, 'API', '2025-10-22 09:29:11', '2025-10-22 09:29:11'),
(2339, 'e5266555-8859-4f96-bab0-6596b9736d94', '75609893', 'Aronasoft', 'eRLsKrw_6N', 'linkedin', 'industry', 'Outsourcing and Offshoring Consulting', 7, 'API', '2025-10-22 09:29:11', '2025-10-22 09:29:11'),
(2340, 'e5266555-8859-4f96-bab0-6596b9736d94', '75609893', 'Aronasoft', 'eRLsKrw_6N', 'linkedin', 'industry', 'Staffing and Recruiting', 6, 'API', '2025-10-22 09:29:11', '2025-10-22 09:29:11'),
(2341, 'e5266555-8859-4f96-bab0-6596b9736d94', '75609893', 'Aronasoft', 'eRLsKrw_6N', 'linkedin', 'industry', 'Information Services', 6, 'API', '2025-10-22 09:29:11', '2025-10-22 09:29:11'),
(2342, 'e5266555-8859-4f96-bab0-6596b9736d94', '75609893', 'Aronasoft', 'eRLsKrw_6N', 'linkedin', 'industry', 'Education Administration Programs', 6, 'API', '2025-10-22 09:29:11', '2025-10-22 09:29:11'),
(2343, 'e5266555-8859-4f96-bab0-6596b9736d94', '75609893', 'Aronasoft', 'eRLsKrw_6N', 'linkedin', 'industry', 'Research Services', 6, 'API', '2025-10-22 09:29:11', '2025-10-22 09:29:11'),
(2344, 'e5266555-8859-4f96-bab0-6596b9736d94', '75609893', 'Aronasoft', 'eRLsKrw_6N', 'linkedin', 'industry', 'E-Learning Providers', 6, 'API', '2025-10-22 09:29:11', '2025-10-22 09:29:11'),
(2345, 'e5266555-8859-4f96-bab0-6596b9736d94', '75609893', 'Aronasoft', 'eRLsKrw_6N', 'linkedin', 'industry', 'Mining', 5, 'API', '2025-10-22 09:29:11', '2025-10-22 09:29:11'),
(2346, 'e5266555-8859-4f96-bab0-6596b9736d94', '75609893', 'Aronasoft', 'eRLsKrw_6N', 'linkedin', 'industry', 'Investment Management', 5, 'API', '2025-10-22 09:29:11', '2025-10-22 09:29:11'),
(2347, 'e5266555-8859-4f96-bab0-6596b9736d94', '75609893', 'Aronasoft', 'eRLsKrw_6N', 'linkedin', 'industry', 'Accounting', 5, 'API', '2025-10-22 09:29:11', '2025-10-22 09:29:11'),
(2348, 'e5266555-8859-4f96-bab0-6596b9736d94', '75609893', 'Aronasoft', 'eRLsKrw_6N', 'linkedin', 'industry', 'Construction', 5, 'API', '2025-10-22 09:29:11', '2025-10-22 09:29:11'),
(2349, 'e5266555-8859-4f96-bab0-6596b9736d94', '75609893', 'Aronasoft', 'eRLsKrw_6N', 'linkedin', 'industry', 'Travel Arrangements', 5, 'API', '2025-10-22 09:29:11', '2025-10-22 09:29:11'),
(2350, 'e5266555-8859-4f96-bab0-6596b9736d94', '75609893', 'Aronasoft', 'eRLsKrw_6N', 'linkedin', 'industry', 'Professional Training and Coaching', 5, 'API', '2025-10-22 09:29:11', '2025-10-22 09:29:11'),
(2351, 'e5266555-8859-4f96-bab0-6596b9736d94', '75609893', 'Aronasoft', 'eRLsKrw_6N', 'linkedin', 'industry', 'Retail', 5, 'API', '2025-10-22 09:29:11', '2025-10-22 09:29:11'),
(2352, 'e5266555-8859-4f96-bab0-6596b9736d94', '75609893', 'Aronasoft', 'eRLsKrw_6N', 'linkedin', 'industry', 'Retail Apparel and Fashion', 5, 'API', '2025-10-22 09:29:11', '2025-10-22 09:29:11'),
(2353, 'e5266555-8859-4f96-bab0-6596b9736d94', '75609893', 'Aronasoft', 'eRLsKrw_6N', 'linkedin', 'industry', 'Computer Networking Products', 5, 'API', '2025-10-22 09:29:11', '2025-10-22 09:29:11'),
(2354, 'e5266555-8859-4f96-bab0-6596b9736d94', '75609893', 'Aronasoft', 'eRLsKrw_6N', 'linkedin', 'industry', 'Banking', 4, 'API', '2025-10-22 09:29:11', '2025-10-22 09:29:11'),
(2355, 'e5266555-8859-4f96-bab0-6596b9736d94', '75609893', 'Aronasoft', 'eRLsKrw_6N', 'linkedin', 'industry', 'Non-profit Organizations', 4, 'API', '2025-10-22 09:29:11', '2025-10-22 09:29:11'),
(2356, 'e5266555-8859-4f96-bab0-6596b9736d94', '75609893', 'Aronasoft', 'eRLsKrw_6N', 'linkedin', 'industry', 'Medical Practices', 4, 'API', '2025-10-22 09:29:11', '2025-10-22 09:29:11'),
(2357, 'e5266555-8859-4f96-bab0-6596b9736d94', '75609893', 'Aronasoft', 'eRLsKrw_6N', 'linkedin', 'industry', 'Internet Marketplace Platforms', 4, 'API', '2025-10-22 09:29:11', '2025-10-22 09:29:11'),
(2358, 'e5266555-8859-4f96-bab0-6596b9736d94', '75609893', 'Aronasoft', 'eRLsKrw_6N', 'linkedin', 'industry', 'Media Production', 4, 'API', '2025-10-22 09:29:11', '2025-10-22 09:29:11'),
(2359, 'e5266555-8859-4f96-bab0-6596b9736d94', '75609893', 'Aronasoft', 'eRLsKrw_6N', 'linkedin', 'industry', 'Hospitality', 4, 'API', '2025-10-22 09:29:11', '2025-10-22 09:29:11'),
(2360, 'e5266555-8859-4f96-bab0-6596b9736d94', '75609893', 'Aronasoft', 'eRLsKrw_6N', 'linkedin', 'industry', 'Mobile Gaming Apps', 3, 'API', '2025-10-22 09:29:11', '2025-10-22 09:29:11'),
(2361, 'e5266555-8859-4f96-bab0-6596b9736d94', '75609893', 'Aronasoft', 'eRLsKrw_6N', 'linkedin', 'industry', 'Legal Services', 3, 'API', '2025-10-22 09:29:11', '2025-10-22 09:29:11'),
(2362, 'e5266555-8859-4f96-bab0-6596b9736d94', '75609893', 'Aronasoft', 'eRLsKrw_6N', 'linkedin', 'industry', 'Consumer Services', 3, 'API', '2025-10-22 09:29:11', '2025-10-22 09:29:11'),
(2363, 'e5266555-8859-4f96-bab0-6596b9736d94', '75609893', 'Aronasoft', 'eRLsKrw_6N', 'linkedin', 'industry', 'Manufacturing', 3, 'API', '2025-10-22 09:29:11', '2025-10-22 09:29:11'),
(2364, 'e5266555-8859-4f96-bab0-6596b9736d94', '75609893', 'Aronasoft', 'eRLsKrw_6N', 'linkedin', 'industry', 'Telecommunications', 3, 'API', '2025-10-22 09:29:11', '2025-10-22 09:29:11'),
(2365, 'e5266555-8859-4f96-bab0-6596b9736d94', '75609893', 'Aronasoft', 'eRLsKrw_6N', 'linkedin', 'industry', 'Personal Care Product Manufacturing', 3, 'API', '2025-10-22 09:29:11', '2025-10-22 09:29:11'),
(2366, 'e5266555-8859-4f96-bab0-6596b9736d94', '75609893', 'Aronasoft', 'eRLsKrw_6N', 'linkedin', 'industry', 'Market Research', 3, 'API', '2025-10-22 09:29:11', '2025-10-22 09:29:11'),
(2367, 'e5266555-8859-4f96-bab0-6596b9736d94', '75609893', 'Aronasoft', 'eRLsKrw_6N', 'linkedin', 'industry', 'Airlines and Aviation', 3, 'API', '2025-10-22 09:29:11', '2025-10-22 09:29:11'),
(2368, 'e5266555-8859-4f96-bab0-6596b9736d94', '75609893', 'Aronasoft', 'eRLsKrw_6N', 'linkedin', 'industry', 'Insurance', 3, 'API', '2025-10-22 09:29:11', '2025-10-22 09:29:11'),
(2369, 'e5266555-8859-4f96-bab0-6596b9736d94', '75609893', 'Aronasoft', 'eRLsKrw_6N', 'linkedin', 'industry', 'Events Services', 3, 'API', '2025-10-22 09:29:11', '2025-10-22 09:29:11'),
(2370, 'e5266555-8859-4f96-bab0-6596b9736d94', '75609893', 'Aronasoft', 'eRLsKrw_6N', 'linkedin', 'industry', 'IT System Testing and Evaluation', 3, 'API', '2025-10-22 09:29:11', '2025-10-22 09:29:11'),
(2371, 'e5266555-8859-4f96-bab0-6596b9736d94', '75609893', 'Aronasoft', 'eRLsKrw_6N', 'linkedin', 'industry', 'Food and Beverage Services', 3, 'API', '2025-10-22 09:29:11', '2025-10-22 09:29:11'),
(2372, 'e5266555-8859-4f96-bab0-6596b9736d94', '75609893', 'Aronasoft', 'eRLsKrw_6N', 'linkedin', 'industry', 'Restaurants', 3, 'API', '2025-10-22 09:29:11', '2025-10-22 09:29:11'),
(2373, 'e5266555-8859-4f96-bab0-6596b9736d94', '75609893', 'Aronasoft', 'eRLsKrw_6N', 'linkedin', 'industry', 'Business Intelligence Platforms', 2, 'API', '2025-10-22 09:29:11', '2025-10-22 09:29:11'),
(2374, 'e5266555-8859-4f96-bab0-6596b9736d94', '75609893', 'Aronasoft', 'eRLsKrw_6N', 'linkedin', 'industry', 'Biotechnology Research', 2, 'API', '2025-10-22 09:29:11', '2025-10-22 09:29:11'),
(2375, 'e5266555-8859-4f96-bab0-6596b9736d94', '75609893', 'Aronasoft', 'eRLsKrw_6N', 'linkedin', 'industry', 'Social Networking Platforms', 2, 'API', '2025-10-22 09:29:11', '2025-10-22 09:29:11'),
(2376, 'e5266555-8859-4f96-bab0-6596b9736d94', '75609893', 'Aronasoft', 'eRLsKrw_6N', 'linkedin', 'industry', 'Motor Vehicle Manufacturing', 2, 'API', '2025-10-22 09:29:11', '2025-10-22 09:29:11'),
(2377, 'e5266555-8859-4f96-bab0-6596b9736d94', '75609893', 'Aronasoft', 'eRLsKrw_6N', 'linkedin', 'industry', 'Food and Beverage Manufacturing', 2, 'API', '2025-10-22 09:29:11', '2025-10-22 09:29:11'),
(2378, 'e5266555-8859-4f96-bab0-6596b9736d94', '75609893', 'Aronasoft', 'eRLsKrw_6N', 'linkedin', 'industry', 'Writing and Editing', 2, 'API', '2025-10-22 09:29:11', '2025-10-22 09:29:11'),
(2379, 'e5266555-8859-4f96-bab0-6596b9736d94', '75609893', 'Aronasoft', 'eRLsKrw_6N', 'linkedin', 'industry', 'Design Services', 2, 'API', '2025-10-22 09:29:11', '2025-10-22 09:29:11'),
(2380, 'e5266555-8859-4f96-bab0-6596b9736d94', '75609893', 'Aronasoft', 'eRLsKrw_6N', 'linkedin', 'industry', 'Public Relations and Communications Services', 2, 'API', '2025-10-22 09:29:11', '2025-10-22 09:29:11'),
(2381, 'e5266555-8859-4f96-bab0-6596b9736d94', '75609893', 'Aronasoft', 'eRLsKrw_6N', 'linkedin', 'industry', 'Telecommunications Carriers', 2, 'API', '2025-10-22 09:29:11', '2025-10-22 09:29:11'),
(2382, 'e5266555-8859-4f96-bab0-6596b9736d94', '75609893', 'Aronasoft', 'eRLsKrw_6N', 'linkedin', 'industry', 'Translation and Localization', 2, 'API', '2025-10-22 09:29:11', '2025-10-22 09:29:11'),
(2383, 'e5266555-8859-4f96-bab0-6596b9736d94', '75609893', 'Aronasoft', 'eRLsKrw_6N', 'linkedin', 'industry', 'Truck Transportation', 2, 'API', '2025-10-22 09:29:11', '2025-10-22 09:29:11'),
(2384, 'e5266555-8859-4f96-bab0-6596b9736d94', '75609893', 'Aronasoft', 'eRLsKrw_6N', 'linkedin', 'industry', 'Individual and Family Services', 2, 'API', '2025-10-22 09:29:11', '2025-10-22 09:29:11'),
(2385, 'e5266555-8859-4f96-bab0-6596b9736d94', '75609893', 'Aronasoft', 'eRLsKrw_6N', 'linkedin', 'industry', 'Engineering Services', 2, 'API', '2025-10-22 09:29:11', '2025-10-22 09:29:11'),
(2386, 'e5266555-8859-4f96-bab0-6596b9736d94', '75609893', 'Aronasoft', 'eRLsKrw_6N', 'linkedin', 'industry', 'Retail Luxury Goods and Jewelry', 2, 'API', '2025-10-22 09:29:11', '2025-10-22 09:29:11'),
(2387, 'e5266555-8859-4f96-bab0-6596b9736d94', '75609893', 'Aronasoft', 'eRLsKrw_6N', 'linkedin', 'industry', 'Digital Accessibility Services', 2, 'API', '2025-10-22 09:29:11', '2025-10-22 09:29:11'),
(2388, 'e5266555-8859-4f96-bab0-6596b9736d94', '75609893', 'Aronasoft', 'eRLsKrw_6N', 'linkedin', 'industry', 'Solar Electric Power Generation', 2, 'API', '2025-10-22 09:29:11', '2025-10-22 09:29:11'),
(2389, 'e5266555-8859-4f96-bab0-6596b9736d94', '75609893', 'Aronasoft', 'eRLsKrw_6N', 'linkedin', 'industry', 'Book and Periodical Publishing', 2, 'API', '2025-10-22 09:29:11', '2025-10-22 09:29:11'),
(2390, 'e5266555-8859-4f96-bab0-6596b9736d94', '75609893', 'Aronasoft', 'eRLsKrw_6N', 'linkedin', 'industry', 'Hospitals', 2, 'API', '2025-10-22 09:29:11', '2025-10-22 09:29:11'),
(2391, 'e5266555-8859-4f96-bab0-6596b9736d94', '75609893', 'Aronasoft', 'eRLsKrw_6N', 'linkedin', 'industry', 'Pharmaceutical Manufacturing', 2, 'API', '2025-10-22 09:29:11', '2025-10-22 09:29:11'),
(2392, 'e5266555-8859-4f96-bab0-6596b9736d94', '75609893', 'Aronasoft', 'eRLsKrw_6N', 'linkedin', 'industry', 'Human Resources Services', 2, 'API', '2025-10-22 09:29:11', '2025-10-22 09:29:11'),
(2393, 'e5266555-8859-4f96-bab0-6596b9736d94', '75609893', 'Aronasoft', 'eRLsKrw_6N', 'linkedin', 'industry', 'IT System Training and Support', 2, 'API', '2025-10-22 09:29:11', '2025-10-22 09:29:11'),
(2394, 'e5266555-8859-4f96-bab0-6596b9736d94', '75609893', 'Aronasoft', 'eRLsKrw_6N', 'linkedin', 'industry', 'Primary and Secondary Education', 2, 'API', '2025-10-22 09:29:11', '2025-10-22 09:29:11'),
(2395, 'e5266555-8859-4f96-bab0-6596b9736d94', '75609893', 'Aronasoft', 'eRLsKrw_6N', 'linkedin', 'industry', 'Computer and Network Security', 2, 'API', '2025-10-22 09:29:11', '2025-10-22 09:29:11'),
(2396, 'e5266555-8859-4f96-bab0-6596b9736d94', '75609893', 'Aronasoft', 'eRLsKrw_6N', 'linkedin', 'industry', 'Online Audio and Video Media', 2, 'API', '2025-10-22 09:29:11', '2025-10-22 09:29:11'),
(2397, 'e5266555-8859-4f96-bab0-6596b9736d94', '75609893', 'Aronasoft', 'eRLsKrw_6N', 'linkedin', 'industry', 'IT System Design Services', 2, 'API', '2025-10-22 09:29:11', '2025-10-22 09:29:11'),
(2398, 'e5266555-8859-4f96-bab0-6596b9736d94', '75609893', 'Aronasoft', 'eRLsKrw_6N', 'linkedin', 'industry', 'Transportation, Logistics, Supply Chain and Storage', 2, 'API', '2025-10-22 09:29:11', '2025-10-22 09:29:11'),
(2399, 'e5266555-8859-4f96-bab0-6596b9736d94', '75609893', 'Aronasoft', 'eRLsKrw_6N', 'linkedin', 'industry', 'Broadcast Media Production and Distribution', 2, 'API', '2025-10-22 09:29:11', '2025-10-22 09:29:11'),
(2400, 'e5266555-8859-4f96-bab0-6596b9736d94', '75609893', 'Aronasoft', 'eRLsKrw_6N', 'linkedin', 'industry', 'Retail Office Equipment', 2, 'API', '2025-10-22 09:29:11', '2025-10-22 09:29:11'),
(2401, 'e5266555-8859-4f96-bab0-6596b9736d94', '75609893', 'Aronasoft', 'eRLsKrw_6N', 'linkedin', 'industry', 'Food and Beverage Retail', 1, 'API', '2025-10-22 09:29:11', '2025-10-22 09:29:11'),
(2402, 'e5266555-8859-4f96-bab0-6596b9736d94', '75609893', 'Aronasoft', 'eRLsKrw_6N', 'linkedin', 'industry', 'Technology, Information and Media', 1, 'API', '2025-10-22 09:29:11', '2025-10-22 09:29:11'),
(2403, 'e5266555-8859-4f96-bab0-6596b9736d94', '75609893', 'Aronasoft', 'eRLsKrw_6N', 'linkedin', 'industry', 'Oil and Gas', 1, 'API', '2025-10-22 09:29:11', '2025-10-22 09:29:11'),
(2404, 'e5266555-8859-4f96-bab0-6596b9736d94', '75609893', 'Aronasoft', 'eRLsKrw_6N', 'linkedin', 'industry', 'Business Content', 1, 'API', '2025-10-22 09:29:11', '2025-10-22 09:29:11'),
(2405, 'e5266555-8859-4f96-bab0-6596b9736d94', '75609893', 'Aronasoft', 'eRLsKrw_6N', 'linkedin', 'industry', 'Furniture and Home Furnishings Manufacturing', 1, 'API', '2025-10-22 09:29:11', '2025-10-22 09:29:11'),
(2406, 'e5266555-8859-4f96-bab0-6596b9736d94', '75609893', 'Aronasoft', 'eRLsKrw_6N', 'linkedin', 'industry', 'Machinery Manufacturing', 1, 'API', '2025-10-22 09:29:11', '2025-10-22 09:29:11'),
(2407, 'e5266555-8859-4f96-bab0-6596b9736d94', '75609893', 'Aronasoft', 'eRLsKrw_6N', 'linkedin', 'industry', 'Public Health', 1, 'API', '2025-10-22 09:29:11', '2025-10-22 09:29:11'),
(2408, 'e5266555-8859-4f96-bab0-6596b9736d94', '75609893', 'Aronasoft', 'eRLsKrw_6N', 'linkedin', 'industry', 'Appliances, Electrical, and Electronics Manufacturing', 1, 'API', '2025-10-22 09:29:11', '2025-10-22 09:29:11'),
(2409, 'e5266555-8859-4f96-bab0-6596b9736d94', '75609893', 'Aronasoft', 'eRLsKrw_6N', 'linkedin', 'industry', 'Computers and Electronics Manufacturing', 1, 'API', '2025-10-22 09:29:11', '2025-10-22 09:29:11'),
(2410, 'e5266555-8859-4f96-bab0-6596b9736d94', '75609893', 'Aronasoft', 'eRLsKrw_6N', 'linkedin', 'industry', 'Internet News', 1, 'API', '2025-10-22 09:29:11', '2025-10-22 09:29:11'),
(2411, 'e5266555-8859-4f96-bab0-6596b9736d94', '75609893', 'Aronasoft', 'eRLsKrw_6N', 'linkedin', 'industry', 'Civil Engineering', 1, 'API', '2025-10-22 09:29:11', '2025-10-22 09:29:11'),
(2412, 'e5266555-8859-4f96-bab0-6596b9736d94', '75609893', 'Aronasoft', 'eRLsKrw_6N', 'linkedin', 'industry', 'Cable and Satellite Programming', 1, 'API', '2025-10-22 09:29:11', '2025-10-22 09:29:11'),
(2413, 'e5266555-8859-4f96-bab0-6596b9736d94', '75609893', 'Aronasoft', 'eRLsKrw_6N', 'linkedin', 'industry', 'Architecture and Planning', 1, 'API', '2025-10-22 09:29:11', '2025-10-22 09:29:11'),
(2414, 'e5266555-8859-4f96-bab0-6596b9736d94', '75609893', 'Aronasoft', 'eRLsKrw_6N', 'linkedin', 'industry', 'Fashion Accessories Manufacturing', 1, 'API', '2025-10-22 09:29:11', '2025-10-22 09:29:11'),
(2415, 'e5266555-8859-4f96-bab0-6596b9736d94', '75609893', 'Aronasoft', 'eRLsKrw_6N', 'linkedin', 'industry', 'Wholesale Building Materials', 1, 'API', '2025-10-22 09:29:11', '2025-10-22 09:29:11'),
(2416, 'e5266555-8859-4f96-bab0-6596b9736d94', '75609893', 'Aronasoft', 'eRLsKrw_6N', 'linkedin', 'industry', 'Strategic Management Services', 1, 'API', '2025-10-22 09:29:11', '2025-10-22 09:29:11'),
(2417, 'e5266555-8859-4f96-bab0-6596b9736d94', '75609893', 'Aronasoft', 'eRLsKrw_6N', 'linkedin', 'industry', 'Radio and Television Broadcasting', 1, 'API', '2025-10-22 09:29:11', '2025-10-22 09:29:11'),
(2418, 'e5266555-8859-4f96-bab0-6596b9736d94', '75609893', 'Aronasoft', 'eRLsKrw_6N', 'linkedin', 'industry', 'Maritime Transportation', 1, 'API', '2025-10-22 09:29:11', '2025-10-22 09:29:11'),
(2419, 'e5266555-8859-4f96-bab0-6596b9736d94', '75609893', 'Aronasoft', 'eRLsKrw_6N', 'linkedin', 'industry', 'Motor Vehicle Parts Manufacturing', 1, 'API', '2025-10-22 09:29:11', '2025-10-22 09:29:11'),
(2420, 'e5266555-8859-4f96-bab0-6596b9736d94', '75609893', 'Aronasoft', 'eRLsKrw_6N', 'linkedin', 'industry', 'Law Practice', 1, 'API', '2025-10-22 09:29:11', '2025-10-22 09:29:11'),
(2421, 'e5266555-8859-4f96-bab0-6596b9736d94', '75609893', 'Aronasoft', 'eRLsKrw_6N', 'linkedin', 'industry', 'Civic and Social Organizations', 1, 'API', '2025-10-22 09:29:11', '2025-10-22 09:29:11'),
(2422, 'e5266555-8859-4f96-bab0-6596b9736d94', '75609893', 'Aronasoft', 'eRLsKrw_6N', 'linkedin', 'industry', 'Professional Services', 1, 'API', '2025-10-22 09:29:11', '2025-10-22 09:29:11'),
(2423, 'e5266555-8859-4f96-bab0-6596b9736d94', '75609893', 'Aronasoft', 'eRLsKrw_6N', 'linkedin', 'industry', 'Computer Games', 1, 'API', '2025-10-22 09:29:11', '2025-10-22 09:29:11'),
(2424, 'e5266555-8859-4f96-bab0-6596b9736d94', '75609893', 'Aronasoft', 'eRLsKrw_6N', 'linkedin', 'geo', 'INDIA', 736, 'API', '2025-10-22 09:29:11', '2025-10-22 09:29:11'),
(2425, 'e5266555-8859-4f96-bab0-6596b9736d94', '75609893', 'Aronasoft', 'eRLsKrw_6N', 'linkedin', 'geo', 'UNITED STATES', 35, 'API', '2025-10-22 09:29:11', '2025-10-22 09:29:11'),
(2426, 'e5266555-8859-4f96-bab0-6596b9736d94', '75609893', 'Aronasoft', 'eRLsKrw_6N', 'linkedin', 'geo', 'UNITED ARAB EMIRATES', 13, 'API', '2025-10-22 09:29:11', '2025-10-22 09:29:11'),
(2427, 'e5266555-8859-4f96-bab0-6596b9736d94', '75609893', 'Aronasoft', 'eRLsKrw_6N', 'linkedin', 'geo', 'UNITED KINGDOM', 12, 'API', '2025-10-22 09:29:11', '2025-10-22 09:29:11'),
(2428, 'e5266555-8859-4f96-bab0-6596b9736d94', '75609893', 'Aronasoft', 'eRLsKrw_6N', 'linkedin', 'geo', 'PAKISTAN', 8, 'API', '2025-10-22 09:29:11', '2025-10-22 09:29:11'),
(2429, 'e5266555-8859-4f96-bab0-6596b9736d94', '75609893', 'Aronasoft', 'eRLsKrw_6N', 'linkedin', 'geo', 'EGYPT', 6, 'API', '2025-10-22 09:29:11', '2025-10-22 09:29:11'),
(2430, 'e5266555-8859-4f96-bab0-6596b9736d94', '75609893', 'Aronasoft', 'eRLsKrw_6N', 'linkedin', 'geo', 'NIGERIA', 5, 'API', '2025-10-22 09:29:11', '2025-10-22 09:29:11'),
(2431, 'e5266555-8859-4f96-bab0-6596b9736d94', '75609893', 'Aronasoft', 'eRLsKrw_6N', 'linkedin', 'geo', 'BANGLADESH', 4, 'API', '2025-10-22 09:29:11', '2025-10-22 09:29:11'),
(2432, 'e5266555-8859-4f96-bab0-6596b9736d94', '75609893', 'Aronasoft', 'eRLsKrw_6N', 'linkedin', 'geo', 'CANADA', 3, 'API', '2025-10-22 09:29:11', '2025-10-22 09:29:11'),
(2433, 'e5266555-8859-4f96-bab0-6596b9736d94', '75609893', 'Aronasoft', 'eRLsKrw_6N', 'linkedin', 'geo', 'FRANCE', 2, 'API', '2025-10-22 09:29:11', '2025-10-22 09:29:11'),
(2434, 'e5266555-8859-4f96-bab0-6596b9736d94', '75609893', 'Aronasoft', 'eRLsKrw_6N', 'linkedin', 'geo', 'PHILIPPINES', 2, 'API', '2025-10-22 09:29:11', '2025-10-22 09:29:11'),
(2435, 'e5266555-8859-4f96-bab0-6596b9736d94', '75609893', 'Aronasoft', 'eRLsKrw_6N', 'linkedin', 'geo', 'AUSTRALIA', 2, 'API', '2025-10-22 09:29:11', '2025-10-22 09:29:11'),
(2436, 'e5266555-8859-4f96-bab0-6596b9736d94', '75609893', 'Aronasoft', 'eRLsKrw_6N', 'linkedin', 'geo', 'ARGENTINA', 1, 'API', '2025-10-22 09:29:11', '2025-10-22 09:29:11'),
(2437, 'e5266555-8859-4f96-bab0-6596b9736d94', '75609893', 'Aronasoft', 'eRLsKrw_6N', 'linkedin', 'geo', 'LEBANON', 1, 'API', '2025-10-22 09:29:11', '2025-10-22 09:29:11'),
(2438, 'e5266555-8859-4f96-bab0-6596b9736d94', '75609893', 'Aronasoft', 'eRLsKrw_6N', 'linkedin', 'geo', 'TRKIYE', 1, 'API', '2025-10-22 09:29:11', '2025-10-22 09:29:11'),
(2439, 'e5266555-8859-4f96-bab0-6596b9736d94', '75609893', 'Aronasoft', 'eRLsKrw_6N', 'linkedin', 'geo', 'MALAWI', 1, 'API', '2025-10-22 09:29:11', '2025-10-22 09:29:11'),
(2440, 'e5266555-8859-4f96-bab0-6596b9736d94', '75609893', 'Aronasoft', 'eRLsKrw_6N', 'linkedin', 'geo', 'GHANA', 1, 'API', '2025-10-22 09:29:11', '2025-10-22 09:29:11'),
(2441, 'e5266555-8859-4f96-bab0-6596b9736d94', '75609893', 'Aronasoft', 'eRLsKrw_6N', 'linkedin', 'geo', 'INDONESIA', 1, 'API', '2025-10-22 09:29:11', '2025-10-22 09:29:11'),
(2442, 'e5266555-8859-4f96-bab0-6596b9736d94', '75609893', 'Aronasoft', 'eRLsKrw_6N', 'linkedin', 'geo', 'ECUADOR', 1, 'API', '2025-10-22 09:29:11', '2025-10-22 09:29:11'),
(2443, 'e5266555-8859-4f96-bab0-6596b9736d94', '75609893', 'Aronasoft', 'eRLsKrw_6N', 'linkedin', 'geo', 'MALAYSIA', 1, 'API', '2025-10-22 09:29:11', '2025-10-22 09:29:11'),
(2444, 'e5266555-8859-4f96-bab0-6596b9736d94', '75609893', 'Aronasoft', 'eRLsKrw_6N', 'linkedin', 'geo', 'SUDAN', 1, 'API', '2025-10-22 09:29:11', '2025-10-22 09:29:11'),
(2445, 'e5266555-8859-4f96-bab0-6596b9736d94', '75609893', 'Aronasoft', 'eRLsKrw_6N', 'linkedin', 'geo', 'VENEZUELA', 1, 'API', '2025-10-22 09:29:11', '2025-10-22 09:29:11'),
(2446, 'e5266555-8859-4f96-bab0-6596b9736d94', '75609893', 'Aronasoft', 'eRLsKrw_6N', 'linkedin', 'geo', 'GERMANY', 1, 'API', '2025-10-22 09:29:11', '2025-10-22 09:29:11'),
(2447, 'e5266555-8859-4f96-bab0-6596b9736d94', '75609893', 'Aronasoft', 'eRLsKrw_6N', 'linkedin', 'geo', 'CAMBODIA', 1, 'API', '2025-10-22 09:29:11', '2025-10-22 09:29:11'),
(2448, 'e5266555-8859-4f96-bab0-6596b9736d94', '75609893', 'Aronasoft', 'eRLsKrw_6N', 'linkedin', 'geo', 'TUNISIA', 1, 'API', '2025-10-22 09:29:11', '2025-10-22 09:29:11'),
(2449, 'e5266555-8859-4f96-bab0-6596b9736d94', '75609893', 'Aronasoft', 'eRLsKrw_6N', 'linkedin', 'geo', 'LITHUANIA', 1, 'API', '2025-10-22 09:29:11', '2025-10-22 09:29:11');

--
-- Dumping data for table `inbox_conversations`
--

INSERT INTO `inbox_conversations` (`id`, `user_uuid`, `social_userid`, `social_pageid`, `social_platform`, `conversation_id`, `external_userid`, `external_username`, `external_userImg`, `snippet`, `status`, `createdAt`, `updatedAt`) VALUES
(310, 'b4206492-1778-4860-8e24-af93296a37d4', '122156535248577012', '631102136744766', 'facebook', 't_4434236870195991', '9825514350861008', 'Andy Mehra', NULL, 'Hello! How can I help you today?', 'Active', '2025-12-10 07:49:41', '2025-12-10 07:49:41');

--
-- Dumping data for table `inbox_messages`
--

INSERT INTO `inbox_messages` (`id`, `conversation_id`, `platform_message_id`, `sender_type`, `message_text`, `message_type`, `is_read`, `timestamp`, `createdAt`, `updatedAt`) VALUES
(6042, 't_4434236870195991', 'm_nFxVMmGKr_f2ibZ8lyMux8mkDypFqAmNB5iTvX5h10y2yo9v_A4xVENHxSFhRleScwa7SX4gnXKg859uM4hreg', 'page', 'Hello! How can I help you today?', 'text', 'yes', '2025-11-04T13:02:33+0000', '2025-12-10 07:49:43', '2025-12-10 07:49:43'),
(6043, 't_4434236870195991', 'm_rLnKt7i-56aPfsjS4BWX-MmkDypFqAmNB5iTvX5h10wSqAjxSl3zaH9vQq8Pj-OLQsHtn1dr33MJbxeDz3D5Tw', 'visitor', 'Hello', 'text', 'yes', '2025-11-04T13:02:26+0000', '2025-12-10 07:49:44', '2025-12-10 07:49:44'),
(6044, 't_4434236870195991', 'm_9QrvXBEicRji0AeDeLi9KsmkDypFqAmNB5iTvX5h10wCK7k-FnFcTkly4xQKsAnQ7KkulPM1c2alFXQyKX_gPQ', 'page', 'Hi there! How can I help you today?', 'text', 'yes', '2025-11-04T10:59:45+0000', '2025-12-10 07:49:45', '2025-12-10 07:49:45'),
(6045, 't_4434236870195991', 'm_dnokLVx0StxQWI6LMik4qMmkDypFqAmNB5iTvX5h10xBiuhEFhUcA0_fMuyvfHXTkic2Eh-pjGV1lHruj8kytw', 'visitor', 'Hi', 'text', 'yes', '2025-11-04T10:59:38+0000', '2025-12-10 07:49:46', '2025-12-10 07:49:46'),
(6046, 't_4434236870195991', 'm_8mmpQ58kuvopSz6EnwlOz8mkDypFqAmNB5iTvX5h10yqy_gssrMyrvt751OGfD4UBmXcIwVG5F0zU1hTvL69hA', 'page', 'Hello andy sir ', 'text', 'yes', '2025-11-04T10:59:04+0000', '2025-12-10 07:49:47', '2025-12-10 07:49:47'),
(6047, 't_4434236870195991', 'm_GZsMtFBVZIteB_riAhwo9cmkDypFqAmNB5iTvX5h10znD-PlyVQfFPD5ciunlyElVHu-jSPBbymdSVuL0TThCA', 'page', 'The product documentation covers Product Mastery & How-To Guides for everyday use, best practices, and standard workflows. It also includes Technical Troubleshooting & Support for issues, errors, compatibility, and solutions, as well as Company, Policies & Account Management for administrative and general inquiries.', 'text', 'yes', '2025-11-04T10:55:22+0000', '2025-12-10 07:49:47', '2025-12-10 07:49:47'),
(6048, 't_4434236870195991', 'm_ciMuwm3BhVJ1etbasuiyzMmkDypFqAmNB5iTvX5h10xPRk825ZwVUIS6hCkRC5M93gmvqhidjt5beimIpzQIRw', 'visitor', 'Tell me about product', 'text', 'yes', '2025-11-04T10:55:10+0000', '2025-12-10 07:49:48', '2025-12-10 07:49:48'),
(6049, 't_4434236870195991', 'm_NsYWcz0NG6VHC3otxTKqPMmkDypFqAmNB5iTvX5h10wAGH78coLueR16MPIIQv_dHId7rANNp2v43v5zk157cQ', 'page', 'For billing and subscription, you can find information on how to change your payment method or billing cycle, understand your invoice and subscription tiers, and learn about the cancellation and refund policy. These details are under the Company, Policies & Account Management section.', 'text', 'yes', '2025-11-04T10:54:48+0000', '2025-12-10 07:49:49', '2025-12-10 07:49:49'),
(6050, 't_4434236870195991', 'm_LH4_u73gEFZofh5wEM3P1cmkDypFqAmNB5iTvX5h10yAPcmWOvwFDLUog4g1hiFlR65QQ1TMWb0ZYkglddYHJg', 'visitor', 'Tell me about billing and subscription', 'text', 'yes', '2025-11-04T10:54:29+0000', '2025-12-10 07:49:51', '2025-12-10 07:49:51'),
(6051, 't_4434236870195991', 'm_viPhnCXvwzJ5vhBx9rqOWMmkDypFqAmNB5iTvX5h10yg0Up1uWTSg7GFBtjUEpZWcktdU4HPszKs4PAZg67E0A', 'page', 'Hi there! How can I help you today?', 'text', 'yes', '2025-11-04T10:53:38+0000', '2025-12-10 07:49:52', '2025-12-10 07:49:52'),
(6052, 't_4434236870195991', 'm_Roe5Ts9Y6qHDnOw-Nsz81MmkDypFqAmNB5iTvX5h10xUooe4QcRJ-nHA9utYoGWmBRvs24W1QRRLRpXiAr6qHg', 'visitor', 'Hi', 'text', 'yes', '2025-11-04T10:53:30+0000', '2025-12-10 07:49:53', '2025-12-10 07:49:53');

--
-- Dumping data for table `knowledgebase_meta`
--

INSERT INTO `knowledgebase_meta` (`id`, `user_uuid`, `knowledgeBase_id`, `pages_id`, `social_account_id`, `social_platform`, `namespace_id`, `createdAt`, `updatedAt`) VALUES
(12, '', '19', '621976714336919', '2479778642411729', 'facebook', '6fb3b085-9fa9-4e28-9440-e448aaafa6d5', '2025-12-01 11:11:12', '2025-12-01 11:11:12');

--
-- Dumping data for table `knowledge_base`
--

INSERT INTO `knowledge_base` (`id`, `user_uuid`, `knowledgeBase_title`, `knowledgeBase_content`, `social_platform`, `socialDataDetail`, `status`, `createdAt`, `updatedAt`) VALUES
(19, 'b4206492-1778-4860-8e24-af93296a37d4', 'Knowledge-Based AI Assistant  Aronasoft Internal Support', 'Overview\nThe Aronasoft Knowledge-Based AI Assistant is an internal support chatbot designed to assist team members in quickly accessing information from company documentation, technical guides, and product knowledge bases. It provides instant answers to internal queries about software products, APIs, deployments, and troubleshooting steps.\n\nObjectives\nProvide instant access to Aronasofts official documentation.\n\n\nReduce dependency on manual lookups or internal Slack messages.\n\n\nEnable developers, support engineers, and project managers to get consistent, verified answers.\n\n\nImprove response time for internal technical support.\n\n\n\nCore Features\nNatural Language Q&A\n Employees can ask questions in plain English, e.g.,\n\n\n How do I deploy the analytics service to staging?\n Whats the endpoint for the user authentication API?\n\n\n\nDocument Retrieval (RAG)\n The assistant searches across indexed company documents (PDFs, Markdown, or Confluence pages) and retrieves the most relevant sections before generating an answer.\n\n\nSource Linking\n Each response includes references to the document or section it was pulled from, ensuring transparency.\n\n\nRole-Based Context\n Supports access controldevelopers see code snippets, while project managers see policy or release info.\n\n\nContinuous Updates\n The knowledge base is automatically updated whenever new internal documentation is pushed to the repository.\n\n\n\nArchitecture\nComponents:\nFrontend: Web chat widget or internal portal chat (React/Next.js).\n\n\nBackend: Node.js + Express server for chat routing.\n\n\nEmbedding Engine: OpenAI embeddings (e.g., text-embedding-3-large).\n\n\nVector Database: Pinecone / Weaviate / FAISS to store document embeddings.\n\n\nLLM Layer: OpenAI GPT-4 or GPT-5 for response generation.\n\n\nData Source: Confluence, Notion, Markdown docs, or PDF manuals.\n\n\nFlow:\nUser submits a query.\n\n\nBackend converts query  embedding vector.\n\n\nVector DB retrieves top 35 relevant document chunks.\n\n\nLLM uses those chunks to generate a verified, contextual answer.\n\n\nResponse is sent back with cited sources.\n\n\n\nExample Tech Stack\nComponent\nRecommended Tool\nChat UI\nReact + Tailwind\nAPI Server\nNode.js + Express\nVector Store\nPinecone or FAISS\nLLM\nOpenAI GPT-4 / GPT-5\nOrchestration\nLangChain or LlamaIndex\nAuthentication\nJWT / SSO Integration\nHosting\nAWS / Vercel / Render\n\n\nExample Use Cases\nDeveloper Support:\n Show me how to integrate the payment SDK.\n\n\nCustomer Success:\n Where is the client onboarding checklist?\n\n\nQA Team:\n What are the test cases for login API v2?\n\n\nSales Team:\n Can you summarize the product benefits for the ERP module?\n\n\n\nMaintenance\nUpdate documentation index weekly or when major releases occur.\n\n\nRegularly retrain embeddings when content changes significantly.\n\n\nMaintain versioning for all docs to ensure accurate retrieval.\n\n\n\nSecurity & Access Control\nInternal access only (via VPN or company SSO).\n\n\nRole-based permissions for confidential docs.\n\n\nQuery logging for improvement analytics, not for surveillance.\n\n\n\nFuture Enhancements\nIntegrate with Slack and Microsoft Teams for direct access.\n\n\nAdd document upload interface for real-time indexing.\n\n\nImplement analytics dashboard to track most-searched topics.\n\n\n\nExample Prompt Workflow\nInput:\nHow can I connect our CRM with the lead tracker API?\nAssistant Process:\nSearches API Integration + CRM Docs in vector DB\n\n\nRetrieves relevant code snippets\n\n\nResponds with summarized instructions and code example\n\n\nOutput:\nYou can connect the CRM using the /api/v1/leads/import endpoint.\n Refer to: docs/api/lead-tracker.md (Section 4.2)\n\nPrepared by: Aronasoft Internal AI Systems Team\n Version: 1.0  October 2025\n\n', '[\"facebook\"]', '[{\"socialAccount\":\"2479778642411729\",\"pages\":[\"621976714336919\"]}]', 'Connected', '2025-11-10 06:36:03', '2025-12-01 11:11:11');

--
-- Dumping data for table `migrations`
--

INSERT INTO `migrations` (`id`, `migration`, `batch`) VALUES
(1, '2025_11_27_180000_create_admin_users_table', 1),
(2, '2025_11_27_180001_create_sessions_table', 1),
(3, '2025_11_27_180002_create_admin_settings_table', 2),
(4, '2025_11_27_180003_create_social_media_page_scores_table', 3),
(5, '2025_11_28_100001_create_permissions_table', 4),
(6, '2025_11_28_100002_create_roles_table', 4),
(7, '2025_11_28_100003_create_role_permission_table', 4),
(9, '2025_11_28_100005_alter_permissions_and_roles_tables', 5),
(10, '2025_11_28_100004_create_admin_user_role_table', 6),
(11, '2025_11_28_153004_add_status_to_admin_users_table', 7),
(12, '2025_11_29_100001_create_admin_feature_flags_table', 8),
(13, '2025_11_29_100002_create_admin_alerts_table', 8),
(14, '2025_11_29_100003_create_subscription_plans_table', 8),
(15, '2025_11_29_100004_create_webhooks_table', 8),
(16, '2025_11_29_100005_create_compliance_tables', 8),
(17, '2025_11_30_100001_add_platform_to_social_page_table', 9),
(18, '2025_11_30_100003_add_access_token_expiry_to_social_users', 9),
(19, '2025_11_30_100004_add_score_columns_to_score_tables', 9),
(20, '2025_12_03_100001_enhance_subscription_plans_table', 10),
(21, '2025_12_03_122457_simplify_subscription_plans_table', 10),
(22, '2025_12_03_130443_add_plan_limits_and_yearly_pricing_to_subscription_plans_table', 11),
(23, '2025_12_04_120103_enhance_subscription_plans_with_features', 12),
(24, '2025_12_04_125109_convert_plan_features_to_boolean', 12),
(25, '2025_12_06_200001_create_billing_notifications_table', 13),
(26, '2025_12_06_200002_create_billing_activity_logs_table', 13),
(27, '2025_12_06_200003_create_payment_methods_table', 13),
(28, '2025_12_06_200004_add_encrypted_type_to_admin_settings', 13),
(29, '2025_12_06_200005_add_notification_fields_to_subscriptions', 13),
(30, '2025_12_08_200001_create_admin_audit_logs_table', 13),
(31, '2025_12_08_200002_create_admin_sessions_table', 13),
(32, '2025_12_08_210001_create_users_table', 14),
(33, '2025_12_08_210002_create_social_users_table', 14),
(34, '2025_12_08_220000_fix_collation_mismatch', 14);

--
-- Dumping data for table `notification_settings`
--

INSERT INTO `notification_settings` (`id`, `notification_type`, `category`, `name`, `description`, `enabled`, `frequency`, `channels`, `template_name`, `subject_template`, `conditions`, `priority`, `retry_enabled`, `max_retries`, `cooldown_hours`, `user_configurable`, `metadata`, `createdAt`, `updatedAt`) VALUES
(1, 'trial_ending_24h', 'billing', 'Trial Ending (24 Hours)', 'Notify users 24 hours before their trial ends', 1, 'hourly', '[\"email\"]', 'trial_ending', 'Your trial ends tomorrow - Add payment method', '{\"hours_before\":24}', 5, 1, 3, 24, 0, NULL, '2025-12-06 17:17:11', '2025-12-09 13:09:15'),
(2, 'trial_ending_1h', 'billing', 'Trial Ending (1 Hour)', 'Notify users 1 hour before their trial ends', 1, 'hourly', '[\"email\",\"in_app\"]', 'trial_ending', 'Your trial ends in 1 hour!', '{\"hours_before\":1}', 5, 1, 3, 24, 0, NULL, '2025-12-06 17:17:11', '2025-12-09 13:09:15'),
(3, 'trial_ended', 'billing', 'Trial Ended', 'Notify users when their trial has ended', 1, 'immediate', '[\"email\"]', 'trial_ended', 'Your trial has ended', '{}', 4, 1, 3, 24, 0, NULL, '2025-12-06 17:17:12', '2025-12-09 13:09:15'),
(4, 'payment_succeeded', 'billing', 'Payment Succeeded', 'Notify users of successful payment', 1, 'immediate', '[\"email\"]', 'payment_success', 'Payment received - Thank you!', '{}', 3, 1, 3, 24, 1, NULL, '2025-12-06 17:17:12', '2025-12-09 13:09:16'),
(5, 'payment_failed', 'billing', 'Payment Failed', 'Notify users when payment fails', 1, 'immediate', '[\"email\",\"in_app\"]', 'payment_failed', 'Action Required: Payment failed', '{}', 5, 1, 3, 24, 0, NULL, '2025-12-06 17:17:12', '2025-12-09 13:09:16'),
(6, 'renewal_reminder_3d', 'billing', 'Renewal Reminder (3 Days)', 'Remind users 3 days before renewal', 1, 'daily', '[\"email\"]', 'renewal_reminder', 'Your subscription renews in 3 days', '{\"days_before\":3}', 3, 1, 3, 24, 1, NULL, '2025-12-06 17:17:13', '2025-12-09 13:09:16'),
(7, 'renewal_reminder_1d', 'billing', 'Renewal Reminder (1 Day)', 'Remind users 1 day before renewal', 1, 'daily', '[\"email\"]', 'renewal_reminder', 'Your subscription renews tomorrow', '{\"days_before\":1}', 4, 1, 3, 24, 1, NULL, '2025-12-06 17:17:13', '2025-12-09 13:09:16'),
(8, 'subscription_canceled', 'billing', 'Subscription Canceled', 'Notify users when subscription is canceled', 1, 'immediate', '[\"email\"]', 'subscription_canceled', 'Your subscription has been canceled', '{}', 4, 1, 3, 24, 0, NULL, '2025-12-06 17:17:13', '2025-12-09 13:09:17'),
(9, 'usage_limit_80', 'usage', 'Usage Limit 80%', 'Notify when user reaches 80% of plan limit', 1, 'hourly', '[\"email\",\"in_app\"]', 'usage_warning', 'You\'ve used 80% of your plan limit', '{\"percentage\":80}', 4, 1, 3, 24, 1, NULL, '2025-12-06 17:17:14', '2025-12-09 13:09:17'),
(10, 'usage_limit_100', 'usage', 'Usage Limit Reached', 'Notify when user reaches 100% of plan limit', 1, 'immediate', '[\"email\",\"in_app\"]', 'usage_limit_reached', 'You\'ve reached your plan limit', '{\"percentage\":100}', 5, 1, 3, 24, 0, NULL, '2025-12-06 17:17:14', '2025-12-09 13:09:17'),
(11, 'daily_post_limit_warning', 'usage', 'Daily Post Limit Warning', 'Warn when approaching daily post limit', 1, 'hourly', '[\"in_app\"]', 'daily_limit_warning', 'Approaching daily post limit', '{\"remaining_posts\":3}', 3, 1, 3, 24, 1, NULL, '2025-12-06 17:17:14', '2025-12-09 13:09:17'),
(12, 'inactive_reminder_7d', 'engagement', 'Inactive Reminder (7 Days)', 'Remind inactive users after 7 days', 1, 'daily', '[\"email\"]', 'inactive_reminder', 'We miss you! Come back and grow your social presence', '{\"inactive_days\":7}', 2, 1, 3, 24, 1, NULL, '2025-12-06 17:17:14', '2025-12-09 13:09:18'),
(13, 'inactive_reminder_30d', 'engagement', 'Inactive Reminder (30 Days)', 'Remind inactive users after 30 days', 1, 'weekly', '[\"email\"]', 'inactive_reminder', 'It\'s been a while - Here\'s what you\'ve missed', '{\"inactive_days\":30}', 2, 1, 3, 24, 1, NULL, '2025-12-06 17:17:15', '2025-12-09 13:09:18'),
(14, 'follower_milestone', 'engagement', 'Follower Milestone', 'Celebrate follower milestones', 1, 'daily', '[\"email\",\"in_app\"]', 'follower_milestone', 'Congratulations! You\'ve reached a new milestone', '{\"milestones\":[100,500,1000,5000,10000]}', 3, 1, 3, 24, 1, NULL, '2025-12-06 17:17:15', '2025-12-09 13:09:18'),
(15, 'engagement_alert_high', 'engagement', 'High Engagement Alert', 'Alert when post gets unusually high engagement', 1, 'hourly', '[\"in_app\"]', 'engagement_alert', 'Your post is performing great!', '{\"threshold_multiplier\":2}', 3, 1, 3, 24, 1, NULL, '2025-12-06 17:17:15', '2025-12-09 13:09:18'),
(16, 'engagement_alert_low', 'engagement', 'Low Engagement Alert', 'Alert when engagement drops significantly', 1, 'daily', '[\"email\"]', 'engagement_alert', 'Tips to boost your engagement', '{\"drop_percentage\":50}', 2, 1, 3, 24, 1, NULL, '2025-12-06 17:17:15', '2025-12-09 13:09:19'),
(17, 'weekly_digest', 'system', 'Weekly Digest', 'Weekly summary of account activity and stats', 1, 'weekly', '[\"email\"]', 'weekly_digest', 'Your Weekly Social Media Digest', '{\"day_of_week\":\"monday\"}', 2, 1, 3, 24, 1, NULL, '2025-12-06 17:17:16', '2025-12-09 13:09:19'),
(18, 'monthly_report', 'system', 'Monthly Report', 'Monthly analytics and performance report', 1, 'monthly', '[\"email\"]', 'monthly_report', 'Your Monthly Performance Report', '{\"day_of_month\":1}', 2, 1, 3, 24, 1, NULL, '2025-12-06 17:17:16', '2025-12-09 13:09:19'),
(19, 'feature_tip', 'system', 'Feature Tips', 'Tips about features user hasn\'t used', 1, 'weekly', '[\"email\",\"in_app\"]', 'feature_tip', 'Tip: Have you tried this feature?', '{\"max_per_month\":4}', 1, 1, 3, 24, 1, NULL, '2025-12-06 17:17:16', '2025-12-09 13:09:19'),
(20, 'social_account_disconnected', 'system', 'Account Disconnected', 'Alert when social account gets disconnected', 1, 'immediate', '[\"email\",\"in_app\"]', 'account_disconnected', 'Action Required: Reconnect your account', '{}', 5, 1, 3, 24, 0, NULL, '2025-12-06 17:17:16', '2025-12-09 13:09:20'),
(21, 'scheduled_post_failed', 'system', 'Scheduled Post Failed', 'Alert when scheduled post fails to publish', 1, 'immediate', '[\"email\",\"in_app\"]', 'post_failed', 'Your scheduled post failed to publish', '{}', 5, 1, 3, 24, 0, NULL, '2025-12-06 17:17:17', '2025-12-09 13:09:20'),
(22, 'new_feature_announcement', 'marketing', 'New Feature Announcement', 'Announce new features to users', 1, 'immediate', '[\"email\",\"in_app\"]', 'new_feature', 'New Feature: Check out what\'s new!', '{}', 2, 1, 3, 24, 1, NULL, '2025-12-06 17:17:17', '2025-12-09 13:09:20'),
(23, 'upgrade_suggestion', 'marketing', 'Upgrade Suggestion', 'Suggest plan upgrade when hitting limits', 0, 'daily', '[\"in_app\"]', 'upgrade_suggestion', 'Unlock more with an upgrade', '{\"show_after_limit_hits\":3}', 1, 1, 3, 24, 1, NULL, '2025-12-06 17:17:17', '2025-12-09 13:09:20');

--
-- Dumping data for table `payment_methods`
--

INSERT INTO `payment_methods` (`id`, `user_uuid`, `stripe_customer_id`, `stripe_payment_method_id`, `type`, `brand`, `last4`, `exp_month`, `exp_year`, `funding`, `country`, `billing_details`, `is_default`, `status`, `fingerprint`, `wallet`, `metadata`, `createdAt`, `updatedAt`) VALUES
(1, '9e47ed0e-73f7-41d5-9dac-5c37b8df8a4f', 'cus_TZHNim28DTlc56', 'pm_1Sc8r5HpVJPrOqLkGD0xuD2V', 'card', 'visa', '1111', 11, 2034, 'credit', 'US', '{\"address\":{\"city\":null,\"country\":\"IN\",\"line1\":null,\"line2\":null,\"postal_code\":null,\"state\":null},\"email\":\"developer0945@gmail.com\",\"name\":\"Sudhir Ku\",\"phone\":\"(714) 781-4565\",\"tax_id\":null}', 0, 'active', 'G95Ez9iUIsKX1A0j', NULL, NULL, '2025-12-08 18:08:18', '2025-12-08 18:08:18'),
(2, '6f4362d5-744c-446e-8108-8db805396e51', 'cus_TZI0IIGiL6g3IG', 'pm_1Sc9R4HpVJPrOqLkOXnfcKFb', 'card', 'visa', '1111', 2, 2034, 'credit', 'US', '{\"address\":{\"city\":null,\"country\":\"IN\",\"line1\":null,\"line2\":null,\"postal_code\":null,\"state\":null},\"email\":\"developerw0945@gmail.com\",\"name\":\"Baljeet Singh\",\"phone\":\"(714) 781-4565\",\"tax_id\":null}', 0, 'active', 'G95Ez9iUIsKX1A0j', NULL, NULL, '2025-12-08 18:45:28', '2025-12-08 18:45:28'),
(3, '51a83ba2-9f05-455d-a97e-f9490c6cdc40', 'cus_TZagUWYu5xfAq9', 'pm_1ScRVVHpVJPrOqLkOYMy32bv', 'card', 'visa', '1111', 10, 2039, 'credit', 'US', '{\"address\":{\"city\":null,\"country\":\"IN\",\"line1\":null,\"line2\":null,\"postal_code\":null,\"state\":null},\"email\":\"sudhirkundal007@gmail.com\",\"name\":\"Sudhir kundal\",\"phone\":\"(600) 523-4491\",\"tax_id\":null}', 0, 'active', 'G95Ez9iUIsKX1A0j', 'link', NULL, '2025-12-09 14:03:16', '2025-12-09 14:03:16');

--
-- Dumping data for table `permissions`
--

INSERT INTO `permissions` (`id`, `name`, `display_name`, `description`, `group`, `created_at`, `updated_at`) VALUES
(1, 'view_customers', 'View Customers', 'View customer list and details', 'customers', '2025-11-28 15:26:07', '2025-11-28 15:26:07'),
(2, 'edit_customers', 'Edit Customers', 'Edit customer information', 'customers', '2025-11-28 15:26:08', '2025-11-28 15:26:08'),
(3, 'delete_customers', 'Delete Customers', 'Delete customers', 'customers', '2025-11-28 15:26:08', '2025-11-28 15:26:08'),
(4, 'view_subscriptions', 'View Subscriptions', 'View subscription list and details', 'subscriptions', '2025-11-28 15:26:08', '2025-11-28 15:26:08'),
(5, 'manage_subscriptions', 'Manage Subscriptions', 'Create, edit, and cancel subscriptions', 'subscriptions', '2025-11-28 15:26:08', '2025-11-28 15:26:08'),
(6, 'view_posts', 'View Posts', 'View posts and comments', 'posts', '2025-11-28 15:26:08', '2025-11-28 15:26:08'),
(7, 'moderate_posts', 'Moderate Posts', 'Moderate posts and comments', 'posts', '2025-11-28 15:26:08', '2025-11-28 15:26:08'),
(8, 'delete_posts', 'Delete Posts', 'Delete posts and comments', 'posts', '2025-11-28 15:26:08', '2025-11-28 15:26:08'),
(9, 'view_campaigns', 'View Campaigns', 'View campaigns and ads', 'campaigns', '2025-11-28 15:26:09', '2025-11-28 15:26:09'),
(10, 'manage_campaigns', 'Manage Campaigns', 'Create, edit, and delete campaigns', 'campaigns', '2025-11-28 15:26:09', '2025-11-28 15:26:09'),
(11, 'view_analytics', 'View Analytics', 'View analytics and reports', 'analytics', '2025-11-28 15:26:09', '2025-11-28 15:26:09'),
(12, 'export_analytics', 'Export Analytics', 'Export analytics data', 'analytics', '2025-11-28 15:26:09', '2025-11-28 15:26:09'),
(13, 'view_inbox', 'View Inbox', 'View inbox messages', 'inbox', '2025-11-28 15:26:09', '2025-11-28 15:26:09'),
(14, 'reply_inbox', 'Reply Inbox', 'Reply to inbox messages', 'inbox', '2025-11-28 15:26:09', '2025-11-28 15:26:09'),
(15, 'view_kb', 'View Knowledge Base', 'View knowledge base articles', 'knowledge_base', '2025-11-28 15:26:09', '2025-11-28 15:26:09'),
(16, 'manage_kb', 'Manage Knowledge Base', 'Create, edit, and delete knowledge base articles', 'knowledge_base', '2025-11-28 15:26:10', '2025-11-28 15:26:10'),
(17, 'view_settings', 'View Settings', 'View system settings', 'settings', '2025-11-28 15:26:10', '2025-11-28 15:26:10'),
(18, 'manage_settings', 'Manage Settings', 'Edit system settings', 'settings', '2025-11-28 15:26:10', '2025-11-28 15:26:10'),
(19, 'view_activities', 'View Activities', 'View activity logs', 'activities', '2025-11-28 15:26:10', '2025-11-28 15:26:10'),
(20, 'view_admin_users', 'View Admin Users', 'View admin users list', 'admin_users', '2025-11-28 15:26:10', '2025-11-28 15:26:10'),
(21, 'manage_admin_users', 'Manage Admin Users', 'Create, edit, and delete admin users', 'admin_users', '2025-11-28 15:26:10', '2025-11-28 15:26:10');

--
-- Dumping data for table `posts`
--

INSERT INTO `posts` (`id`, `user_uuid`, `social_user_id`, `page_id`, `content`, `schedule_time`, `post_media`, `platform_post_id`, `post_platform`, `source`, `form_id`, `likes`, `comments`, `shares`, `engagements`, `impressions`, `unique_impressions`, `week_date`, `status`, `createdAt`, `updatedAt`) VALUES
(572, 'e5266555-8859-4f96-bab0-6596b9736d94', 'eRLsKrw_6N', '75609893', ' Happy Dussehra! \r\n\r\nToday, we celebrate Dussehra, also known as Vijayadashami, a festival that marks the victory of good over evil, light over darkness, and truth over falsehood. \r\n\r\nThis day commemorates Lord Rama\'s victory over Ravana, symbolizing that no matter how powerful evil seems, truth and righteousness will always prevail. \r\n\r\nAcross India, vibrant celebrations unfold:\r\n Ramlila performances bringing the Ramayana to life,\r\n Effigies of Ravana, Meghnad, and Kumbhkaran set ablaze to signify the burning away of negativity,\r\n Families and communities coming together to celebrate unity and hope.\r\n\r\nAs we witness the flames rise high, lets also burn the Ravana within us  anger, ego, hatred, and greed  and welcome a life filled with kindness, humility, and compassion. \r\n\r\nDussehra reminds us that every challenge can be overcome with courage, faith, and perseverance.\r\nLet this day inspire you to take a step toward victory in your own life, whether personal or professional. \r\n\r\n What negativity are you ready to let go of this Dussehra? Share with us below!\r\n\r\n#HappyDussehra #Vijayadashami #GoodOverEvil #FestivalOfFaith #Positivity #Ramlila #DussehraCelebration', NULL, 'https://media.licdn.com/dms/image/v2/D5622AQErk_8yPkJHDQ/feedshare-shrink_800/B56ZmjY1oKHQAk-/0/1759382822589?e=1762992000&v=beta&t=zK579tv99Rsmv10stnITsXkC_Yzt8qWfQwCLJD_puhM', 'urn:li:share:7379386415601676288', 'linkedin', 'API', '3c619eb7-b9fe-40f9-94fa-a287c4346c7a', 4, 0, 0, 0.5166666666666666, '55', '29', '2025-10-02', '1', '2025-10-09 09:52:56', '2025-10-22 09:26:21'),
(573, 'e5266555-8859-4f96-bab0-6596b9736d94', 'eRLsKrw_6N', '75609893', ' Navratri 2025 Concludes with Gratitude \r\n\r\nAs these nine sacred nights come to a close, lets reflect on the divine blessings and lessons Maa Durga has bestowed upon us. \r\n\r\nMay the spirit of courage, devotion, and positivity guide us every day, helping us overcome challenges and embrace new beginnings. \r\n\r\n What was your most special Navratri moment this year? Share with us in the comments!\r\n\r\n#Navratri2025 #MaaDurgaBlessings #Gratitude #FestivalOfFaith #GoodOverEvil #SpiritualJourney #Positivity', NULL, 'https://media.licdn.com/dms/image/v2/D5622AQFj9gv260MU1w/feedshare-shrink_1280/B56Zmerpz1IYAs-/0/1759303868687?e=1762992000&v=beta&t=ZBPyB49j-G91clM-Y5Dps7yTWpUzffOVJ9ptevCSnQY', 'urn:li:share:7379055255671640064', 'linkedin', 'API', 'ab5b27f3-93bf-48ce-826d-b95d210d7c41', 5, 0, 0, 0.5905797101449275, '54', '23', '2025-10-01', '1', '2025-10-09 09:52:56', '2025-10-22 09:26:22'),
(574, 'e5266555-8859-4f96-bab0-6596b9736d94', 'eRLsKrw_6N', '75609893', ' Navratri Day 9  Celebrating Maa Siddhidatri \r\n\r\nOn the final day of Navratri, we bow to Maa Siddhidatri, the divine mother who blesses her devotees with spiritual wisdom and fulfillment. \r\n\r\nMay her grace remove ignorance and fill your life with clarity, peace, and prosperity. \r\n\r\n Offer fruits, sesame seeds, and sweets today to seek her divine blessings.\r\n\r\n Mantra: Om Devi Siddhidatryai Namah\r\n\r\n As Navratri concludes, may we carry forward the values of strength, faith, and devotion into our lives each day. \r\n\r\n#Navratri2025 #Day9 #MaaSiddhidatri #SpiritualGrowth #PeaceAndProsperity #FestivalOfFaith #NavratriVibes', NULL, 'https://media.licdn.com/dms/image/v2/D5622AQHgqb3ZRsvAYA/feedshare-shrink_800/B56ZmeNpwoIAAg-/0/1759296004433?e=1762992000&v=beta&t=EaajXGGL4oWoI4UPtjdTn-PUkdSz_pJw2dLzHu-ZvOg', 'urn:li:share:7379022280321970176', 'linkedin', 'API', 'c3c7ebba-be9d-40ef-b3bf-d522458e50c9', 12, 1, 0, 1.7303921568627452, '40', '19', '2025-10-01', '1', '2025-10-09 09:52:56', '2025-10-22 09:26:23'),
(575, 'e5266555-8859-4f96-bab0-6596b9736d94', 'eRLsKrw_6N', '75609893', ' Navratri Day 8  Celebrating Maa Mahagauri \r\n\r\nToday, we worship Maa Mahagauri, the symbol of purity, peace, and serenity. \r\n\r\nShe blesses her devotees with love, harmony, and liberation from negativity, guiding them towards a life filled with spiritual enlightenment and positivity. \r\n\r\n Offer coconut, white sweets, and milk-based dishes today to seek her divine blessings.\r\n\r\n Mantra: Om Devi Mahagauryai Namah\r\n\r\nMay Maa Mahagauri\'s divine light fill your heart with peace, prosperity, and happiness. \r\n\r\n#Navratri2025 #Day8 #MaaMahagauri #PeaceAndProsperity #FestivalOfFaith #SpiritualVibes #Shakti', NULL, 'https://media.licdn.com/dms/image/v2/D5622AQF4FCIf1q69hA/feedshare-shrink_800/B56ZmZSP8KI4Ag-/0/1759213324728?e=1762992000&v=beta&t=LnDpezC_kYryNFZ02LbO6RidtWuqC6FM18kgIJ71tYI', 'urn:li:share:7378675508345044992', 'linkedin', 'API', 'c59bc3aa-1b4e-4a56-b817-50602b526c4d', 3, 1, 0, 0.6944444444444444, '58', '26', '2025-09-30', '1', '2025-10-09 09:52:56', '2025-10-22 09:26:24'),
(576, 'e5266555-8859-4f96-bab0-6596b9736d94', 'eRLsKrw_6N', '75609893', ' Navratri Day 7  Worshipping Maa Kaalratri \r\n\r\nToday, we honor Maa Kaalratri, the fierce and protective form of Maa Durga who destroys darkness and negativity. \r\n\r\nThough her form is fearsome, she is lovingly called Shubhankari, as she brings auspiciousness, blessings, and courage to her devotees. \r\n\r\n Offer jaggery or jaggery sweets to Maa Kaalratri today and seek her divine protection.\r\n\r\n Mantra: Om Devi Kaalratryai Namah \r\n\r\nMay her energy fill your life with fearlessness, peace, and strength. \r\n\r\n#Navratri2025 #Day7 #MaaKaalratri #PowerAndProtection #DestroyNegativity #FestivalOfFaith #SpiritualEnergy', NULL, 'https://media.licdn.com/dms/image/v2/D5622AQG0dtWM1jiauw/feedshare-shrink_800/B56ZmOhUXFKAAg-/0/1759032723279?e=1762992000&v=beta&t=zPYhnvuqbZ7PVrlw8bHT735JsLXWVeWAk2rFcIvmfGI', 'urn:li:share:7377917991109394432', 'linkedin', 'API', 'd2b8fa35-867b-413b-a6a1-2d8ad7b11bc0', 4, 1, 0, 2.4456521739130435, '65', '28', '2025-09-28', '1', '2025-10-09 09:52:56', '2025-10-22 09:26:25'),
(577, 'e5266555-8859-4f96-bab0-6596b9736d94', 'eRLsKrw_6N', '75609893', ' Navratri Day 6  Celebrating Maa Katyayani \r\n\r\nToday, we worship Maa Katyayani, the fierce form of Goddess Durga, who blesses us with courage, strength, and protection. \r\n\r\nMay her divine energy remove all negativity and fill your life with peace, love, and victory over challenges. \r\n\r\n Offer yellow flowers and honey today to seek her blessings. \r\n\r\n Mantra: Om Devi Katyayanyai Namah\r\n\r\n Drop a  in the comments if you seek Maa Katyayanis courage and divine strength today! \r\n\r\n#Navratri2025 #Day6 #MaaKatyayani #CourageAndStrength #FestivalOfFaith #SpiritualVibes #NavratriVibes #DivineGrace', NULL, 'https://media.licdn.com/dms/image/v2/D5622AQHI9_hhmDY2dA/feedshare-shrink_800/B56ZmJjKsEKMAg-/0/1758949324752?e=1762992000&v=beta&t=v_NkOKjmVEbK0ecWCul-O1MKkQX6UqE4DB7hmisU_Go', 'urn:li:share:7377568205457846272', 'linkedin', 'API', '1c15df8e-5b6f-43fe-b52a-e23eca9f5a50', 1, 1, 0, 3.7045454545454546, '29', '10', '2025-09-27', '1', '2025-10-09 09:52:56', '2025-10-22 09:26:20'),
(578, 'e5266555-8859-4f96-bab0-6596b9736d94', 'eRLsKrw_6N', '75609893', ' Navratri Day 5  Celebrating Maa Skandamata \r\n\r\nToday, we worship Maa Skandamata, the symbol of love, strength, and protection, who blesses her devotees with harmony and divine wisdom. \r\n\r\nMay her blessings fill your home with peace, prosperity, and happiness. \r\n\r\n Offer white flowers and bananas today to seek her grace. \r\n\r\n Mantra: Om Devi Skandamatayai Namah\r\n\r\n Drop a  if you seek Maa Skandamatas blessings for your family today! \r\n\r\n#Navratri2025 #Day5 #MaaSkandamata #DivineMother #FamilyBlessings #SpiritualVibes #FestivalOfFaith #NavratriVibes', NULL, 'https://media.licdn.com/dms/image/v2/D5622AQHjQcsexGBm7A/feedshare-shrink_800/B56ZmEcy3gJoAg-/0/1758863766472?e=1762992000&v=beta&t=AguptK2kVpdzxoUS-7NCtDpbX3PpQ_6EFpAyEn4vPec', 'urn:li:share:7377209348424388608', 'linkedin', 'API', '16aedef6-2f62-4fac-a630-2366a1e163f4', 4, 1, 0, 1.2956989247311828, '60', '20', '2025-09-26', '1', '2025-10-09 09:52:56', '2025-10-22 09:26:26'),
(579, 'e5266555-8859-4f96-bab0-6596b9736d94', 'eRLsKrw_6N', '75609893', ' Navratri Day 4  Celebrating Maa Kushmanda \r\n\r\nToday, we worship Maa Kushmanda, the creator of the universe, who with her divine smile  filled the cosmos with warmth, light, and energy.\r\n\r\nMay her blessings bring health, prosperity, and positivity into your life. \r\n\r\n Offer pumpkin or malpua today to seek her divine grace.\r\n\r\n Mantra: Om Devi Kushmandayai Namah\r\n\r\n Lets embrace the power of creation and spread light wherever we go! \r\n\r\n#Navratri2025 #Day4 #MaaKushmanda #DivineBlessings #FestivalOfFaith #PositiveVibes #SpiritualJourney #NavratriVibes', NULL, 'https://media.licdn.com/dms/image/v2/D5622AQERensigJ4QhA/feedshare-shrink_800/B56Zl_WKu.J8Ag-/0/1758778144486?e=1762992000&v=beta&t=zS3ZHG4pcWXcLufuROqaoKyw5YzXDatSysN69RyGrLs', 'urn:li:share:7376850215343083520', 'linkedin', 'API', '2c730356-784e-472e-89f9-6afc30e0de3c', 6, 1, 0, 1.5357843137254903, '94', '34', '2025-09-25', '1', '2025-10-09 09:52:57', '2025-10-22 09:26:27'),
(580, 'e5266555-8859-4f96-bab0-6596b9736d94', 'eRLsKrw_6N', '75609893', ' Navratri Day 3  Celebrating Maa Chandraghanta \r\n\r\nToday, we worship Maa Chandraghanta, the goddess of courage, serenity, and protection. \r\n\r\nShe teaches us to stay calm yet strong, even in the face of difficulties. May her blessings fill our lives with peace, harmony, and positivity. \r\n\r\n Offer kheer, milk, or white-colored sweets to seek her divine grace.\r\n\r\n Mantra: Om Devi Chandraghantayai Namah\r\n\r\n Which Navratri ritual do you enjoy the most? Share in the comments! \r\n\r\n#Navratri2025 #Day3 #MaaChandraghanta #StrengthAndPeace #DivineGrace #FestivalOfFaith #SpiritualJourney #NavratriVibes', NULL, 'https://media.licdn.com/dms/image/v2/D5622AQEw-1DeO5ciqA/feedshare-shrink_1280/B56Zl6F8MBJ4As-/0/1758690002964?e=1762992000&v=beta&t=VYCmcUNZgR2af2WkpcYJw3E1UW42iwM4c8ShkOXI4AA', 'urn:li:share:7376480516033871873', 'linkedin', 'API', '1f5be2cf-7457-425e-9010-90cdc868c983', 3, 1, 0, 1.424966261808367, '78', '38', '2025-09-24', '1', '2025-10-09 09:52:57', '2025-10-22 09:26:27'),
(581, 'e5266555-8859-4f96-bab0-6596b9736d94', 'eRLsKrw_6N', '75609893', ' Navratri Day 2  Celebrating Maa Brahmacharini \r\n\r\nToday, we honor Maa Brahmacharini, the goddess of penance and devotion, who guides us on the path of truth and spiritual awakening. \r\n\r\nMay her blessings bring peace, inner strength, and clarity to your life. \r\n\r\n Chant her mantra: Om Devi Brahmacharinyai Namah\r\n\r\n Lets walk together on the path of devotion and wisdom this Navratri! \r\n\r\n#Navratri2025 #Day2 #MaaBrahmacharini #DivineGrace #IndianFestivals #SpiritualVibes #Blessings #NavratriVibes', NULL, 'https://media.licdn.com/dms/image/v2/D5622AQEKJlBd9OUGTg/feedshare-shrink_800/B56Zl1Drn1I0Ag-/0/1758605526276?e=1762992000&v=beta&t=ZjQP3qYIt5eKKwdCsxL7Qz92hy6r4MaPHzivMfdXH84', 'urn:li:share:7376126191029669888', 'linkedin', 'API', '6a2be7eb-d359-4ab7-b8eb-18c7f73d8322', 4, 1, 0, 1.4224025974025973, '76', '32', '2025-09-23', '1', '2025-10-09 09:52:57', '2025-10-22 09:26:28'),
(582, 'e5266555-8859-4f96-bab0-6596b9736d94', 'eRLsKrw_6N', '75609893', ' Shubh Navratri 2025! \n\nToday marks the beginning of Navratri, a nine-day festival that celebrates the victory of good over evil, light over darkness, and positivity over negativity. \n\nEach day of Navratri is dedicated to one form of Goddess Durga, symbolizing strength, courage, wisdom, and prosperity. \n\nAs the dhols beat and the air fills with devotion, let\'s embrace these nine days with:\n Faith to overcome challenges,\n Gratitude for our blessings, and\n Compassion to uplift others.\n\nMay Maa Durga shower her divine blessings on you and your loved ones with happiness, success, and good health. \n\nLets celebrate the spirit of strength, faith, and victory of good over evil. \n\n Share your Navratri wishes or how you celebrate this festival with your family in the comments below!\n\n#Navratri2025 #ShubhNavratri #DurgaMaa #FestivalVibes #GoodOverEvil', NULL, 'https://media.licdn.com/dms/image/v2/D5622AQF1SG3iRlROwQ/feedshare-shrink_800/B56ZlwHW.QH8Ag-/0/1758522602346?e=1762992000&v=beta&t=wlspJsJLbbjwt5F0_OAaE1B-Bir76-bIFldwo2rzJaQ', 'urn:li:share:7375778394694701056', 'linkedin', 'API', '95a0fac9-005f-471c-999a-dd7c3e62bfa1', 2, 0, 0, 2.5211426000899686, '66', '24', '2025-09-22', '1', '2025-10-09 09:52:57', '2025-10-22 09:26:28'),
(583, 'e5266555-8859-4f96-bab0-6596b9736d94', 'eRLsKrw_6N', '75609893', ' National Sports Day\r\n\r\nToday, we remember a true legend  Major Dhyan Chand, whose passion for hockey made India shine on the world stage. His dedication was so deep that he would practice even at night under the moonlight, which gave him the name Chand. \r\n\r\nFrom winning Olympic golds in 1928, 1932, and 1936, to inspiring generations with his discipline and humility, Major Dhyan Chands story is not just about sports  its about dreams, resilience, and national pride.\r\n\r\nOn this day, lets celebrate the spirit of sports that teaches us to work as a team, rise after every fall, and keep pushing forward with courage. \r\n\r\nHappy National Sports Day!\r\n\r\n#NationalSportsDay #MajorDhyanChand #PrideOfIndia #SportsSpirit #JaiHind', NULL, 'https://media.licdn.com/dms/image/v2/D5622AQGvYuj_80Ix_A/feedshare-shrink_800/B56Zj1VmqpH8Ak-/0/1756462738725?e=1762992000&v=beta&t=7HE_nI6kGDts6S0VjRZdeEcPcEn7yDb5A9lrxnNEaJA', 'urn:li:share:7367138704718512128', 'linkedin', 'API', 'e58e06b1-7369-4850-8904-a33b7716540e', 4, 0, 0, 0.875, '98', '48', '2025-08-29', '1', '2025-10-09 09:52:57', '2025-10-22 09:26:29'),
(584, 'e5266555-8859-4f96-bab0-6596b9736d94', 'eRLsKrw_6N', '75609893', ' Celebrating Janmashtami 2025 \r\n\r\nToday, as we celebrate the birth of Lord Krishna, we are reminded of the timeless values He stood forwisdom, resilience, compassion, and the courage to choose what is right over what is easy.\r\n\r\nJanmashtami is not just a festival of devotion; its also an inspiration to bring balance in our livesbetween work and growth, success and humility, leadership and service. Just as Krishnas flute symbolizes harmony, may we all create workplaces and communities that thrive on collaboration, trust, and shared purpose.\r\n\r\n Wishing you and your loved ones a joyful Janmashtami filled with positivity, peace, and progress.\r\n\r\n#Janmashtami #Leadership #Inspiration #Celebration', NULL, 'https://media.licdn.com/dms/image/v2/D5622AQE4kReOtTowBg/feedshare-shrink_2048_1536/B56ZixTaxwHQAo-/0/1755321314746?e=1762992000&v=beta&t=ciTUBN-a4vBe8wSxMVkTDhc4kstp-ngQ4-zFYnF_Rqg', 'urn:li:share:7362351211490000898', 'linkedin', 'API', 'a15b1e53-52a4-41cc-ab0c-ac250fb91ed5', 3, 0, 0, 0.6111111111111112, '76', '36', '2025-08-16', '1', '2025-10-09 09:52:57', '2025-10-22 09:26:29'),
(585, 'e5266555-8859-4f96-bab0-6596b9736d94', 'eRLsKrw_6N', '75609893', '  Happy Independence Day 2025!  \r\n\r\nToday, we celebrate 78 years of freedom  a journey built on sacrifice, courage, and unshakable determination. \r\n\r\n The green reminds us of growth, harmony, and progress.\r\n The white stands for peace, truth, and unity.\r\n The saffron inspires us with strength, courage, and resilience.\r\nAnd at the heart of it all, the Ashoka Chakra represents motion, reminding us that a nation moves forward only when its people move forward together. \r\n\r\nThis day is not just a reminder of our past, but a reflection of who we are today  innovators, dreamers, and changemakers determined to shape the India of tomorrow. \r\n\r\nLets honor this freedom by building, contributing, and standing united for a future that reflects the values of our tricolor.\r\n\r\n Jai Hind! \r\n\r\n#AzadiKaAmritMahotsav #IndependenceDay2025 #IndiaAt79 #HappyIndependenceDay #JaiHind #IndianIndependenceDay #IncredibleIndia #ProudIndian #IndependenceDayIndia #IndiaCelebrates #Tricolor #IndianFlag', NULL, 'https://media.licdn.com/dms/image/v2/D5622AQF8To1eySetwA/feedshare-shrink_800/B56ZitmKX1G0Ag-/0/1755259120324?e=1762992000&v=beta&t=rz3ViJz_DlM2bbT1Ixcvg3DO1EylrErplYgxscD2LjE', 'urn:li:share:7362090350334656512', 'linkedin', 'API', 'ebeb74cb-8756-44fc-a365-c014a4700fd4', 2, 0, 0, 0.7083333333333333, '69', '31', '2025-08-15', '1', '2025-10-09 09:52:57', '2025-10-22 09:26:30'),
(632, 'e5266555-8859-4f96-bab0-6596b9736d94', 'eRLsKrw_6N', '75609893', ' On This Day  October 14 \r\n\r\nFrom acts of conviction to turning points in global power  todays history speaks to bravery, transformation, and the cost of change.\r\n\r\n In India, Dr. Ambedkars embrace of Buddhism remains a profound symbol: a man who gave his life to equality chose faith as a final act of truth.\r\n In England, the Battle of Hastings redefined a nations identity.\r\n For the world, the Cuban Missile Crisis reminded us how fragile peace can be.\r\n\r\nLet these moments inspire us  to act with integrity, to learn from the past, and to stand up for what matters.\r\n\r\n Which of these events resonates with you most  and why? Share your reflections below.\r\n\r\n#OnThisDay #October14 #Ambedkar #BattleOfHastings #CubanMissileCrisis #HistoryMatters #Legacy', NULL, 'https://media.licdn.com/dms/image/v2/D5622AQGgzD6_PNlmvQ/feedshare-shrink_800/B56ZniMCARG4Ak-/0/1760436429690?e=1762992000&v=beta&t=JCSh8-RxCd-jDQgve05B2wHNph1inlvWu-olOVGlJ1M', 'urn:li:share:7383805559751434240', 'linkedin', 'API', 'c911db4a-b711-45f9-9270-27c94a3da57f', 3, 0, 0, 0.5214285714285715, '25', '11', '2025-10-14', '1', '2025-10-22 09:26:18', '2025-10-22 09:26:18');

--
-- Dumping data for table `post_comments`
--

INSERT INTO `post_comments` (`id`, `user_uuid`, `social_userid`, `platform_page_Id`, `platform`, `post_id`, `activity_id`, `comment_id`, `parent_comment_id`, `from_id`, `from_name`, `comment`, `comment_created_time`, `comment_type`, `comment_behavior`, `reaction_like`, `reaction_love`, `reaction_haha`, `reaction_wow`, `reaction_sad`, `reaction_angry`, `createdAt`, `updatedAt`) VALUES
(1253, 'e5266555-8859-4f96-bab0-6596b9736d94', 'eRLsKrw_6N', '75609893', 'linkedin', 'urn:li:share:7376480516033871873', 'urn:li:activity:7376480517786959872', '7377276546195234816', NULL, 'urn:li:person:vJUiGhJ_Dk', 'LinkedIn User', 'Shubh Navratri ', '2025-09-26T09:43:11+0000', 'top_level', NULL, 0, 0, 0, 0, 0, 0, '2025-10-18 10:17:20', '2025-10-18 10:17:20'),
(1254, 'e5266555-8859-4f96-bab0-6596b9736d94', 'eRLsKrw_6N', '75609893', 'linkedin', 'urn:li:share:7376126191029669888', 'urn:li:activity:7376126192824799232', '7376551953293746176', NULL, 'urn:li:organization:75609893', 'Page Admin', 'Jai mata di ', '2025-09-24T09:43:55+0000', 'top_level', NULL, 0, 0, 0, 0, 0, 0, '2025-10-18 10:17:21', '2025-10-18 10:17:21'),
(1255, 'e5266555-8859-4f96-bab0-6596b9736d94', 'eRLsKrw_6N', '75609893', 'linkedin', 'urn:li:share:7377209348424388608', 'urn:li:activity:7377209350660030464', '7379095534294331392', NULL, 'urn:li:person:vJUiGhJ_Dk', 'LinkedIn User', 'Jai mata di', '2025-10-01T10:11:12+0000', 'top_level', NULL, 0, 0, 0, 0, 0, 0, '2025-10-18 10:17:22', '2025-10-18 10:17:22'),
(1256, 'e5266555-8859-4f96-bab0-6596b9736d94', 'eRLsKrw_6N', '75609893', 'linkedin', 'urn:li:share:7376850215343083520', 'urn:li:activity:7376850217016635392', '7377276123371536384', NULL, 'urn:li:person:vJUiGhJ_Dk', 'LinkedIn User', 'Jai Mata Kushmanda ', '2025-09-26T09:41:30+0000', 'top_level', NULL, 0, 0, 0, 0, 0, 0, '2025-10-18 10:17:24', '2025-10-18 10:17:24'),
(1257, 'e5266555-8859-4f96-bab0-6596b9736d94', 'eRLsKrw_6N', '75609893', 'linkedin', 'urn:li:share:7377917991109394432', 'urn:li:activity:7377917992829050880', '7378056333943816192', NULL, 'urn:li:person:vJUiGhJ_Dk', 'LinkedIn User', 'Jai MaaKalratri ', '2025-09-28T13:21:47+0000', 'top_level', NULL, 0, 0, 0, 0, 0, 0, '2025-10-18 10:17:26', '2025-10-18 10:17:26'),
(1258, 'e5266555-8859-4f96-bab0-6596b9736d94', 'eRLsKrw_6N', '75609893', 'linkedin', 'urn:li:share:7377568205457846272', 'urn:li:activity:7377568207378841601', '7377569469658968064', NULL, 'urn:li:person:vJUiGhJ_Dk', 'LinkedIn User', 'Jai Mata Di  Jai Katyayni Maa ', '2025-09-27T05:07:10+0000', 'top_level', NULL, 0, 0, 0, 0, 0, 0, '2025-10-18 10:17:28', '2025-10-18 10:17:28');

--
-- Dumping data for table `roles`
--

INSERT INTO `roles` (`id`, `name`, `display_name`, `description`, `is_super_admin`, `created_at`, `updated_at`) VALUES
(1, 'super_admin', 'Super Admin', 'Full access to all features', 1, '2025-11-28 15:26:11', '2025-11-28 15:26:11'),
(2, 'admin', 'Admin', 'Administrative access with some restrictions', 0, '2025-11-28 15:26:12', '2025-11-28 15:26:12'),
(3, 'moderator', 'Moderator', 'Content moderation access', 0, '2025-11-28 15:26:14', '2025-11-28 15:26:14'),
(4, 'viewer', 'Viewer', 'Read-only access', 0, '2025-11-28 15:26:14', '2025-11-28 15:26:14');

--
-- Dumping data for table `role_permission`
--

INSERT INTO `role_permission` (`role_id`, `permission_id`) VALUES
(1, 1),
(2, 1),
(4, 1),
(1, 2),
(2, 2),
(1, 3),
(2, 3),
(1, 4),
(2, 4),
(4, 4),
(1, 5),
(2, 5),
(1, 6),
(2, 6),
(3, 6),
(4, 6),
(1, 7),
(2, 7),
(3, 7),
(1, 8),
(2, 8),
(3, 8),
(1, 9),
(2, 9),
(4, 9),
(1, 10),
(2, 10),
(1, 11),
(2, 11),
(4, 11),
(1, 12),
(2, 12),
(1, 13),
(2, 13),
(3, 13),
(4, 13),
(1, 14),
(2, 14),
(3, 14),
(1, 15),
(2, 15),
(4, 15),
(1, 16),
(2, 16),
(1, 17),
(2, 17),
(4, 17),
(1, 18),
(2, 18),
(1, 19),
(2, 19),
(4, 19),
(1, 20),
(1, 21);

--
-- Dumping data for table `sessions`
--

INSERT INTO `sessions` (`id`, `user_id`, `ip_address`, `user_agent`, `payload`, `last_activity`) VALUES
('UKdjrfHQ57wJZ0CG6bFXrhCsSSl5zSFCt5hvdZW9', 2, '172.31.79.34', 'Mozilla/5.0 (Windows NT 10.0; Win64; x64) AppleWebKit/537.36 (KHTML, like Gecko) Chrome/142.0.0.0 Safari/537.36', 'YTo0OntzOjY6Il90b2tlbiI7czo0MDoic2xjZ2owbEhXUWJvbng3MXdObTU1SkVrTDVZN0hMc1NqaXlwVk1TciI7czo5OiJfcHJldmlvdXMiO2E6Mjp7czozOiJ1cmwiO3M6OTY6Imh0dHA6Ly80ZDkxZTU3Yi1mY2Q5LTRlMTgtOGI0MC0zZTU0M2E5NjY4ZjUtMDAtMW5ocnhsY3ZsMjNmcC5raXJrLnJlcGxpdC5kZXYvYWRtaW4vc3Vic2NyaXB0aW9ucyI7czo1OiJyb3V0ZSI7czoyNToiYWRtaW4uc3Vic2NyaXB0aW9ucy5pbmRleCI7fXM6NjoiX2ZsYXNoIjthOjI6e3M6Mzoib2xkIjthOjA6e31zOjM6Im5ldyI7YTowOnt9fXM6NTI6ImxvZ2luX2FkbWluXzU5YmEzNmFkZGMyYjJmOTQwMTU4MGYwMTRjN2Y1OGVhNGUzMDk4OWQiO2k6Mjt9', 1765047463);

--
-- Dumping data for table `settings`
--

INSERT INTO `settings` (`id`, `user_uuid`, `module_name`, `module_status`, `createdAt`, `updatedAt`) VALUES
(1, 'b4206492-1778-4860-8e24-af93296a37d4', 'Comment', 1, '2025-06-17 11:59:47', '2025-11-06 13:00:16'),
(2, 'b4206492-1778-4860-8e24-af93296a37d4', 'Message', 1, '2025-06-23 09:38:29', '2025-09-03 10:34:18'),
(3, 'e5266555-8859-4f96-bab0-6596b9736d94', 'Comment', 0, '2025-10-09 10:16:08', '2025-10-10 12:31:23'),
(4, 'ed39bbef-67a2-437d-9289-69bf3911feda', 'Comment', 0, '2025-12-05 22:15:39', '2025-12-05 22:15:41');

--
-- Dumping data for table `social_media_page_score`
--

INSERT INTO `social_media_page_score` (`id`, `social_score_id`, `user_uuid`, `platform_name`, `page_id`, `page_name`, `score_date`, `score`, `engagement`, `reach`, `shares`, `follower_growth_percent`, `recommendations`, `createdAt`, `updatedAt`, `overall_score`, `content_score`, `engagement_score`, `growth_score`, `consistency_score`, `calculated_at`) VALUES
(1, 1, 'b4206492-1778-4860-8e24-af93296a37d4', 'linkedin', '106470960', 'Aronasoft Automations', '2025-12-01', 0.00, 0, 0, 0, 0.00, '{\"overall\": \"Needs significant improvement. Focus on posting frequency and engagement quality.\", \"needs_improvement\": [\"Very low activity on page. Post more consistently to improve baseline metrics.\"], \"good_performance\": []}', '2025-11-12 06:27:38', '2025-12-01 11:12:08', 0.00, 0.00, 0.00, 0.00, 0.00, NULL),
(2, 1, 'b4206492-1778-4860-8e24-af93296a37d4', 'facebook', '621976714336919', 'Devsoft technology', '2025-12-01', 0.00, 0, 0, 0, 0.00, '{\"overall\": \"Needs significant improvement. Focus on posting frequency and engagement quality.\", \"needs_improvement\": [\"Very low activity on page. Post more consistently to improve baseline metrics.\"], \"good_performance\": []}', '2025-11-12 06:27:40', '2025-12-01 11:12:10', 0.00, 0.00, 0.00, 0.00, 0.00, NULL),
(3, 1, 'b4206492-1778-4860-8e24-af93296a37d4', 'facebook', '631102136744766', 'Webonx', '2025-12-01', 0.00, 0, 0, 0, 0.00, '{\"overall\": \"Needs significant improvement. Focus on posting frequency and engagement quality.\", \"needs_improvement\": [\"Very low activity on page. Post more consistently to improve baseline metrics.\"], \"good_performance\": []}', '2025-11-12 06:27:42', '2025-12-01 11:12:12', 0.00, 0.00, 0.00, 0.00, 0.00, NULL),
(4, 1, 'b4206492-1778-4860-8e24-af93296a37d4', 'linkedin', '75609893', 'Aronasoft', '2025-12-01', 0.00, 0, 2, 0, 0.00, '{\"overall\": \"Needs significant improvement. Focus on posting frequency and engagement quality.\", \"needs_improvement\": [\"Very low activity on page. Post more consistently to improve baseline metrics.\"], \"good_performance\": []}', '2025-11-12 06:27:44', '2025-12-01 11:12:14', 0.00, 0.00, 0.00, 0.00, 0.00, NULL),
(5, 2, 'e5266555-8859-4f96-bab0-6596b9736d94', 'facebook', '101865419522213', 'Webonx', '2025-12-01', 0.00, 0, 0, 0, 0.00, '{\"overall\": \"Needs significant improvement. Focus on posting frequency and engagement quality.\", \"needs_improvement\": [\"Very low activity on page. Post more consistently to improve baseline metrics.\"], \"good_performance\": []}', '2025-11-12 06:27:46', '2025-12-01 11:11:22', 0.00, 0.00, 0.00, 0.00, 0.00, NULL),
(6, 2, 'e5266555-8859-4f96-bab0-6596b9736d94', 'facebook', '106278878502385', 'Dogsandbeauty', '2025-12-01', 0.00, 0, 0, 0, 0.00, '{\"overall\": \"Needs significant improvement. Focus on posting frequency and engagement quality.\", \"needs_improvement\": [\"Very low activity on page. Post more consistently to improve baseline metrics.\"], \"good_performance\": []}', '2025-11-12 06:27:48', '2025-12-01 11:11:24', 0.00, 0.00, 0.00, 0.00, 0.00, NULL),
(7, 2, 'e5266555-8859-4f96-bab0-6596b9736d94', 'linkedin', '108458993', 'insocialwise.com', '2025-12-01', 0.00, 0, 0, 0, 0.00, '{\"overall\": \"Needs significant improvement. Focus on posting frequency and engagement quality.\", \"needs_improvement\": [\"Very low activity on page. Post more consistently to improve baseline metrics.\"], \"good_performance\": []}', '2025-11-12 06:27:50', '2025-12-01 11:11:26', 0.00, 0.00, 0.00, 0.00, 0.00, NULL),
(8, 2, 'e5266555-8859-4f96-bab0-6596b9736d94', 'linkedin', '75609893', 'Aronasoft', '2025-12-01', 0.00, 0, 2, 0, 0.00, '{\"overall\": \"Needs significant improvement. Focus on posting frequency and engagement quality.\", \"needs_improvement\": [\"Very low activity on page. Post more consistently to improve baseline metrics.\"], \"good_performance\": []}', '2025-11-12 06:27:52', '2025-12-01 11:11:28', 0.00, 0.00, 0.00, 0.00, 0.00, NULL);

--
-- Dumping data for table `social_media_score`
--

INSERT INTO `social_media_score` (`id`, `user_uuid`, `score_date`, `total_score`, `total_engagement`, `total_reach`, `total_shares`, `follower_growth_percent`, `total_pages`, `recommendations`, `createdAt`, `updatedAt`, `overall_score`, `content_score`, `engagement_score`, `growth_score`, `consistency_score`, `calculated_at`) VALUES
(1, 'b4206492-1778-4860-8e24-af93296a37d4', '2025-12-01', 5.00, 0, 2, 0, 0.00, 4, '{\"overall\": \"Needs significant improvement. Focus on posting frequency and engagement quality.\", \"needs_improvement\": [\"Very low activity on page. Post more consistently to improve baseline metrics.\"], \"good_performance\": []}', '2025-11-12 06:27:36', '2025-12-01 11:12:06', 0.00, 0.00, 0.00, 0.00, 0.00, NULL),
(2, 'e5266555-8859-4f96-bab0-6596b9736d94', '2025-12-01', 5.00, 0, 2, 0, 0.00, 4, '{\"overall\": \"Needs significant improvement. Focus on posting frequency and engagement quality.\", \"needs_improvement\": [\"Very low activity on page. Post more consistently to improve baseline metrics.\"], \"good_performance\": []}', '2025-11-12 06:27:36', '2025-12-01 11:11:20', 0.00, 0.00, 0.00, 0.00, 0.00, NULL);

--
-- Dumping data for table `social_page`
--

INSERT INTO `social_page` (`id`, `user_uuid`, `social_userid`, `pageName`, `page_picture`, `page_cover`, `pageId`, `token`, `category`, `total_followers`, `page_platform`, `status`, `platform`, `modify_to`, `createdAt`, `updatedAt`) VALUES
(67, 'e5266555-8859-4f96-bab0-6596b9736d94', '9496988240365277', 'Webonx', 'https://scontent-pnq1-1.xx.fbcdn.net/v/t39.30808-1/334301005_920681552286608_3810439166509964792_n.jpg?stp=cp0_dst-jpg_s50x50_tt6&_nc_cat=108&ccb=1-7&_nc_sid=f907e8&_nc_ohc=rWmyJR7a-1UQ7kNvwFtXwPP&_nc_oc=Adnz2IujsIUFJthMRcn57ztdXKqwIuaIezZ0bqfZ3MKABMi7F7gBoxuXop-1kj4AwBWw1M6emhv33nPkvt170_QP&_nc_zt=24&_nc_ht=scontent-pnq1-1.xx&edm=AJdBtusEAAAA&_nc_gid=BRRM22WRUW9DUEnbgI8KVg&oh=00_AfeVeAHN5AA4iY_LTqs_rD1MAD576qwy32j_QKm848u_9Q&oe=68FEAF86', NULL, '101865419522213', 'EAAQvGECe4RMBQFQZCdMmvgihb8fDIOb2gYHzX2736ZC2d2wVZBXUPHNDrvH6aPUMgXRHQdU0qYQiTgVWncDo80movW2QHhmbxRh9cItoETJglZAe64sg1vQmED060L4OsejXV3wbBwTnd6Jk9cwm32zORUezAZCZCHD3olBliZAZCxOOUi4oZAxaslBvORpMs9w4QxOuHLdRakQhtmXJpQQ0ZD', 'Web Designer', 1, 'facebook', 'Connected', NULL, NULL, '2025-10-10 11:43:15', '2025-12-01 00:00:04'),
(68, 'e5266555-8859-4f96-bab0-6596b9736d94', 'eRLsKrw_6N', 'insocialwise.com', 'https://media.licdn.com/dms/image/v2/D560BAQEi6IweHdUYJA/company-logo_400_400/B56ZkKbZO3HMAk-/0/1756816577906?e=1762992000&v=beta&t=EnbsEkO1FBEWIBL6JmMj2HmeROZ1ZbHXjxr40sm9cMo', NULL, '108458993', 'AQVEXGOWUkRua5Rclo_juvtEfu6tpl8U1XFlnYpTBGYfH039Bl0fGd2KzTODyhq3rFZSaayML9BpcjBRqepc1pdfa_dltopZ1Ci7HMe4-jrqASgBUaq7zdG5mVFHk8Y7kIAZLM2TFw87EQfDXAe4rbqsDj5Ii1NQtQiuG1GRZ2r4OpfRfiJJco_JnPUQC_bD8xm7yE2BIARkeOS3WxPp6LyCxBSY6hv1SjiCHDVdPJ7BRejO47zPmE2f3qx9zW1npKZGfhRUJAc7UzPh1q_Qfaub3ExhgRFmLt2F9eqtd_GvAZdMtBD3EKV75tGwnP5RrXETJwqoHV9IxvF5i1DdaVFQSqiQwQ', 'Computer Software', 2, 'linkedin', 'Connected', NULL, '[]', '2025-10-10 11:44:04', '2025-10-22 09:25:35'),
(69, 'e5266555-8859-4f96-bab0-6596b9736d94', 'eRLsKrw_6N', 'Aronasoft', 'https://media.licdn.com/dms/image/v2/D560BAQFQU6szH_uFXA/company-logo_200_200/company-logo_200_200/0/1719257138534/aronasoft_logo?e=1762992000&v=beta&t=-3jh3G0l6W6lQ9YrP4QzxcDaXpoMJmXUqEbYahdi_lM', NULL, '75609893', 'AQVEXGOWUkRua5Rclo_juvtEfu6tpl8U1XFlnYpTBGYfH039Bl0fGd2KzTODyhq3rFZSaayML9BpcjBRqepc1pdfa_dltopZ1Ci7HMe4-jrqASgBUaq7zdG5mVFHk8Y7kIAZLM2TFw87EQfDXAe4rbqsDj5Ii1NQtQiuG1GRZ2r4OpfRfiJJco_JnPUQC_bD8xm7yE2BIARkeOS3WxPp6LyCxBSY6hv1SjiCHDVdPJ7BRejO47zPmE2f3qx9zW1npKZGfhRUJAc7UzPh1q_Qfaub3ExhgRFmLt2F9eqtd_GvAZdMtBD3EKV75tGwnP5RrXETJwqoHV9IxvF5i1DdaVFQSqiQwQ', 'Computer Software', 843, 'linkedin', 'Connected', NULL, '[]', '2025-10-10 11:44:05', '2025-10-22 09:25:36'),
(86, 'e5266555-8859-4f96-bab0-6596b9736d94', '9496988240365277', 'Dogsandbeauty', 'https://scontent-pnq1-1.xx.fbcdn.net/v/t39.30808-1/245168916_106282145168725_8304205606813217704_n.png?stp=cp0_dst-png_p50x50&_nc_cat=110&ccb=1-7&_nc_sid=f907e8&_nc_ohc=GDxgmJFb37oQ7kNvwH80vUa&_nc_oc=AdndefjaKaccSZjgEERCDdKaD1hBWNYTmD_CgxxIkyeDHKJkvVfI5I0ApL2sVAs8D9-SCrvSphLcN6xuuZ7v759W&_nc_zt=24&_nc_ht=scontent-pnq1-1.xx&edm=AJdBtusEAAAA&_nc_gid=ls9Cky3cHrD-fsMlJdnNew&oh=00_AfdSrWwHoLeXX_6tg8SmQ0hOvQ5Y_Kr--uVyp1wfhI16aA&oe=68FEB69E', 'https://scontent-pnq1-2.xx.fbcdn.net/v/t39.30808-6/245243058_106280161835590_4171088681691500727_n.png?_nc_cat=100&ccb=1-7&_nc_sid=dc4938&_nc_ohc=jjZr5RkSlkMQ7kNvwEz8h2K&_nc_oc=AdnmQugrkZz2_QFSQJ6yOZ7xoq0sNR821GCUMLPtNAXWxSDBFMXdy-YfVM4Kp8CH9bOQoNOxcP0LOPRPKdcHr6mp&_nc_zt=23&_nc_ht=scontent-pnq1-2.xx&edm=AJdBtusEAAAA&_nc_gid=ls9Cky3cHrD-fsMlJdnNew&oh=00_Afcf2Zl3iQGc2GwufHlTXqUiE3Gb6MN-TH4hAvwfW-ts2A&oe=68FEA21C', '106278878502385', 'EAAQvGECe4RMBQMQXAGIcyQCwRD6DOv8IiIPXNJXe4uauVBzJBuZCtmnKtSxTH0Qy8hL41UwgHuUt5mtjZAZChbGZCHbfGUdn5BZAA6wnY2uvX2Ev1M2XQPbcdtoSZAGR0oRo8bfbUIf8IbGEwas8nsCcXZCZBvhK2ZCLZCHQUptBopdOletuLL9eP8beEKlicDVxbfDRUXBUYIedFtn5yjJ6KZAqvQZD', 'Pet Supplies', 0, 'facebook', 'Connected', NULL, NULL, '2025-10-22 13:31:24', '2025-12-01 00:00:05');

--
-- Dumping data for table `social_users`
--

INSERT INTO `social_users` (`id`, `user_id`, `name`, `email`, `img_url`, `social_id`, `social_user_platform`, `user_token`, `status`, `createdAt`, `updatedAt`) VALUES
(36, 'e5266555-8859-4f96-bab0-6596b9736d94', 'Sudhir Kundal', NULL, 'https://platform-lookaside.fbsbx.com/platform/profilepic/?asid=9496988240365277&height=50&width=50&ext=1763731876&hash=AT-QyDnzuTwsArc0ZqGcRTZh', '9496988240365277', 'facebook', 'EAAQvGECe4RMBQHsMbXHTIas8wGtQmQqu6jHID98MB1eBATyEKy3pZAiACr43K8GZCkVlpgLidyWAEDUIl955HXihSg1fqmQ3y6Jwxea0Pxci1ftjmfogIL5USFiz6qr4k4FaYNPwPYzCvEw60oFvDYRuZCc47jCYUtGKELJ0YRp7VZC6DZCVjvWS4vw2EjJVZCt4ZBTmW8o0d9d', 'Connected', '2025-10-10 11:43:12', '2025-12-01 00:00:02'),
(37, 'e5266555-8859-4f96-bab0-6596b9736d94', 'Sudhir kundal', NULL, 'https://media.licdn.com/dms/image/v2/D5603AQFEZNr2F7w5Pg/profile-displayphoto-shrink_100_100/B56ZT6Z7D9HQAU-/0/1739367887572?e=1762992000&v=beta&t=pjZ2w8l-RlHznkRw37T72cGHbX7sb-ZIvgqTn4lBXeI', 'eRLsKrw_6N', 'linkedin', 'AQVEXGOWUkRua5Rclo_juvtEfu6tpl8U1XFlnYpTBGYfH039Bl0fGd2KzTODyhq3rFZSaayML9BpcjBRqepc1pdfa_dltopZ1Ci7HMe4-jrqASgBUaq7zdG5mVFHk8Y7kIAZLM2TFw87EQfDXAe4rbqsDj5Ii1NQtQiuG1GRZ2r4OpfRfiJJco_JnPUQC_bD8xm7yE2BIARkeOS3WxPp6LyCxBSY6hv1SjiCHDVdPJ7BRejO47zPmE2f3qx9zW1npKZGfhRUJAc7UzPh1q_Qfaub3ExhgRFmLt2F9eqtd_GvAZdMtBD3EKV75tGwnP5RrXETJwqoHV9IxvF5i1DdaVFQSqiQwQ', 'Connected', '2025-10-10 11:44:02', '2025-10-22 09:25:31');

--
-- Dumping data for table `subscriptions`
--

INSERT INTO `subscriptions` (`id`, `user_uuid`, `stripe_customer_id`, `stripe_subscription_id`, `price_id`, `plan_id`, `status`, `trial_end`, `createdAt`, `updatedAt`, `stripe_price_id`, `trial_start`, `trial_days`, `current_period_start`, `current_period_end`, `billing_cycle_anchor`, `next_invoice_date`, `cancel_at_period_end`, `cancel_at`, `canceled_at`, `ended_at`, `cancellation_reason`, `cancellation_feedback`, `pause_collection`, `resume_at`, `collection_method`, `default_payment_method_id`, `latest_invoice_id`, `quantity`, `amount`, `currency`, `billing_interval`, `discount_percent`, `coupon_code`, `stripe_coupon_id`, `past_due_since`, `last_payment_attempt_at`, `last_payment_error`, `payment_retry_count`, `next_payment_retry_at`, `dunning_status`, `status_reason`, `metadata`, `trial_reminder_sent`, `trial_reminder_sent_at`, `renewal_reminder_sent`, `renewal_reminder_sent_at`, `synced_at`) VALUES
(1, '9e47ed0e-73f7-41d5-9dac-5c37b8df8a4f', 'cus_TZHNim28DTlc56', 'sub_1Sc8r8HpVJPrOqLkX4hZp1K4', 'price_1SactGHpVJPrOqLkrdqk0HUK', NULL, 'active', NULL, '2025-12-08 18:08:27', '2025-12-08 18:08:25', 'price_1SactGHpVJPrOqLkrdqk0HUK', NULL, NULL, NULL, NULL, '2025-12-08 18:08:18', NULL, 0, NULL, NULL, NULL, NULL, NULL, NULL, NULL, 'charge_automatically', NULL, NULL, 1, 9900.00, 'USD', 'month', NULL, NULL, NULL, NULL, NULL, NULL, 0, NULL, 'none', NULL, NULL, 0, NULL, 0, NULL, '2025-12-08 18:08:25'),
(2, '6f4362d5-744c-446e-8108-8db805396e51', 'cus_TZI0IIGiL6g3IG', 'sub_1Sc9R5HpVJPrOqLkPt4sV5R5', 'price_1SacsoHpVJPrOqLk55ldH9MX', NULL, 'active', '2025-12-09 18:45:27', '2025-12-08 18:45:29', '2025-12-09 19:46:36', 'price_1SacsoHpVJPrOqLk55ldH9MX', '2025-12-08 18:45:27', 1, '2025-12-09 18:45:27', '2026-01-09 18:45:27', '2025-12-09 18:45:27', '2026-01-09 18:45:27', 0, NULL, NULL, NULL, NULL, NULL, NULL, NULL, 'charge_automatically', NULL, 'in_1ScVvLHpVJPrOqLkfrH90sg2', 1, 1900.00, 'USD', 'month', NULL, NULL, NULL, NULL, NULL, NULL, 0, NULL, 'none', NULL, NULL, 0, NULL, 0, NULL, '2025-12-09 19:46:36'),
(3, '51a83ba2-9f05-455d-a97e-f9490c6cdc40', 'cus_TZagUWYu5xfAq9', 'sub_1ScRVYHpVJPrOqLkj9vJJOTJ', 'price_1Sact6HpVJPrOqLkhjeGEJKT', NULL, 'trialing', '2025-12-23 14:03:16', '2025-12-09 14:03:17', '2025-12-09 14:03:21', 'price_1Sact6HpVJPrOqLkhjeGEJKT', '2025-12-09 14:03:16', 14, NULL, NULL, '2025-12-23 14:03:16', NULL, 0, NULL, NULL, NULL, NULL, NULL, NULL, NULL, 'charge_automatically', NULL, NULL, 1, 4900.00, 'USD', 'month', NULL, NULL, NULL, NULL, NULL, NULL, 0, NULL, 'none', NULL, NULL, 0, NULL, 0, NULL, '2025-12-09 14:03:21');

--
-- Dumping data for table `subscription_events`
--

INSERT INTO `subscription_events` (`id`, `subscription_id`, `user_uuid`, `stripe_subscription_id`, `stripe_event_id`, `event_type`, `old_status`, `new_status`, `old_plan_id`, `new_plan_id`, `old_quantity`, `new_quantity`, `amount`, `currency`, `failure_code`, `failure_message`, `actor`, `actor_id`, `ip_address`, `user_agent`, `description`, `metadata`, `event_payload`, `occurred_at`, `processed_at`, `createdAt`, `updatedAt`) VALUES
(1, 1, '9e47ed0e-73f7-41d5-9dac-5c37b8df8a4f', 'sub_1Sc8r8HpVJPrOqLkX4hZp1K4', NULL, 'subscription_created', NULL, 'active', NULL, NULL, NULL, NULL, NULL, NULL, NULL, NULL, 'user', NULL, NULL, NULL, 'Subscription created with active status', NULL, NULL, '2025-12-08 18:08:28', '2025-12-08 18:08:28', '2025-12-08 18:08:28', '2025-12-08 18:08:28'),
(2, 1, '9e47ed0e-73f7-41d5-9dac-5c37b8df8a4f', 'sub_1Sc8r8HpVJPrOqLkX4hZp1K4', 'evt_1Sc8rCHpVJPrOqLkc1IKjRiF', 'payment_succeeded', NULL, NULL, NULL, NULL, NULL, NULL, 9900, 'usd', NULL, NULL, 'stripe', NULL, NULL, NULL, 'Payment of 99 USD succeeded', NULL, NULL, '2025-12-08 18:08:21', '2025-12-08 18:08:25', '2025-12-08 18:08:25', '2025-12-08 18:08:25'),
(3, 2, '6f4362d5-744c-446e-8108-8db805396e51', 'sub_1Sc9R5HpVJPrOqLkPt4sV5R5', NULL, 'subscription_created', NULL, 'trialing', NULL, NULL, NULL, NULL, NULL, NULL, NULL, NULL, 'user', NULL, NULL, NULL, 'Subscription created with trial period', NULL, NULL, '2025-12-08 18:45:29', '2025-12-08 18:45:29', '2025-12-08 18:45:29', '2025-12-08 18:45:29'),
(4, 2, '6f4362d5-744c-446e-8108-8db805396e51', 'sub_1Sc9R5HpVJPrOqLkPt4sV5R5', 'evt_1Sc9R7HpVJPrOqLk1VlxsWJe', 'payment_succeeded', NULL, NULL, NULL, NULL, NULL, NULL, 0, 'usd', NULL, NULL, 'stripe', NULL, NULL, NULL, 'Payment of 0 USD succeeded', NULL, NULL, '2025-12-08 18:45:29', '2025-12-08 18:45:32', '2025-12-08 18:45:32', '2025-12-08 18:45:32'),
(5, 3, '51a83ba2-9f05-455d-a97e-f9490c6cdc40', 'sub_1ScRVYHpVJPrOqLkj9vJJOTJ', NULL, 'subscription_created', NULL, 'trialing', NULL, NULL, NULL, NULL, NULL, NULL, NULL, NULL, 'user', NULL, NULL, NULL, 'Subscription created with trial period', NULL, NULL, '2025-12-09 14:03:18', '2025-12-09 14:03:18', '2025-12-09 14:03:18', '2025-12-09 14:03:18'),
(6, 3, '51a83ba2-9f05-455d-a97e-f9490c6cdc40', 'sub_1ScRVYHpVJPrOqLkj9vJJOTJ', 'evt_1ScRVaHpVJPrOqLkNRXH8jxb', 'payment_succeeded', NULL, NULL, NULL, NULL, NULL, NULL, 0, 'usd', NULL, NULL, 'stripe', NULL, NULL, NULL, 'Payment of 0 USD succeeded', NULL, NULL, '2025-12-09 14:03:17', '2025-12-09 14:03:21', '2025-12-09 14:03:21', '2025-12-09 14:03:21'),
(7, 2, '6f4362d5-744c-446e-8108-8db805396e51', 'sub_1Sc9R5HpVJPrOqLkPt4sV5R5', 'evt_1ScVvMHpVJPrOqLkVgjb770Q', 'status_changed', 'trialing', 'active', NULL, NULL, NULL, NULL, NULL, NULL, NULL, NULL, 'stripe', 'webhook', NULL, NULL, 'Subscription updated: trialing  active', '{\"current_period_end\":1765305927,\"current_period_start\":1765219527,\"items\":{\"data\":[{\"id\":\"si_TZI1SzOSrN3hIY\",\"object\":\"subscription_item\",\"billing_thresholds\":null,\"created\":1765219528,\"current_period_end\":1765305927,\"current_period_start\":1765219527,\"discounts\":[],\"metadata\":{},\"plan\":{\"id\":\"price_1SacsoHpVJPrOqLk55ldH9MX\",\"object\":\"plan\",\"active\":true,\"aggregate_usage\":null,\"amount\":1900,\"amount_decimal\":\"1900\",\"billing_scheme\":\"per_unit\",\"created\":1764856066,\"currency\":\"usd\",\"interval\":\"month\",\"interval_count\":1,\"livemode\":false,\"metadata\":{\"features\":\"[]\",\"max_scheduled_posts\":\"-1\",\"max_social_accounts\":\"10\",\"plan_id\":\"1\",\"billing_cycle\":\"monthly\",\"max_team_members\":\"1\",\"trial_days\":\"1\"},\"meter\":null,\"nickname\":null,\"product\":\"prod_TXiJ5slia0Fh1C\",\"tiers\":null,\"tiers_mode\":null,\"transform_usage\":null,\"trial_period_days\":null,\"usage_type\":\"licensed\"},\"price\":{\"id\":\"price_1SacsoHpVJPrOqLk55ldH9MX\",\"object\":\"price\",\"active\":true,\"billing_scheme\":\"per_unit\",\"created\":1764856066,\"currency\":\"usd\",\"custom_unit_amount\":null,\"livemode\":false,\"lookup_key\":null,\"metadata\":{\"features\":\"[]\",\"max_scheduled_posts\":\"-1\",\"max_social_accounts\":\"10\",\"plan_id\":\"1\",\"billing_cycle\":\"monthly\",\"max_team_members\":\"1\",\"trial_days\":\"1\"},\"nickname\":null,\"product\":\"prod_TXiJ5slia0Fh1C\",\"recurring\":{\"aggregate_usage\":null,\"interval\":\"month\",\"interval_count\":1,\"meter\":null,\"trial_period_days\":null,\"usage_type\":\"licensed\"},\"tax_behavior\":\"unspecified\",\"tiers_mode\":null,\"transform_quantity\":null,\"type\":\"recurring\",\"unit_amount\":1900,\"unit_amount_decimal\":\"1900\"},\"quantity\":1,\"subscription\":\"sub_1Sc9R5HpVJPrOqLkPt4sV5R5\",\"tax_rates\":[]}]},\"latest_invoice\":\"in_1Sc9R5HpVJPrOqLkM1DKHuY9\",\"status\":\"trialing\"}', '{\"id\":\"sub_1Sc9R5HpVJPrOqLkPt4sV5R5\",\"object\":\"subscription\",\"application\":null,\"application_fee_percent\":null,\"automatic_tax\":{\"disabled_reason\":null,\"enabled\":false,\"liability\":null},\"billing\":\"charge_automatically\",\"billing_cycle_anchor\":1765305927,\"billing_cycle_anchor_config\":null,\"billing_mode\":{\"flexible\":{\"proration_discounts\":\"included\"},\"type\":\"flexible\",\"updated_at\":1765219527},\"billing_thresholds\":null,\"cancel_at\":null,\"cancel_at_period_end\":false,\"canceled_at\":null,\"cancellation_details\":{\"comment\":null,\"feedback\":null,\"reason\":null},\"collection_method\":\"charge_automatically\",\"created\":1765219527,\"currency\":\"usd\",\"current_period_end\":1767984327,\"current_period_start\":1765305927,\"customer\":\"cus_TZI0IIGiL6g3IG\",\"customer_account\":null,\"days_until_due\":null,\"default_payment_method\":\"pm_1Sc9R4HpVJPrOqLkOXnfcKFb\",\"default_source\":null,\"default_tax_rates\":[],\"description\":null,\"discount\":null,\"discounts\":[],\"ended_at\":null,\"invoice_customer_balance_settings\":{\"consume_applied_balance_on_void\":true},\"invoice_settings\":{\"account_tax_ids\":null,\"issuer\":{\"type\":\"self\"}},\"items\":{\"object\":\"list\",\"data\":[{\"id\":\"si_TZI1SzOSrN3hIY\",\"object\":\"subscription_item\",\"billing_thresholds\":null,\"created\":1765219528,\"current_period_end\":1767984327,\"current_period_start\":1765305927,\"discounts\":[],\"metadata\":{},\"plan\":{\"id\":\"price_1SacsoHpVJPrOqLk55ldH9MX\",\"object\":\"plan\",\"active\":true,\"aggregate_usage\":null,\"amount\":1900,\"amount_decimal\":\"1900\",\"billing_scheme\":\"per_unit\",\"created\":1764856066,\"currency\":\"usd\",\"interval\":\"month\",\"interval_count\":1,\"livemode\":false,\"metadata\":{\"features\":\"[]\",\"max_scheduled_posts\":\"-1\",\"max_social_accounts\":\"10\",\"plan_id\":\"1\",\"billing_cycle\":\"monthly\",\"max_team_members\":\"1\",\"trial_days\":\"1\"},\"meter\":null,\"nickname\":null,\"product\":\"prod_TXiJ5slia0Fh1C\",\"tiers\":null,\"tiers_mode\":null,\"transform_usage\":null,\"trial_period_days\":null,\"usage_type\":\"licensed\"},\"price\":{\"id\":\"price_1SacsoHpVJPrOqLk55ldH9MX\",\"object\":\"price\",\"active\":true,\"billing_scheme\":\"per_unit\",\"created\":1764856066,\"currency\":\"usd\",\"custom_unit_amount\":null,\"livemode\":false,\"lookup_key\":null,\"metadata\":{\"features\":\"[]\",\"max_scheduled_posts\":\"-1\",\"max_social_accounts\":\"10\",\"plan_id\":\"1\",\"billing_cycle\":\"monthly\",\"max_team_members\":\"1\",\"trial_days\":\"1\"},\"nickname\":null,\"product\":\"prod_TXiJ5slia0Fh1C\",\"recurring\":{\"aggregate_usage\":null,\"interval\":\"month\",\"interval_count\":1,\"meter\":null,\"trial_period_days\":null,\"usage_type\":\"licensed\"},\"tax_behavior\":\"unspecified\",\"tiers_mode\":null,\"transform_quantity\":null,\"type\":\"recurring\",\"unit_amount\":1900,\"unit_amount_decimal\":\"1900\"},\"quantity\":1,\"subscription\":\"sub_1Sc9R5HpVJPrOqLkPt4sV5R5\",\"tax_rates\":[]}],\"has_more\":false,\"total_count\":1,\"url\":\"/v1/subscription_items?subscription=sub_1Sc9R5HpVJPrOqLkPt4sV5R5\"},\"latest_invoice\":\"in_1ScVvLHpVJPrOqLkfrH90sg2\",\"livemode\":false,\"metadata\":{},\"next_pending_invoice_item_invoice\":null,\"on_behalf_of\":null,\"pause_collection\":null,\"payment_settings\":{\"payment_method_options\":null,\"payment_method_types\":null,\"save_default_payment_method\":\"off\"},\"pending_invoice_item_interval\":null,\"pending_setup_intent\":null,\"pending_update\":null,\"plan\":{\"id\":\"price_1SacsoHpVJPrOqLk55ldH9MX\",\"object\":\"plan\",\"active\":true,\"aggregate_usage\":null,\"amount\":1900,\"amount_decimal\":\"1900\",\"billing_scheme\":\"per_unit\",\"created\":1764856066,\"currency\":\"usd\",\"interval\":\"month\",\"interval_count\":1,\"livemode\":false,\"metadata\":{\"features\":\"[]\",\"max_scheduled_posts\":\"-1\",\"max_social_accounts\":\"10\",\"plan_id\":\"1\",\"billing_cycle\":\"monthly\",\"max_team_members\":\"1\",\"trial_days\":\"1\"},\"meter\":null,\"nickname\":null,\"product\":\"prod_TXiJ5slia0Fh1C\",\"tiers\":null,\"tiers_mode\":null,\"transform_usage\":null,\"trial_period_days\":null,\"usage_type\":\"licensed\"},\"quantity\":1,\"schedule\":null,\"start\":1765219527,\"start_date\":1765219527,\"status\":\"active\",\"tax_percent\":null,\"test_clock\":null,\"transfer_data\":null,\"trial_end\":1765305927,\"trial_settings\":{\"end_behavior\":{\"missing_payment_method\":\"create_invoice\"}},\"trial_start\":1765219527}', '2025-12-09 18:46:12', '2025-12-09 18:46:14', '2025-12-09 18:46:14', '2025-12-09 18:46:14'),
(8, 2, '6f4362d5-744c-446e-8108-8db805396e51', 'sub_1Sc9R5HpVJPrOqLkPt4sV5R5', 'evt_1ScWrmHpVJPrOqLky26Tgm1v', 'payment_succeeded', NULL, NULL, NULL, NULL, NULL, NULL, 1900, 'usd', NULL, NULL, 'stripe', NULL, NULL, NULL, 'Payment of 19 USD succeeded', NULL, NULL, '2025-12-09 19:46:33', '2025-12-09 19:46:37', '2025-12-09 19:46:37', '2025-12-09 19:46:37');

--
-- Dumping data for table `subscription_plans`
--

INSERT INTO `subscription_plans` (`id`, `name`, `slug`, `stripe_price_id`, `stripe_yearly_price_id`, `stripe_product_id`, `price`, `monthly_price_usd`, `yearly_price_usd`, `monthly_price_inr`, `yearly_price_inr`, `yearly_price`, `yearly_discount_percent`, `currency`, `billing_cycle`, `features`, `display_features`, `description`, `max_social_accounts`, `max_team_members`, `max_scheduled_posts`, `ai_tokens_per_month`, `ai_auto_comment_reply`, `ai_auto_dm_reply`, `ai_semantic_analysis`, `ai_driven_reporting`, `ai_content_generator`, `calendar_scheduling`, `social_profile_score`, `unified_inbox`, `export_reports`, `white_label`, `fb_ads_analytics`, `fb_ads_creation`, `team_roles_permissions`, `client_workspaces`, `support_level`, `platform_limits`, `active`, `is_featured`, `trial_period_days`, `trial_enabled`, `skip_trial_discount_enabled`, `skip_trial_discount_percent`, `is_contact_only`, `show_on_landing`, `sort_order`, `created_at`, `updated_at`) VALUES
(1, 'Starter', 'starter', 'price_1SacsoHpVJPrOqLk55ldH9MX', 'price_1SavGZHpVJPrOqLksQJfyli5', 'prod_TXiJ5slia0Fh1C', 19.00, 19.00, 205.20, 1499.00, 16189.20, 205.20, 10, 'USD', 'monthly', '[]', '[\"Up to 10 Social Profiles\",\"AI Content Generator (10,000 tokens\\/month)\",\"Basic Calendar Scheduling\",\"Post Creation & Drafts\",\"Basic Analytics Dashboard\",\"AI Social Profile Score (Basic)\",\"Media Library\",\"1 User\",\"Standard Support\"]', 'Perfect for creators & freelancers', 10, 1, -1, 10000, 0, 0, 0, 0, 1, 0, 0, 1, 0, 0, 0, 0, 0, 0, 'standard', '[]', 1, 0, 1, 1, 1, 10, 0, 1, 1, '2025-12-04 15:11:35', '2025-12-08 13:17:36'),
(2, 'Growth', 'growth', 'price_1Sact6HpVJPrOqLkhjeGEJKT', 'price_1SavJOHpVJPrOqLkBr49Hq71', 'prod_TXiJlEROBCoHcX', 49.00, 49.00, 529.20, 3999.00, 43189.20, 529.20, 10, 'USD', 'monthly', '[]', '[\"Up to 30 Social Profiles\",\"AI Content Generator (50000 tokens\\/month)\",\"Unified Social Inbox\",\"AI Auto Comment Reply\",\"AI Auto DM Reply\",\"AI-Driven Reporting\",\"Advanced Analytics & Trend Insights\",\"Bulk Scheduling\",\"Workflow Calendar Tools\",\"Export Reports (PDF\\/CSV)\",\"Hashtag Manager\",\"3 Users\",\"Priority Support\"]', 'Built for small businesses & social media managers', 20, 9, -1, 50000, 0, 0, 0, 0, 1, 0, 0, 1, 0, 0, 0, 0, 0, 0, 'priority', '[]', 1, 1, 14, 1, 1, 10, 0, 1, 2, '2025-12-04 15:11:33', '2025-12-05 09:34:19'),
(3, 'Agency', 'agency', 'price_1SactGHpVJPrOqLkrdqk0HUK', 'price_1SavL0HpVJPrOqLkWN7N5q63', 'prod_TXiJSc9kvYKDXH', 99.00, 99.00, 1069.20, 7999.00, 86389.20, 1069.20, 10, 'USD', 'monthly', '[]', '[\"Up to 100 Social Profiles\",\"AI Content Generator (100000 tokens\\/month)\",\"AI Semantic Comment Analysis\",\"Facebook Ads Analytics\",\"Create & Manage Facebook Ad Campaigns\",\"White-Label Reports\",\"Client Workspaces\",\"Team Roles & Permissions\",\"Unified Inbox\",\"10 Users\",\"5GB Media Storage\",\"Priority Chat + Email Support\"]', 'For agencies managing many clients', 100, 10, -1, -1, 1, 1, 1, 1, 1, 0, 0, 1, 0, 0, 1, 1, 1, 1, 'priority_chat', '[]', 1, 0, 14, 0, 1, 10, 0, 1, 3, '2025-12-04 15:11:32', '2025-12-08 13:17:46'),
(19, 'Enterprise', 'enterprise', NULL, NULL, NULL, 0.00, 0.00, 0.00, 0.00, 0.00, 0.00, 0, 'USD', 'monthly', '[]', '[\"Unlimited Social Profiles\", \"Unlimited Users\", \"Unlimited AI Tokens\", \"Custom Analytics Dashboards\", \"API Access & Integrations\", \"SSO Login\", \"Dedicated Account Manager\", \"247 Priority Support\", \"Personalized Onboarding\"]', 'Custom solutions for large teams & enterprises', -1, -1, -1, 0, 1, 1, 1, 1, 1, 0, 0, 1, 0, 1, 1, 1, 1, 1, 'enterprise', '[]', 1, 0, NULL, 0, 0, 0, 1, 1, 4, NULL, '2025-12-05 09:30:43');

--
-- Dumping data for table `transactions`
--

INSERT INTO `transactions` (`id`, `subscription_id`, `stripe_invoice_id`, `stripe_payment_intent_id`, `amount`, `currency`, `status`, `user_uuid`, `plan_id`, `stripe_charge_id`, `stripe_subscription_id`, `stripe_customer_id`, `stripe_payment_method_id`, `invoice_number`, `invoice_pdf_url`, `invoice_hosted_url`, `billing_reason`, `amount_subtotal`, `amount_tax`, `amount_total`, `amount_paid`, `amount_due`, `amount_remaining`, `discount_amount`, `coupon_code`, `tax_rates`, `payment_status`, `failure_code`, `failure_message`, `failure_reason`, `attempt_count`, `next_payment_attempt`, `due_date`, `paid_at`, `period_start`, `period_end`, `refund_amount`, `refunded_at`, `refund_reason`, `stripe_refund_id`, `description`, `receipt_url`, `card_brand`, `card_last4`, `metadata`, `createdAt`, `updatedAt`) VALUES
(1, 1, 'in_1Sc8r8HpVJPrOqLkqss6grEV', 'pi_3Sc8r9HpVJPrOqLk0FLkqgHp', 9900, 'usd', 'paid', '9e47ed0e-73f7-41d5-9dac-5c37b8df8a4f', NULL, 'ch_3Sc8r9HpVJPrOqLk0WTADrOH', 'sub_1Sc8r8HpVJPrOqLkX4hZp1K4', 'cus_TZHNim28DTlc56', NULL, 'FVJFOQBG-0001', 'https://pay.stripe.com/invoice/acct_1AC6lAHpVJPrOqLk/test_YWNjdF8xQUM2bEFIcFZKUHJPcUxrLF9UWkhQd1hJWXNNbTZodVh4Z0FNSnpXcWk2ckdjcDczLDE1NTc1ODEwMg0200OQrSzDF0/pdf?s=ap', 'https://invoice.stripe.com/i/acct_1AC6lAHpVJPrOqLk/test_YWNjdF8xQUM2bEFIcFZKUHJPcUxrLF9UWkhQd1hJWXNNbTZodVh4Z0FNSnpXcWk2ckdjcDczLDE1NTc1ODEwMg0200OQrSzDF0?s=ap', 'subscription_update', 9900, 0, 9900, 9900, 9900, 0, 0, NULL, NULL, 'succeeded', NULL, NULL, NULL, 0, NULL, NULL, '2025-12-08 18:08:24', '2025-12-08 18:08:18', '2025-12-08 18:08:18', 0, NULL, NULL, NULL, NULL, NULL, NULL, NULL, NULL, '2025-12-08 18:08:24', '2025-12-08 18:08:24'),
(2, 2, 'in_1Sc9R5HpVJPrOqLkM1DKHuY9', NULL, 0, 'usd', 'paid', '6f4362d5-744c-446e-8108-8db805396e51', NULL, NULL, 'sub_1Sc9R5HpVJPrOqLkPt4sV5R5', 'cus_TZI0IIGiL6g3IG', NULL, 'ITYFUTSR-0001', 'https://pay.stripe.com/invoice/acct_1AC6lAHpVJPrOqLk/test_YWNjdF8xQUM2bEFIcFZKUHJPcUxrLF9UWkkxOHVwamdBOVB0NlFwY2czMFlhek1Hd3VDbEw3LDE1NTc2MDMyOQ0200f13RqvAq/pdf?s=ap', 'https://invoice.stripe.com/i/acct_1AC6lAHpVJPrOqLk/test_YWNjdF8xQUM2bEFIcFZKUHJPcUxrLF9UWkkxOHVwamdBOVB0NlFwY2czMFlhek1Hd3VDbEw3LDE1NTc2MDMyOQ0200f13RqvAq?s=ap', 'subscription_update', 0, 0, 0, 0, 0, 0, 0, NULL, NULL, 'succeeded', NULL, NULL, NULL, 0, NULL, NULL, '2025-12-08 18:45:31', '2025-12-08 18:45:27', '2025-12-08 18:45:27', 0, NULL, NULL, NULL, NULL, NULL, NULL, NULL, NULL, '2025-12-08 18:45:31', '2025-12-08 18:45:31'),
(3, 3, 'in_1ScRVYHpVJPrOqLkgzdQ4gqR', NULL, 0, 'usd', 'paid', '51a83ba2-9f05-455d-a97e-f9490c6cdc40', NULL, NULL, 'sub_1ScRVYHpVJPrOqLkj9vJJOTJ', 'cus_TZagUWYu5xfAq9', NULL, 'DPHLH33J-0001', 'https://pay.stripe.com/invoice/acct_1AC6lAHpVJPrOqLk/test_YWNjdF8xQUM2bEFIcFZKUHJPcUxrLF9UWmFnemJyUVlwRlJPNENPcVlvaVc0RFJYN1Q5YVk2LDE1NTgyOTc5OA0200VkLQk2qC/pdf?s=ap', 'https://invoice.stripe.com/i/acct_1AC6lAHpVJPrOqLk/test_YWNjdF8xQUM2bEFIcFZKUHJPcUxrLF9UWmFnemJyUVlwRlJPNENPcVlvaVc0RFJYN1Q5YVk2LDE1NTgyOTc5OA0200VkLQk2qC?s=ap', 'subscription_update', 0, 0, 0, 0, 0, 0, 0, NULL, NULL, 'succeeded', NULL, NULL, NULL, 0, NULL, NULL, '2025-12-09 14:03:20', '2025-12-09 14:03:16', '2025-12-09 14:03:16', 0, NULL, NULL, NULL, NULL, NULL, NULL, NULL, NULL, '2025-12-09 14:03:20', '2025-12-09 14:03:20'),
(4, 2, 'in_1ScVvLHpVJPrOqLkfrH90sg2', 'pi_3ScWriHpVJPrOqLk05vb5Ove', 1900, 'usd', 'paid', '6f4362d5-744c-446e-8108-8db805396e51', NULL, 'ch_3ScWriHpVJPrOqLk09LoPho1', 'sub_1Sc9R5HpVJPrOqLkPt4sV5R5', 'cus_TZI0IIGiL6g3IG', NULL, 'ITYFUTSR-0002', 'https://pay.stripe.com/invoice/acct_1AC6lAHpVJPrOqLk/test_YWNjdF8xQUM2bEFIcFZKUHJPcUxrLF9UWmZGZ1I5MVI4MTVaZGMzZXNLeTQ2QVhEMVllMnVCLDE1NTg1MDM5NA0200RxJjBdwG/pdf?s=ap', 'https://invoice.stripe.com/i/acct_1AC6lAHpVJPrOqLk/test_YWNjdF8xQUM2bEFIcFZKUHJPcUxrLF9UWmZGZ1I5MVI4MTVaZGMzZXNLeTQ2QVhEMVllMnVCLDE1NTg1MDM5NA0200RxJjBdwG?s=ap', 'subscription_cycle', 1900, 0, 1900, 1900, 1900, 0, 0, NULL, NULL, 'succeeded', NULL, NULL, NULL, 0, NULL, NULL, '2025-12-09 19:46:36', '2025-12-08 18:45:27', '2025-12-09 18:45:27', 0, NULL, NULL, NULL, NULL, NULL, NULL, NULL, NULL, '2025-12-09 19:46:36', '2025-12-09 19:46:36');

--
-- Dumping data for table `users`
--

INSERT INTO `users` (`id`, `uuid`, `firstName`, `lastName`, `email`, `bio`, `company`, `jobTitle`, `userLocation`, `userWebsite`, `password`, `role`, `profileImage`, `timeZone`, `otp`, `otpGeneratedAt`, `resetPasswordToken`, `resetPasswordRequestTime`, `onboardGoal`, `onboardRole`, `status`, `onboard_status`, `createdAt`, `updatedAt`, `stripe_customer_id`, `billing_name`, `billing_email`, `billing_phone`, `billing_address_line1`, `billing_address_line2`, `billing_city`, `billing_state`, `billing_postal_code`, `billing_country`, `tax_id`, `tax_id_type`, `default_payment_method_id`) VALUES
(1, 'b4206492-1778-4860-8e24-af93296a37d4', 'Test', 'User', 'test@insocialwise.com', '', 'Aronasoft', '', 'Panchkula', 'aronasoft.com', '$2a$10$4xQpKBbFb9j5HWIs6mv/lO3E4mmXT3r4RHBO/SKGrFIbq9wJMSv7e', 'User', '/uploads/users/upload_img-1758189121598.png', 'Asia/Seoul', NULL, NULL, '', '', '{}', '{}', '1', '0', '2024-12-12 06:21:58', '2025-09-20 08:24:24', NULL, NULL, NULL, NULL, NULL, NULL, NULL, NULL, NULL, NULL, NULL, NULL, NULL),
(104, '9e47ed0e-73f7-41d5-9dac-5c37b8df8a4f', 'Baljeet', 'Singh', 'developer0945@gmail.com', NULL, NULL, NULL, NULL, NULL, '$2a$10$bVadGcd.zuCd1WjKZ4DczeGANQw7RC6GvDkK7p074h0dhdyDkaomS', 'User', NULL, 'Australia/Brisbane', NULL, NULL, NULL, NULL, '\"growth\"', '\"organization\"', '1', '1', '2025-12-08 18:06:20', '2025-12-08 18:09:54', 'cus_TZHNim28DTlc56', NULL, NULL, NULL, NULL, NULL, NULL, NULL, NULL, NULL, NULL, NULL, NULL),
(105, '6f4362d5-744c-446e-8108-8db805396e51', 'Baljeet', 'Singh', 'developerw0945@gmail.com', NULL, NULL, NULL, NULL, NULL, '$2a$10$2.ph/d7gEVBclHCjy/vTWuFclYcZl3b8kh5W7kgF1SlMXiGiufFfC', 'User', NULL, NULL, NULL, NULL, NULL, NULL, '{}', '{}', '1', '0', '2025-12-08 18:45:11', '2025-12-08 18:45:29', 'cus_TZI0IIGiL6g3IG', NULL, NULL, NULL, NULL, NULL, NULL, NULL, NULL, NULL, NULL, NULL, NULL),
(106, '51a83ba2-9f05-455d-a97e-f9490c6cdc40', 'Sudhir', 'kundal', 'sudhirkundal007@gmail.com', NULL, NULL, NULL, NULL, NULL, '$2a$10$C1RERUvDRXbRbKCtdItXHe4tmWCCa4o6wGEAZXhpI0SGnR93eTEfy', 'User', NULL, NULL, NULL, NULL, NULL, NULL, '{}', '{}', '1', '0', '2025-12-09 14:02:43', '2025-12-09 14:03:20', 'cus_TZagUWYu5xfAq9', NULL, NULL, NULL, NULL, NULL, NULL, NULL, NULL, NULL, NULL, NULL, NULL);

--
-- Dumping data for table `user_reports`
--

INSERT INTO `user_reports` (`id`, `user_uuid`, `report_name`, `report_type`, `template_id`, `metrics`, `date_range`, `file_path`, `file_size`, `status`, `is_favorite`, `schedule_frequency`, `schedule_enabled`, `schedule_day`, `schedule_time`, `last_generated_at`, `notes`, `report_data`, `insights`, `comparison_data`, `user_logo_path`, `email_delivery_enabled`, `email_recipients`, `createdAt`, `updatedAt`) VALUES
(7, '9e47ed0e-73f7-41d5-9dac-5c37b8df8a4f', 'retet', 'weekly', NULL, '[\"totalReach\",\"engagement\",\"followerGrowth\",\"topContent\"]', '30', 'report_1765263792473_vm5xnmiis.pdf', 11371, 'ready', 0, 'none', 0, NULL, NULL, '2025-12-09 07:03:12', NULL, '{\"reach\":{\"total\":0,\"impressions\":0,\"views\":0,\"growth\":0,\"growthPercent\":0,\"previousPeriod\":0},\"followerGrowth\":{\"startFollowers\":0,\"endFollowers\":0,\"growth\":0,\"growthPercent\":0,\"dailyGrowthRate\":0,\"trend\":\"stable\"},\"engagement\":{\"totalLikes\":0,\"totalComments\":0,\"totalShares\":0,\"totalEngagements\":0,\"totalImpressions\":0,\"totalPosts\":0,\"avgEngagementPerPost\":0,\"engagementRate\":0,\"interactionRate\":0,\"breakdown\":{\"likes\":{\"count\":0,\"percentage\":0},\"comments\":{\"count\":0,\"percentage\":0},\"shares\":{\"count\":0,\"percentage\":0}}},\"topContent\":[],\"timeSeries\":[],\"heatmap\":{\"heatmap\":{\"0\":{\"0\":{\"totalEngagement\":0,\"count\":0,\"avgEngagement\":0},\"3\":{\"totalEngagement\":0,\"count\":0,\"avgEngagement\":0},\"6\":{\"totalEngagement\":0,\"count\":0,\"avgEngagement\":0},\"9\":{\"totalEngagement\":0,\"count\":0,\"avgEngagement\":0},\"12\":{\"totalEngagement\":0,\"count\":0,\"avgEngagement\":0},\"15\":{\"totalEngagement\":0,\"count\":0,\"avgEngagement\":0},\"18\":{\"totalEngagement\":0,\"count\":0,\"avgEngagement\":0},\"21\":{\"totalEngagement\":0,\"count\":0,\"avgEngagement\":0}},\"1\":{\"0\":{\"totalEngagement\":0,\"count\":0,\"avgEngagement\":0},\"3\":{\"totalEngagement\":0,\"count\":0,\"avgEngagement\":0},\"6\":{\"totalEngagement\":0,\"count\":0,\"avgEngagement\":0},\"9\":{\"totalEngagement\":0,\"count\":0,\"avgEngagement\":0},\"12\":{\"totalEngagement\":0,\"count\":0,\"avgEngagement\":0},\"15\":{\"totalEngagement\":0,\"count\":0,\"avgEngagement\":0},\"18\":{\"totalEngagement\":0,\"count\":0,\"avgEngagement\":0},\"21\":{\"totalEngagement\":0,\"count\":0,\"avgEngagement\":0}},\"2\":{\"0\":{\"totalEngagement\":0,\"count\":0,\"avgEngagement\":0},\"3\":{\"totalEngagement\":0,\"count\":0,\"avgEngagement\":0},\"6\":{\"totalEngagement\":0,\"count\":0,\"avgEngagement\":0},\"9\":{\"totalEngagement\":0,\"count\":0,\"avgEngagement\":0},\"12\":{\"totalEngagement\":0,\"count\":0,\"avgEngagement\":0},\"15\":{\"totalEngagement\":0,\"count\":0,\"avgEngagement\":0},\"18\":{\"totalEngagement\":0,\"count\":0,\"avgEngagement\":0},\"21\":{\"totalEngagement\":0,\"count\":0,\"avgEngagement\":0}},\"3\":{\"0\":{\"totalEngagement\":0,\"count\":0,\"avgEngagement\":0},\"3\":{\"totalEngagement\":0,\"count\":0,\"avgEngagement\":0},\"6\":{\"totalEngagement\":0,\"count\":0,\"avgEngagement\":0},\"9\":{\"totalEngagement\":0,\"count\":0,\"avgEngagement\":0},\"12\":{\"totalEngagement\":0,\"count\":0,\"avgEngagement\":0},\"15\":{\"totalEngagement\":0,\"count\":0,\"avgEngagement\":0},\"18\":{\"totalEngagement\":0,\"count\":0,\"avgEngagement\":0},\"21\":{\"totalEngagement\":0,\"count\":0,\"avgEngagement\":0}},\"4\":{\"0\":{\"totalEngagement\":0,\"count\":0,\"avgEngagement\":0},\"3\":{\"totalEngagement\":0,\"count\":0,\"avgEngagement\":0},\"6\":{\"totalEngagement\":0,\"count\":0,\"avgEngagement\":0},\"9\":{\"totalEngagement\":0,\"count\":0,\"avgEngagement\":0},\"12\":{\"totalEngagement\":0,\"count\":0,\"avgEngagement\":0},\"15\":{\"totalEngagement\":0,\"count\":0,\"avgEngagement\":0},\"18\":{\"totalEngagement\":0,\"count\":0,\"avgEngagement\":0},\"21\":{\"totalEngagement\":0,\"count\":0,\"avgEngagement\":0}},\"5\":{\"0\":{\"totalEngagement\":0,\"count\":0,\"avgEngagement\":0},\"3\":{\"totalEngagement\":0,\"count\":0,\"avgEngagement\":0},\"6\":{\"totalEngagement\":0,\"count\":0,\"avgEngagement\":0},\"9\":{\"totalEngagement\":0,\"count\":0,\"avgEngagement\":0},\"12\":{\"totalEngagement\":0,\"count\":0,\"avgEngagement\":0},\"15\":{\"totalEngagement\":0,\"count\":0,\"avgEngagement\":0},\"18\":{\"totalEngagement\":0,\"count\":0,\"avgEngagement\":0},\"21\":{\"totalEngagement\":0,\"count\":0,\"avgEngagement\":0}},\"6\":{\"0\":{\"totalEngagement\":0,\"count\":0,\"avgEngagement\":0},\"3\":{\"totalEngagement\":0,\"count\":0,\"avgEngagement\":0},\"6\":{\"totalEngagement\":0,\"count\":0,\"avgEngagement\":0},\"9\":{\"totalEngagement\":0,\"count\":0,\"avgEngagement\":0},\"12\":{\"totalEngagement\":0,\"count\":0,\"avgEngagement\":0},\"15\":{\"totalEngagement\":0,\"count\":0,\"avgEngagement\":0},\"18\":{\"totalEngagement\":0,\"count\":0,\"avgEngagement\":0},\"21\":{\"totalEngagement\":0,\"count\":0,\"avgEngagement\":0}}},\"bestTime\":null,\"totalPosts\":0},\"summary\":{\"reportType\":\"weekly\",\"dateRange\":\"Last 30 days\",\"startDate\":\"2025-11-09\",\"endDate\":\"2025-12-09\",\"generatedAt\":\"2025-12-09T07:03:12.462Z\",\"totalMetrics\":4},\"insights\":[{\"type\":\"warning\",\"title\":\"Low Engagement Rate\",\"description\":\"Your engagement rate is below average. Consider creating more interactive and valuable content.\"}],\"recommendations\":[\"Consider using more engaging content formats like videos and carousels to boost engagement rate.\",\"Increase posting frequency and engage more with your audience to accelerate growth.\",\"Regularly analyze your competitors to identify content opportunities.\",\"Use hashtags strategically to increase discoverability of your posts.\"],\"benchmarks\":[{\"metric\":\"Engagement Rate\",\"yourValue\":\"0%\",\"benchmark\":\"3.5%\",\"difference\":-3.5,\"status\":\"below\"},{\"metric\":\"Follower Growth\",\"yourValue\":\"0%\",\"benchmark\":\"5%\",\"difference\":-5,\"status\":\"below\"}],\"predictions\":null,\"growthProjections\":null}', '[{\"type\":\"warning\",\"title\":\"Low Engagement Rate\",\"description\":\"Your engagement rate is below average. Consider creating more interactive and valuable content.\"}]', NULL, NULL, 0, NULL, '2025-12-09 07:03:12', '2025-12-09 07:03:12');

--
-- Dumping data for table `webhook_events`
--

INSERT INTO `webhook_events` (`id`, `stripe_event_id`, `event_type`, `api_version`, `livemode`, `object_type`, `object_id`, `customer_id`, `subscription_id`, `invoice_id`, `payment_intent_id`, `payload`, `payload_hash`, `status`, `processing_attempts`, `max_attempts`, `received_at`, `processed_at`, `next_retry_at`, `error_code`, `error_message`, `error_stack`, `processing_time_ms`, `actions_taken`, `affected_records`, `ip_address`, `signature_verified`, `metadata`, `createdAt`, `updatedAt`) VALUES
(1, 'evt_1Sc8pkHpVJPrOqLkcvn6pNdS', 'customer.subscription.deleted', '2018-05-21', 0, 'subscription', 'sub_1Sc54THpVJPrOqLkbsD9YIqh', 'cus_TZDVHbxBmsgDOt', 'sub_1Sc54THpVJPrOqLkbsD9YIqh', NULL, NULL, '{\"id\":\"evt_1Sc8pkHpVJPrOqLkcvn6pNdS\",\"object\":\"event\",\"api_version\":\"2018-05-21\",\"created\":1765217211,\"data\":{\"object\":{\"id\":\"sub_1Sc54THpVJPrOqLkbsD9YIqh\",\"object\":\"subscription\",\"application\":null,\"application_fee_percent\":null,\"automatic_tax\":{\"disabled_reason\":null,\"enabled\":false,\"liability\":null},\"billing\":\"charge_automatically\",\"billing_cycle_anchor\":1765202749,\"billing_cycle_anchor_config\":null,\"billing_mode\":{\"flexible\":{\"proration_discounts\":\"included\"},\"type\":\"flexible\",\"updated_at\":1765202749},\"billing_thresholds\":null,\"cancel_at\":null,\"cancel_at_period_end\":false,\"canceled_at\":1765217211,\"cancellation_details\":{\"comment\":null,\"feedback\":null,\"reason\":\"cancellation_requested\"},\"collection_method\":\"charge_automatically\",\"created\":1765202749,\"currency\":\"usd\",\"current_period_end\":1767881149,\"current_period_start\":1765202749,\"customer\":\"cus_TZDVHbxBmsgDOt\",\"customer_account\":null,\"days_until_due\":null,\"default_payment_method\":\"pm_1Sc54RHpVJPrOqLkd0YQ6Q0Q\",\"default_source\":null,\"default_tax_rates\":[],\"description\":null,\"discount\":null,\"discounts\":[],\"ended_at\":1765217211,\"invoice_customer_balance_settings\":{\"consume_applied_balance_on_void\":true},\"invoice_settings\":{\"account_tax_ids\":null,\"issuer\":{\"type\":\"self\"}},\"items\":{\"object\":\"list\",\"data\":[{\"id\":\"si_TZDV4Es6WBMUpd\",\"object\":\"subscription_item\",\"billing_thresholds\":null,\"created\":1765202750,\"current_period_end\":1767881149,\"current_period_start\":1765202749,\"discounts\":[],\"metadata\":{},\"plan\":{\"id\":\"price_1SactGHpVJPrOqLkrdqk0HUK\",\"object\":\"plan\",\"active\":true,\"aggregate_usage\":null,\"amount\":9900,\"amount_decimal\":\"9900\",\"billing_scheme\":\"per_unit\",\"created\":1764856094,\"currency\":\"usd\",\"interval\":\"month\",\"interval_count\":1,\"livemode\":false,\"metadata\":{\"features\":\"[]\",\"max_scheduled_posts\":\"-1\",\"max_social_accounts\":\"100\",\"plan_id\":\"3\",\"billing_cycle\":\"monthly\",\"max_team_members\":\"10\",\"trial_days\":\"14\"},\"meter\":null,\"nickname\":null,\"product\":\"prod_TXiJSc9kvYKDXH\",\"tiers\":null,\"tiers_mode\":null,\"transform_usage\":null,\"trial_period_days\":null,\"usage_type\":\"licensed\"},\"price\":{\"id\":\"price_1SactGHpVJPrOqLkrdqk0HUK\",\"object\":\"price\",\"active\":true,\"billing_scheme\":\"per_unit\",\"created\":1764856094,\"currency\":\"usd\",\"custom_unit_amount\":null,\"livemode\":false,\"lookup_key\":null,\"metadata\":{\"features\":\"[]\",\"max_scheduled_posts\":\"-1\",\"max_social_accounts\":\"100\",\"plan_id\":\"3\",\"billing_cycle\":\"monthly\",\"max_team_members\":\"10\",\"trial_days\":\"14\"},\"nickname\":null,\"product\":\"prod_TXiJSc9kvYKDXH\",\"recurring\":{\"aggregate_usage\":null,\"interval\":\"month\",\"interval_count\":1,\"meter\":null,\"trial_period_days\":null,\"usage_type\":\"licensed\"},\"tax_behavior\":\"unspecified\",\"tiers_mode\":null,\"transform_quantity\":null,\"type\":\"recurring\",\"unit_amount\":9900,\"unit_amount_decimal\":\"9900\"},\"quantity\":1,\"subscription\":\"sub_1Sc54THpVJPrOqLkbsD9YIqh\",\"tax_rates\":[]}],\"has_more\":false,\"total_count\":1,\"url\":\"/v1/subscription_items?subscription=sub_1Sc54THpVJPrOqLkbsD9YIqh\"},\"latest_invoice\":\"in_1Sc54THpVJPrOqLkQEvNGsPY\",\"livemode\":false,\"metadata\":{},\"next_pending_invoice_item_invoice\":null,\"on_behalf_of\":null,\"pause_collection\":null,\"payment_settings\":{\"payment_method_options\":null,\"payment_method_types\":null,\"save_default_payment_method\":\"off\"},\"pending_invoice_item_interval\":null,\"pending_setup_intent\":null,\"pending_update\":null,\"plan\":{\"id\":\"price_1SactGHpVJPrOqLkrdqk0HUK\",\"object\":\"plan\",\"active\":true,\"aggregate_usage\":null,\"amount\":9900,\"amount_decimal\":\"9900\",\"billing_scheme\":\"per_unit\",\"created\":1764856094,\"currency\":\"usd\",\"interval\":\"month\",\"interval_count\":1,\"livemode\":false,\"metadata\":{\"features\":\"[]\",\"max_scheduled_posts\":\"-1\",\"max_social_accounts\":\"100\",\"plan_id\":\"3\",\"billing_cycle\":\"monthly\",\"max_team_members\":\"10\",\"trial_days\":\"14\"},\"meter\":null,\"nickname\":null,\"product\":\"prod_TXiJSc9kvYKDXH\",\"tiers\":null,\"tiers_mode\":null,\"transform_usage\":null,\"trial_period_days\":null,\"usage_type\":\"licensed\"},\"quantity\":1,\"schedule\":null,\"start\":1765202749,\"start_date\":1765202749,\"status\":\"canceled\",\"tax_percent\":null,\"test_clock\":null,\"transfer_data\":null,\"trial_end\":null,\"trial_settings\":{\"end_behavior\":{\"missing_payment_method\":\"create_invoice\"}},\"trial_start\":null}},\"livemode\":false,\"pending_webhooks\":1,\"request\":{\"id\":\"req_Ej8LHLE76oFsFq\",\"idempotency_key\":null},\"type\":\"customer.subscription.deleted\"}', 'fb86add953bdfa4877ba8c2be9c2a406fd14aa117c3f4840afd92801b76f05f6', 'processed', 0, 5, '2025-12-08 18:06:52', '2025-12-08 18:06:53', NULL, NULL, NULL, NULL, 990, '[]', '[]', '::ffff:127.0.0.1', 1, NULL, '2025-12-08 18:06:52', '2025-12-08 18:06:53'),
(2, 'evt_1Sc8ppHpVJPrOqLk5f7ABUpc', 'customer.subscription.deleted', '2018-05-21', 0, 'subscription', 'sub_1Sc528HpVJPrOqLkLV8FsINs', 'cus_TZDSda2Cjwyb9C', 'sub_1Sc528HpVJPrOqLkLV8FsINs', NULL, NULL, '{\"id\":\"evt_1Sc8ppHpVJPrOqLk5f7ABUpc\",\"object\":\"event\",\"api_version\":\"2018-05-21\",\"created\":1765217217,\"data\":{\"object\":{\"id\":\"sub_1Sc528HpVJPrOqLkLV8FsINs\",\"object\":\"subscription\",\"application\":null,\"application_fee_percent\":null,\"automatic_tax\":{\"disabled_reason\":null,\"enabled\":false,\"liability\":null},\"billing\":\"charge_automatically\",\"billing_cycle_anchor\":1765202604,\"billing_cycle_anchor_config\":null,\"billing_mode\":{\"flexible\":{\"proration_discounts\":\"included\"},\"type\":\"flexible\",\"updated_at\":1765202604},\"billing_thresholds\":null,\"cancel_at\":null,\"cancel_at_period_end\":false,\"canceled_at\":1765217217,\"cancellation_details\":{\"comment\":null,\"feedback\":null,\"reason\":\"cancellation_requested\"},\"collection_method\":\"charge_automatically\",\"created\":1765202604,\"currency\":\"usd\",\"current_period_end\":1767881004,\"current_period_start\":1765202604,\"customer\":\"cus_TZDSda2Cjwyb9C\",\"customer_account\":null,\"days_until_due\":null,\"default_payment_method\":\"pm_1Sc525HpVJPrOqLksIqFgiqf\",\"default_source\":null,\"default_tax_rates\":[],\"description\":null,\"discount\":null,\"discounts\":[],\"ended_at\":1765217217,\"invoice_customer_balance_settings\":{\"consume_applied_balance_on_void\":true},\"invoice_settings\":{\"account_tax_ids\":null,\"issuer\":{\"type\":\"self\"}},\"items\":{\"object\":\"list\",\"data\":[{\"id\":\"si_TZDTAYHE7h3nYK\",\"object\":\"subscription_item\",\"billing_thresholds\":null,\"created\":1765202604,\"current_period_end\":1767881004,\"current_period_start\":1765202604,\"discounts\":[],\"metadata\":{},\"plan\":{\"id\":\"price_1SactGHpVJPrOqLkrdqk0HUK\",\"object\":\"plan\",\"active\":true,\"aggregate_usage\":null,\"amount\":9900,\"amount_decimal\":\"9900\",\"billing_scheme\":\"per_unit\",\"created\":1764856094,\"currency\":\"usd\",\"interval\":\"month\",\"interval_count\":1,\"livemode\":false,\"metadata\":{\"features\":\"[]\",\"max_scheduled_posts\":\"-1\",\"max_social_accounts\":\"100\",\"plan_id\":\"3\",\"billing_cycle\":\"monthly\",\"max_team_members\":\"10\",\"trial_days\":\"14\"},\"meter\":null,\"nickname\":null,\"product\":\"prod_TXiJSc9kvYKDXH\",\"tiers\":null,\"tiers_mode\":null,\"transform_usage\":null,\"trial_period_days\":null,\"usage_type\":\"licensed\"},\"price\":{\"id\":\"price_1SactGHpVJPrOqLkrdqk0HUK\",\"object\":\"price\",\"active\":true,\"billing_scheme\":\"per_unit\",\"created\":1764856094,\"currency\":\"usd\",\"custom_unit_amount\":null,\"livemode\":false,\"lookup_key\":null,\"metadata\":{\"features\":\"[]\",\"max_scheduled_posts\":\"-1\",\"max_social_accounts\":\"100\",\"plan_id\":\"3\",\"billing_cycle\":\"monthly\",\"max_team_members\":\"10\",\"trial_days\":\"14\"},\"nickname\":null,\"product\":\"prod_TXiJSc9kvYKDXH\",\"recurring\":{\"aggregate_usage\":null,\"interval\":\"month\",\"interval_count\":1,\"meter\":null,\"trial_period_days\":null,\"usage_type\":\"licensed\"},\"tax_behavior\":\"unspecified\",\"tiers_mode\":null,\"transform_quantity\":null,\"type\":\"recurring\",\"unit_amount\":9900,\"unit_amount_decimal\":\"9900\"},\"quantity\":1,\"subscription\":\"sub_1Sc528HpVJPrOqLkLV8FsINs\",\"tax_rates\":[]}],\"has_more\":false,\"total_count\":1,\"url\":\"/v1/subscription_items?subscription=sub_1Sc528HpVJPrOqLkLV8FsINs\"},\"latest_invoice\":\"in_1Sc528HpVJPrOqLkzIdb2XXy\",\"livemode\":false,\"metadata\":{},\"next_pending_invoice_item_invoice\":null,\"on_behalf_of\":null,\"pause_collection\":null,\"payment_settings\":{\"payment_method_options\":null,\"payment_method_types\":null,\"save_default_payment_method\":\"off\"},\"pending_invoice_item_interval\":null,\"pending_setup_intent\":null,\"pending_update\":null,\"plan\":{\"id\":\"price_1SactGHpVJPrOqLkrdqk0HUK\",\"object\":\"plan\",\"active\":true,\"aggregate_usage\":null,\"amount\":9900,\"amount_decimal\":\"9900\",\"billing_scheme\":\"per_unit\",\"created\":1764856094,\"currency\":\"usd\",\"interval\":\"month\",\"interval_count\":1,\"livemode\":false,\"metadata\":{\"features\":\"[]\",\"max_scheduled_posts\":\"-1\",\"max_social_accounts\":\"100\",\"plan_id\":\"3\",\"billing_cycle\":\"monthly\",\"max_team_members\":\"10\",\"trial_days\":\"14\"},\"meter\":null,\"nickname\":null,\"product\":\"prod_TXiJSc9kvYKDXH\",\"tiers\":null,\"tiers_mode\":null,\"transform_usage\":null,\"trial_period_days\":null,\"usage_type\":\"licensed\"},\"quantity\":1,\"schedule\":null,\"start\":1765202604,\"start_date\":1765202604,\"status\":\"canceled\",\"tax_percent\":null,\"test_clock\":null,\"transfer_data\":null,\"trial_end\":null,\"trial_settings\":{\"end_behavior\":{\"missing_payment_method\":\"create_invoice\"}},\"trial_start\":null}},\"livemode\":false,\"pending_webhooks\":1,\"request\":{\"id\":\"req_3IzTlqD5QlAayS\",\"idempotency_key\":null},\"type\":\"customer.subscription.deleted\"}', '465f75f620c5e6db6243b80a94841fd8641781b2d839f950bb240fcfaa624ee3', 'processed', 0, 5, '2025-12-08 18:06:59', '2025-12-08 18:06:59', NULL, NULL, NULL, NULL, 758, '[]', '[]', '::1', 1, NULL, '2025-12-08 18:06:59', '2025-12-08 18:06:59'),
(3, 'evt_1Sc8pwHpVJPrOqLklCq6wBYr', 'customer.subscription.deleted', '2018-05-21', 0, 'subscription', 'sub_1SbNtoHpVJPrOqLkXJiCHhwx', 'cus_TYUtFbKUjXADZY', 'sub_1SbNtoHpVJPrOqLkXJiCHhwx', NULL, NULL, '{\"id\":\"evt_1Sc8pwHpVJPrOqLklCq6wBYr\",\"object\":\"event\",\"api_version\":\"2018-05-21\",\"created\":1765217224,\"data\":{\"object\":{\"id\":\"sub_1SbNtoHpVJPrOqLkXJiCHhwx\",\"object\":\"subscription\",\"application\":null,\"application_fee_percent\":null,\"automatic_tax\":{\"disabled_reason\":null,\"enabled\":false,\"liability\":null},\"billing\":\"charge_automatically\",\"billing_cycle_anchor\":1765123196,\"billing_cycle_anchor_config\":null,\"billing_mode\":{\"flexible\":{\"proration_discounts\":\"included\"},\"type\":\"flexible\",\"updated_at\":1765036796},\"billing_thresholds\":null,\"cancel_at\":null,\"cancel_at_period_end\":false,\"canceled_at\":1765217223,\"cancellation_details\":{\"comment\":null,\"feedback\":null,\"reason\":\"cancellation_requested\"},\"collection_method\":\"charge_automatically\",\"created\":1765036796,\"currency\":\"usd\",\"current_period_end\":1767801596,\"current_period_start\":1765123196,\"customer\":\"cus_TYUtFbKUjXADZY\",\"customer_account\":null,\"days_until_due\":null,\"default_payment_method\":\"pm_1SbNtzHpVJPrOqLkghRJQsoJ\",\"default_source\":null,\"default_tax_rates\":[],\"description\":null,\"discount\":null,\"discounts\":[],\"ended_at\":1765217223,\"invoice_customer_balance_settings\":{\"consume_applied_balance_on_void\":true},\"invoice_settings\":{\"account_tax_ids\":null,\"issuer\":{\"type\":\"self\"}},\"items\":{\"object\":\"list\",\"data\":[{\"id\":\"si_TYUtIBah9vp5cD\",\"object\":\"subscription_item\",\"billing_thresholds\":null,\"created\":1765036797,\"current_period_end\":1767801596,\"current_period_start\":1765123196,\"discounts\":[],\"metadata\":{},\"plan\":{\"id\":\"price_1SacsoHpVJPrOqLk55ldH9MX\",\"object\":\"plan\",\"active\":true,\"aggregate_usage\":null,\"amount\":1900,\"amount_decimal\":\"1900\",\"billing_scheme\":\"per_unit\",\"created\":1764856066,\"currency\":\"usd\",\"interval\":\"month\",\"interval_count\":1,\"livemode\":false,\"metadata\":{\"features\":\"[]\",\"max_scheduled_posts\":\"-1\",\"max_social_accounts\":\"10\",\"plan_id\":\"1\",\"billing_cycle\":\"monthly\",\"max_team_members\":\"1\",\"trial_days\":\"1\"},\"meter\":null,\"nickname\":null,\"product\":\"prod_TXiJ5slia0Fh1C\",\"tiers\":null,\"tiers_mode\":null,\"transform_usage\":null,\"trial_period_days\":null,\"usage_type\":\"licensed\"},\"price\":{\"id\":\"price_1SacsoHpVJPrOqLk55ldH9MX\",\"object\":\"price\",\"active\":true,\"billing_scheme\":\"per_unit\",\"created\":1764856066,\"currency\":\"usd\",\"custom_unit_amount\":null,\"livemode\":false,\"lookup_key\":null,\"metadata\":{\"features\":\"[]\",\"max_scheduled_posts\":\"-1\",\"max_social_accounts\":\"10\",\"plan_id\":\"1\",\"billing_cycle\":\"monthly\",\"max_team_members\":\"1\",\"trial_days\":\"1\"},\"nickname\":null,\"product\":\"prod_TXiJ5slia0Fh1C\",\"recurring\":{\"aggregate_usage\":null,\"interval\":\"month\",\"interval_count\":1,\"meter\":null,\"trial_period_days\":null,\"usage_type\":\"licensed\"},\"tax_behavior\":\"unspecified\",\"tiers_mode\":null,\"transform_quantity\":null,\"type\":\"recurring\",\"unit_amount\":1900,\"unit_amount_decimal\":\"1900\"},\"quantity\":1,\"subscription\":\"sub_1SbNtoHpVJPrOqLkXJiCHhwx\",\"tax_rates\":[]}],\"has_more\":false,\"total_count\":1,\"url\":\"/v1/subscription_items?subscription=sub_1SbNtoHpVJPrOqLkXJiCHhwx\"},\"latest_invoice\":\"in_1SbkNtHpVJPrOqLkqqTo8QTQ\",\"livemode\":false,\"metadata\":{},\"next_pending_invoice_item_invoice\":null,\"on_behalf_of\":null,\"pause_collection\":null,\"payment_settings\":{\"payment_method_options\":null,\"payment_method_types\":null,\"save_default_payment_method\":\"off\"},\"pending_invoice_item_interval\":null,\"pending_setup_intent\":null,\"pending_update\":null,\"plan\":{\"id\":\"price_1SacsoHpVJPrOqLk55ldH9MX\",\"object\":\"plan\",\"active\":true,\"aggregate_usage\":null,\"amount\":1900,\"amount_decimal\":\"1900\",\"billing_scheme\":\"per_unit\",\"created\":1764856066,\"currency\":\"usd\",\"interval\":\"month\",\"interval_count\":1,\"livemode\":false,\"metadata\":{\"features\":\"[]\",\"max_scheduled_posts\":\"-1\",\"max_social_accounts\":\"10\",\"plan_id\":\"1\",\"billing_cycle\":\"monthly\",\"max_team_members\":\"1\",\"trial_days\":\"1\"},\"meter\":null,\"nickname\":null,\"product\":\"prod_TXiJ5slia0Fh1C\",\"tiers\":null,\"tiers_mode\":null,\"transform_usage\":null,\"trial_period_days\":null,\"usage_type\":\"licensed\"},\"quantity\":1,\"schedule\":null,\"start\":1765036796,\"start_date\":1765036796,\"status\":\"canceled\",\"tax_percent\":null,\"test_clock\":null,\"transfer_data\":null,\"trial_end\":1765123196,\"trial_settings\":{\"end_behavior\":{\"missing_payment_method\":\"create_invoice\"}},\"trial_start\":1765036796}},\"livemode\":false,\"pending_webhooks\":1,\"request\":{\"id\":\"req_n6lxHLxbjxLTjt\",\"idempotency_key\":null},\"type\":\"customer.subscription.deleted\"}', 'b65485f7f7b9042e07ca6c37c7e0af2fba23c6d12891191bd3e82ff7dcb296af', 'processed', 0, 5, '2025-12-08 18:07:05', '2025-12-08 18:07:05', NULL, NULL, NULL, NULL, 1033, '[]', '[]', '::ffff:127.0.0.1', 1, NULL, '2025-12-08 18:07:05', '2025-12-08 18:07:05'),
(4, 'evt_1Sc8qcHpVJPrOqLkSykUoQeJ', 'customer.subscription.updated', '2018-05-21', 0, 'subscription', 'sub_1Sc4s1HpVJPrOqLknlyBXpb5', 'cus_TZDIqpPX565FxE', 'sub_1Sc4s1HpVJPrOqLknlyBXpb5', NULL, NULL, '{\"id\":\"evt_1Sc8qcHpVJPrOqLkSykUoQeJ\",\"object\":\"event\",\"api_version\":\"2018-05-21\",\"created\":1765217266,\"data\":{\"object\":{\"id\":\"sub_1Sc4s1HpVJPrOqLknlyBXpb5\",\"object\":\"subscription\",\"application\":null,\"application_fee_percent\":null,\"automatic_tax\":{\"disabled_reason\":null,\"enabled\":false,\"liability\":null},\"billing\":\"charge_automatically\",\"billing_cycle_anchor\":1765201977,\"billing_cycle_anchor_config\":null,\"billing_mode\":{\"flexible\":{\"proration_discounts\":\"included\"},\"type\":\"flexible\",\"updated_at\":1765201977},\"billing_thresholds\":null,\"cancel_at\":null,\"cancel_at_period_end\":false,\"canceled_at\":1765217265,\"cancellation_details\":{\"comment\":null,\"feedback\":null,\"reason\":null},\"collection_method\":\"charge_automatically\",\"created\":1765201977,\"currency\":\"usd\",\"current_period_end\":1767880377,\"current_period_start\":1765201977,\"customer\":\"cus_TZDIqpPX565FxE\",\"customer_account\":null,\"days_until_due\":null,\"default_payment_method\":null,\"default_source\":null,\"default_tax_rates\":[],\"description\":null,\"discount\":null,\"discounts\":[],\"ended_at\":1765217265,\"invoice_customer_balance_settings\":{\"consume_applied_balance_on_void\":true},\"invoice_settings\":{\"account_tax_ids\":null,\"issuer\":{\"type\":\"self\"}},\"items\":{\"object\":\"list\",\"data\":[{\"id\":\"si_TZDIrosbIbcG5e\",\"object\":\"subscription_item\",\"billing_thresholds\":null,\"created\":1765201977,\"current_period_end\":1767880377,\"current_period_start\":1765201977,\"discounts\":[],\"metadata\":{},\"plan\":{\"id\":\"price_1SactGHpVJPrOqLkrdqk0HUK\",\"object\":\"plan\",\"active\":true,\"aggregate_usage\":null,\"amount\":9900,\"amount_decimal\":\"9900\",\"billing_scheme\":\"per_unit\",\"created\":1764856094,\"currency\":\"usd\",\"interval\":\"month\",\"interval_count\":1,\"livemode\":false,\"metadata\":{\"features\":\"[]\",\"max_scheduled_posts\":\"-1\",\"max_social_accounts\":\"100\",\"plan_id\":\"3\",\"billing_cycle\":\"monthly\",\"max_team_members\":\"10\",\"trial_days\":\"14\"},\"meter\":null,\"nickname\":null,\"product\":\"prod_TXiJSc9kvYKDXH\",\"tiers\":null,\"tiers_mode\":null,\"transform_usage\":null,\"trial_period_days\":null,\"usage_type\":\"licensed\"},\"price\":{\"id\":\"price_1SactGHpVJPrOqLkrdqk0HUK\",\"object\":\"price\",\"active\":true,\"billing_scheme\":\"per_unit\",\"created\":1764856094,\"currency\":\"usd\",\"custom_unit_amount\":null,\"livemode\":false,\"lookup_key\":null,\"metadata\":{\"features\":\"[]\",\"max_scheduled_posts\":\"-1\",\"max_social_accounts\":\"100\",\"plan_id\":\"3\",\"billing_cycle\":\"monthly\",\"max_team_members\":\"10\",\"trial_days\":\"14\"},\"nickname\":null,\"product\":\"prod_TXiJSc9kvYKDXH\",\"recurring\":{\"aggregate_usage\":null,\"interval\":\"month\",\"interval_count\":1,\"meter\":null,\"trial_period_days\":null,\"usage_type\":\"licensed\"},\"tax_behavior\":\"unspecified\",\"tiers_mode\":null,\"transform_quantity\":null,\"type\":\"recurring\",\"unit_amount\":9900,\"unit_amount_decimal\":\"9900\"},\"quantity\":1,\"subscription\":\"sub_1Sc4s1HpVJPrOqLknlyBXpb5\",\"tax_rates\":[]}],\"has_more\":false,\"total_count\":1,\"url\":\"/v1/subscription_items?subscription=sub_1Sc4s1HpVJPrOqLknlyBXpb5\"},\"latest_invoice\":\"in_1Sc4s1HpVJPrOqLkPLs06Grx\",\"livemode\":false,\"metadata\":{},\"next_pending_invoice_item_invoice\":null,\"on_behalf_of\":null,\"pause_collection\":null,\"payment_settings\":{\"payment_method_options\":null,\"payment_method_types\":null,\"save_default_payment_method\":\"off\"},\"pending_invoice_item_interval\":null,\"pending_setup_intent\":null,\"pending_update\":null,\"plan\":{\"id\":\"price_1SactGHpVJPrOqLkrdqk0HUK\",\"object\":\"plan\",\"active\":true,\"aggregate_usage\":null,\"amount\":9900,\"amount_decimal\":\"9900\",\"billing_scheme\":\"per_unit\",\"created\":1764856094,\"currency\":\"usd\",\"interval\":\"month\",\"interval_count\":1,\"livemode\":false,\"metadata\":{\"features\":\"[]\",\"max_scheduled_posts\":\"-1\",\"max_social_accounts\":\"100\",\"plan_id\":\"3\",\"billing_cycle\":\"monthly\",\"max_team_members\":\"10\",\"trial_days\":\"14\"},\"meter\":null,\"nickname\":null,\"product\":\"prod_TXiJSc9kvYKDXH\",\"tiers\":null,\"tiers_mode\":null,\"transform_usage\":null,\"trial_period_days\":null,\"usage_type\":\"licensed\"},\"quantity\":1,\"schedule\":null,\"start\":1765201977,\"start_date\":1765201977,\"status\":\"incomplete_expired\",\"tax_percent\":null,\"test_clock\":null,\"transfer_data\":null,\"trial_end\":null,\"trial_settings\":{\"end_behavior\":{\"missing_payment_method\":\"create_invoice\"}},\"trial_start\":null},\"previous_attributes\":{\"canceled_at\":null,\"ended_at\":null,\"status\":\"incomplete\"}},\"livemode\":false,\"pending_webhooks\":1,\"request\":{\"id\":\"req_SdVIbfQRLcDo9z\",\"idempotency_key\":\"batchapi-batch_1Sc8qJHpVJPrOqLkufeCTtwz-cus_TZDIqpPX565FxE_delete_customer\"},\"type\":\"customer.subscription.updated\"}', '3d54a47cd0f9b75f2362fd1b2d784a077d7a35b5e583a401d90f964ea19bd2c1', 'processed', 0, 5, '2025-12-08 18:07:47', '2025-12-08 18:07:48', NULL, NULL, NULL, NULL, 990, '[]', '[]', '::1', 1, NULL, '2025-12-08 18:07:47', '2025-12-08 18:07:48'),
(5, 'evt_1Sc8qeHpVJPrOqLkyqgkXnzp', 'customer.subscription.updated', '2018-05-21', 0, 'subscription', 'sub_1Sc4PCHpVJPrOqLkIa3dxyJ0', 'cus_TZCojn6Lu4LVzS', 'sub_1Sc4PCHpVJPrOqLkIa3dxyJ0', NULL, NULL, '{\"id\":\"evt_1Sc8qeHpVJPrOqLkyqgkXnzp\",\"object\":\"event\",\"api_version\":\"2018-05-21\",\"created\":1765217268,\"data\":{\"object\":{\"id\":\"sub_1Sc4PCHpVJPrOqLkIa3dxyJ0\",\"object\":\"subscription\",\"application\":null,\"application_fee_percent\":null,\"automatic_tax\":{\"disabled_reason\":null,\"enabled\":false,\"liability\":null},\"billing\":\"charge_automatically\",\"billing_cycle_anchor\":1765200190,\"billing_cycle_anchor_config\":null,\"billing_mode\":{\"flexible\":{\"proration_discounts\":\"included\"},\"type\":\"flexible\",\"updated_at\":1765200190},\"billing_thresholds\":null,\"cancel_at\":null,\"cancel_at_period_end\":false,\"canceled_at\":1765217267,\"cancellation_details\":{\"comment\":null,\"feedback\":null,\"reason\":null},\"collection_method\":\"charge_automatically\",\"created\":1765200190,\"currency\":\"usd\",\"current_period_end\":1767878590,\"current_period_start\":1765200190,\"customer\":\"cus_TZCojn6Lu4LVzS\",\"customer_account\":null,\"days_until_due\":null,\"default_payment_method\":null,\"default_source\":null,\"default_tax_rates\":[],\"description\":null,\"discount\":null,\"discounts\":[],\"ended_at\":1765217267,\"invoice_customer_balance_settings\":{\"consume_applied_balance_on_void\":true},\"invoice_settings\":{\"account_tax_ids\":null,\"issuer\":{\"type\":\"self\"}},\"items\":{\"object\":\"list\",\"data\":[{\"id\":\"si_TZCoMURBGT9oFR\",\"object\":\"subscription_item\",\"billing_thresholds\":null,\"created\":1765200190,\"current_period_end\":1767878590,\"current_period_start\":1765200190,\"discounts\":[],\"metadata\":{},\"plan\":{\"id\":\"price_1SactGHpVJPrOqLkrdqk0HUK\",\"object\":\"plan\",\"active\":true,\"aggregate_usage\":null,\"amount\":9900,\"amount_decimal\":\"9900\",\"billing_scheme\":\"per_unit\",\"created\":1764856094,\"currency\":\"usd\",\"interval\":\"month\",\"interval_count\":1,\"livemode\":false,\"metadata\":{\"features\":\"[]\",\"max_scheduled_posts\":\"-1\",\"max_social_accounts\":\"100\",\"plan_id\":\"3\",\"billing_cycle\":\"monthly\",\"max_team_members\":\"10\",\"trial_days\":\"14\"},\"meter\":null,\"nickname\":null,\"product\":\"prod_TXiJSc9kvYKDXH\",\"tiers\":null,\"tiers_mode\":null,\"transform_usage\":null,\"trial_period_days\":null,\"usage_type\":\"licensed\"},\"price\":{\"id\":\"price_1SactGHpVJPrOqLkrdqk0HUK\",\"object\":\"price\",\"active\":true,\"billing_scheme\":\"per_unit\",\"created\":1764856094,\"currency\":\"usd\",\"custom_unit_amount\":null,\"livemode\":false,\"lookup_key\":null,\"metadata\":{\"features\":\"[]\",\"max_scheduled_posts\":\"-1\",\"max_social_accounts\":\"100\",\"plan_id\":\"3\",\"billing_cycle\":\"monthly\",\"max_team_members\":\"10\",\"trial_days\":\"14\"},\"nickname\":null,\"product\":\"prod_TXiJSc9kvYKDXH\",\"recurring\":{\"aggregate_usage\":null,\"interval\":\"month\",\"interval_count\":1,\"meter\":null,\"trial_period_days\":null,\"usage_type\":\"licensed\"},\"tax_behavior\":\"unspecified\",\"tiers_mode\":null,\"transform_quantity\":null,\"type\":\"recurring\",\"unit_amount\":9900,\"unit_amount_decimal\":\"9900\"},\"quantity\":1,\"subscription\":\"sub_1Sc4PCHpVJPrOqLkIa3dxyJ0\",\"tax_rates\":[]}],\"has_more\":false,\"total_count\":1,\"url\":\"/v1/subscription_items?subscription=sub_1Sc4PCHpVJPrOqLkIa3dxyJ0\"},\"latest_invoice\":\"in_1Sc4PCHpVJPrOqLkJMSDgtoW\",\"livemode\":false,\"metadata\":{},\"next_pending_invoice_item_invoice\":null,\"on_behalf_of\":null,\"pause_collection\":null,\"payment_settings\":{\"payment_method_options\":null,\"payment_method_types\":null,\"save_default_payment_method\":\"off\"},\"pending_invoice_item_interval\":null,\"pending_setup_intent\":null,\"pending_update\":null,\"plan\":{\"id\":\"price_1SactGHpVJPrOqLkrdqk0HUK\",\"object\":\"plan\",\"active\":true,\"aggregate_usage\":null,\"amount\":9900,\"amount_decimal\":\"9900\",\"billing_scheme\":\"per_unit\",\"created\":1764856094,\"currency\":\"usd\",\"interval\":\"month\",\"interval_count\":1,\"livemode\":false,\"metadata\":{\"features\":\"[]\",\"max_scheduled_posts\":\"-1\",\"max_social_accounts\":\"100\",\"plan_id\":\"3\",\"billing_cycle\":\"monthly\",\"max_team_members\":\"10\",\"trial_days\":\"14\"},\"meter\":null,\"nickname\":null,\"product\":\"prod_TXiJSc9kvYKDXH\",\"tiers\":null,\"tiers_mode\":null,\"transform_usage\":null,\"trial_period_days\":null,\"usage_type\":\"licensed\"},\"quantity\":1,\"schedule\":null,\"start\":1765200190,\"start_date\":1765200190,\"status\":\"incomplete_expired\",\"tax_percent\":null,\"test_clock\":null,\"transfer_data\":null,\"trial_end\":null,\"trial_settings\":{\"end_behavior\":{\"missing_payment_method\":\"create_invoice\"}},\"trial_start\":null},\"previous_attributes\":{\"canceled_at\":null,\"ended_at\":null,\"status\":\"incomplete\"}},\"livemode\":false,\"pending_webhooks\":1,\"request\":{\"id\":\"req_Bg6i8rp0cKcI0k\",\"idempotency_key\":\"batchapi-batch_1Sc8qJHpVJPrOqLkufeCTtwz-cus_TZCojn6Lu4LVzS_delete_customer\"},\"type\":\"customer.subscription.updated\"}', '30dcefc4eaa78a51c907538ad28d07d802aaba8831c9785d78afacf211a56945', 'processed', 0, 5, '2025-12-08 18:07:49', '2025-12-08 18:07:50', NULL, NULL, NULL, NULL, 754, '[]', '[]', '::ffff:127.0.0.1', 1, NULL, '2025-12-08 18:07:49', '2025-12-08 18:07:50'),
(6, 'evt_1Sc8qiHpVJPrOqLk7guCjrC5', 'customer.subscription.updated', '2018-05-21', 0, 'subscription', 'sub_1Sc4LJHpVJPrOqLkyZdGtlUj', 'cus_TZCktShIKgBvsH', 'sub_1Sc4LJHpVJPrOqLkyZdGtlUj', NULL, NULL, '{\"id\":\"evt_1Sc8qiHpVJPrOqLk7guCjrC5\",\"object\":\"event\",\"api_version\":\"2018-05-21\",\"created\":1765217272,\"data\":{\"object\":{\"id\":\"sub_1Sc4LJHpVJPrOqLkyZdGtlUj\",\"object\":\"subscription\",\"application\":null,\"application_fee_percent\":null,\"automatic_tax\":{\"disabled_reason\":null,\"enabled\":false,\"liability\":null},\"billing\":\"charge_automatically\",\"billing_cycle_anchor\":1765199949,\"billing_cycle_anchor_config\":null,\"billing_mode\":{\"flexible\":{\"proration_discounts\":\"included\"},\"type\":\"flexible\",\"updated_at\":1765199949},\"billing_thresholds\":null,\"cancel_at\":null,\"cancel_at_period_end\":false,\"canceled_at\":1765217271,\"cancellation_details\":{\"comment\":null,\"feedback\":null,\"reason\":null},\"collection_method\":\"charge_automatically\",\"created\":1765199949,\"currency\":\"usd\",\"current_period_end\":1767878349,\"current_period_start\":1765199949,\"customer\":\"cus_TZCktShIKgBvsH\",\"customer_account\":null,\"days_until_due\":null,\"default_payment_method\":null,\"default_source\":null,\"default_tax_rates\":[],\"description\":null,\"discount\":null,\"discounts\":[],\"ended_at\":1765217271,\"invoice_customer_balance_settings\":{\"consume_applied_balance_on_void\":true},\"invoice_settings\":{\"account_tax_ids\":null,\"issuer\":{\"type\":\"self\"}},\"items\":{\"object\":\"list\",\"data\":[{\"id\":\"si_TZCkaUrqYwrZxF\",\"object\":\"subscription_item\",\"billing_thresholds\":null,\"created\":1765199950,\"current_period_end\":1767878349,\"current_period_start\":1765199949,\"discounts\":[],\"metadata\":{},\"plan\":{\"id\":\"price_1SactGHpVJPrOqLkrdqk0HUK\",\"object\":\"plan\",\"active\":true,\"aggregate_usage\":null,\"amount\":9900,\"amount_decimal\":\"9900\",\"billing_scheme\":\"per_unit\",\"created\":1764856094,\"currency\":\"usd\",\"interval\":\"month\",\"interval_count\":1,\"livemode\":false,\"metadata\":{\"features\":\"[]\",\"max_scheduled_posts\":\"-1\",\"max_social_accounts\":\"100\",\"plan_id\":\"3\",\"billing_cycle\":\"monthly\",\"max_team_members\":\"10\",\"trial_days\":\"14\"},\"meter\":null,\"nickname\":null,\"product\":\"prod_TXiJSc9kvYKDXH\",\"tiers\":null,\"tiers_mode\":null,\"transform_usage\":null,\"trial_period_days\":null,\"usage_type\":\"licensed\"},\"price\":{\"id\":\"price_1SactGHpVJPrOqLkrdqk0HUK\",\"object\":\"price\",\"active\":true,\"billing_scheme\":\"per_unit\",\"created\":1764856094,\"currency\":\"usd\",\"custom_unit_amount\":null,\"livemode\":false,\"lookup_key\":null,\"metadata\":{\"features\":\"[]\",\"max_scheduled_posts\":\"-1\",\"max_social_accounts\":\"100\",\"plan_id\":\"3\",\"billing_cycle\":\"monthly\",\"max_team_members\":\"10\",\"trial_days\":\"14\"},\"nickname\":null,\"product\":\"prod_TXiJSc9kvYKDXH\",\"recurring\":{\"aggregate_usage\":null,\"interval\":\"month\",\"interval_count\":1,\"meter\":null,\"trial_period_days\":null,\"usage_type\":\"licensed\"},\"tax_behavior\":\"unspecified\",\"tiers_mode\":null,\"transform_quantity\":null,\"type\":\"recurring\",\"unit_amount\":9900,\"unit_amount_decimal\":\"9900\"},\"quantity\":1,\"subscription\":\"sub_1Sc4LJHpVJPrOqLkyZdGtlUj\",\"tax_rates\":[]}],\"has_more\":false,\"total_count\":1,\"url\":\"/v1/subscription_items?subscription=sub_1Sc4LJHpVJPrOqLkyZdGtlUj\"},\"latest_invoice\":\"in_1Sc4LJHpVJPrOqLk9DTsTia0\",\"livemode\":false,\"metadata\":{},\"next_pending_invoice_item_invoice\":null,\"on_behalf_of\":null,\"pause_collection\":null,\"payment_settings\":{\"payment_method_options\":null,\"payment_method_types\":null,\"save_default_payment_method\":\"off\"},\"pending_invoice_item_interval\":null,\"pending_setup_intent\":null,\"pending_update\":null,\"plan\":{\"id\":\"price_1SactGHpVJPrOqLkrdqk0HUK\",\"object\":\"plan\",\"active\":true,\"aggregate_usage\":null,\"amount\":9900,\"amount_decimal\":\"9900\",\"billing_scheme\":\"per_unit\",\"created\":1764856094,\"currency\":\"usd\",\"interval\":\"month\",\"interval_count\":1,\"livemode\":false,\"metadata\":{\"features\":\"[]\",\"max_scheduled_posts\":\"-1\",\"max_social_accounts\":\"100\",\"plan_id\":\"3\",\"billing_cycle\":\"monthly\",\"max_team_members\":\"10\",\"trial_days\":\"14\"},\"meter\":null,\"nickname\":null,\"product\":\"prod_TXiJSc9kvYKDXH\",\"tiers\":null,\"tiers_mode\":null,\"transform_usage\":null,\"trial_period_days\":null,\"usage_type\":\"licensed\"},\"quantity\":1,\"schedule\":null,\"start\":1765199949,\"start_date\":1765199949,\"status\":\"incomplete_expired\",\"tax_percent\":null,\"test_clock\":null,\"transfer_data\":null,\"trial_end\":null,\"trial_settings\":{\"end_behavior\":{\"missing_payment_method\":\"create_invoice\"}},\"trial_start\":null},\"previous_attributes\":{\"canceled_at\":null,\"ended_at\":null,\"status\":\"incomplete\"}},\"livemode\":false,\"pending_webhooks\":1,\"request\":{\"id\":\"req_Q1yEMVtbecxXpg\",\"idempotency_key\":\"batchapi-batch_1Sc8qJHpVJPrOqLkufeCTtwz-cus_TZCktShIKgBvsH_delete_customer\"},\"type\":\"customer.subscription.updated\"}', 'ac49ddb7757001efe29be23e916b422d8abc69877133010e8c10a989401d2157', 'processed', 0, 5, '2025-12-08 18:07:53', '2025-12-08 18:07:53', NULL, NULL, NULL, NULL, 751, '[]', '[]', '::1', 1, NULL, '2025-12-08 18:07:53', '2025-12-08 18:07:53'),
(7, 'evt_1Sc8qlHpVJPrOqLkn95YtMmK', 'customer.subscription.updated', '2018-05-21', 0, 'subscription', 'sub_1Sc3hbHpVJPrOqLkKCfQcmMj', 'cus_TZC5DYbF42aeYo', 'sub_1Sc3hbHpVJPrOqLkKCfQcmMj', NULL, NULL, '{\"id\":\"evt_1Sc8qlHpVJPrOqLkn95YtMmK\",\"object\":\"event\",\"api_version\":\"2018-05-21\",\"created\":1765217274,\"data\":{\"object\":{\"id\":\"sub_1Sc3hbHpVJPrOqLkKCfQcmMj\",\"object\":\"subscription\",\"application\":null,\"application_fee_percent\":null,\"automatic_tax\":{\"disabled_reason\":null,\"enabled\":false,\"liability\":null},\"billing\":\"charge_automatically\",\"billing_cycle_anchor\":1765197487,\"billing_cycle_anchor_config\":null,\"billing_mode\":{\"flexible\":{\"proration_discounts\":\"included\"},\"type\":\"flexible\",\"updated_at\":1765197487},\"billing_thresholds\":null,\"cancel_at\":null,\"cancel_at_period_end\":false,\"canceled_at\":1765217274,\"cancellation_details\":{\"comment\":null,\"feedback\":null,\"reason\":null},\"collection_method\":\"charge_automatically\",\"created\":1765197487,\"currency\":\"usd\",\"current_period_end\":1767875887,\"current_period_start\":1765197487,\"customer\":\"cus_TZC5DYbF42aeYo\",\"customer_account\":null,\"days_until_due\":null,\"default_payment_method\":null,\"default_source\":null,\"default_tax_rates\":[],\"description\":null,\"discount\":null,\"discounts\":[],\"ended_at\":1765217274,\"invoice_customer_balance_settings\":{\"consume_applied_balance_on_void\":true},\"invoice_settings\":{\"account_tax_ids\":null,\"issuer\":{\"type\":\"self\"}},\"items\":{\"object\":\"list\",\"data\":[{\"id\":\"si_TZC55vHf4UM2ar\",\"object\":\"subscription_item\",\"billing_thresholds\":null,\"created\":1765197488,\"current_period_end\":1767875887,\"current_period_start\":1765197487,\"discounts\":[],\"metadata\":{},\"plan\":{\"id\":\"price_1SactGHpVJPrOqLkrdqk0HUK\",\"object\":\"plan\",\"active\":true,\"aggregate_usage\":null,\"amount\":9900,\"amount_decimal\":\"9900\",\"billing_scheme\":\"per_unit\",\"created\":1764856094,\"currency\":\"usd\",\"interval\":\"month\",\"interval_count\":1,\"livemode\":false,\"metadata\":{\"features\":\"[]\",\"max_scheduled_posts\":\"-1\",\"max_social_accounts\":\"100\",\"plan_id\":\"3\",\"billing_cycle\":\"monthly\",\"max_team_members\":\"10\",\"trial_days\":\"14\"},\"meter\":null,\"nickname\":null,\"product\":\"prod_TXiJSc9kvYKDXH\",\"tiers\":null,\"tiers_mode\":null,\"transform_usage\":null,\"trial_period_days\":null,\"usage_type\":\"licensed\"},\"price\":{\"id\":\"price_1SactGHpVJPrOqLkrdqk0HUK\",\"object\":\"price\",\"active\":true,\"billing_scheme\":\"per_unit\",\"created\":1764856094,\"currency\":\"usd\",\"custom_unit_amount\":null,\"livemode\":false,\"lookup_key\":null,\"metadata\":{\"features\":\"[]\",\"max_scheduled_posts\":\"-1\",\"max_social_accounts\":\"100\",\"plan_id\":\"3\",\"billing_cycle\":\"monthly\",\"max_team_members\":\"10\",\"trial_days\":\"14\"},\"nickname\":null,\"product\":\"prod_TXiJSc9kvYKDXH\",\"recurring\":{\"aggregate_usage\":null,\"interval\":\"month\",\"interval_count\":1,\"meter\":null,\"trial_period_days\":null,\"usage_type\":\"licensed\"},\"tax_behavior\":\"unspecified\",\"tiers_mode\":null,\"transform_quantity\":null,\"type\":\"recurring\",\"unit_amount\":9900,\"unit_amount_decimal\":\"9900\"},\"quantity\":1,\"subscription\":\"sub_1Sc3hbHpVJPrOqLkKCfQcmMj\",\"tax_rates\":[]}],\"has_more\":false,\"total_count\":1,\"url\":\"/v1/subscription_items?subscription=sub_1Sc3hbHpVJPrOqLkKCfQcmMj\"},\"latest_invoice\":\"in_1Sc3hbHpVJPrOqLkq1Fc3hNK\",\"livemode\":false,\"metadata\":{},\"next_pending_invoice_item_invoice\":null,\"on_behalf_of\":null,\"pause_collection\":null,\"payment_settings\":{\"payment_method_options\":null,\"payment_method_types\":null,\"save_default_payment_method\":\"off\"},\"pending_invoice_item_interval\":null,\"pending_setup_intent\":null,\"pending_update\":null,\"plan\":{\"id\":\"price_1SactGHpVJPrOqLkrdqk0HUK\",\"object\":\"plan\",\"active\":true,\"aggregate_usage\":null,\"amount\":9900,\"amount_decimal\":\"9900\",\"billing_scheme\":\"per_unit\",\"created\":1764856094,\"currency\":\"usd\",\"interval\":\"month\",\"interval_count\":1,\"livemode\":false,\"metadata\":{\"features\":\"[]\",\"max_scheduled_posts\":\"-1\",\"max_social_accounts\":\"100\",\"plan_id\":\"3\",\"billing_cycle\":\"monthly\",\"max_team_members\":\"10\",\"trial_days\":\"14\"},\"meter\":null,\"nickname\":null,\"product\":\"prod_TXiJSc9kvYKDXH\",\"tiers\":null,\"tiers_mode\":null,\"transform_usage\":null,\"trial_period_days\":null,\"usage_type\":\"licensed\"},\"quantity\":1,\"schedule\":null,\"start\":1765197487,\"start_date\":1765197487,\"status\":\"incomplete_expired\",\"tax_percent\":null,\"test_clock\":null,\"transfer_data\":null,\"trial_end\":null,\"trial_settings\":{\"end_behavior\":{\"missing_payment_method\":\"create_invoice\"}},\"trial_start\":null},\"previous_attributes\":{\"canceled_at\":null,\"ended_at\":null,\"status\":\"incomplete\"}},\"livemode\":false,\"pending_webhooks\":1,\"request\":{\"id\":\"req_FH9Xd7lymEpe6o\",\"idempotency_key\":\"batchapi-batch_1Sc8qJHpVJPrOqLkufeCTtwz-cus_TZC5DYbF42aeYo_delete_customer\"},\"type\":\"customer.subscription.updated\"}', '31dd6213282c713fb08ef2525a03ae8a621547e561caed34ed404960373c1f7b', 'processed', 0, 5, '2025-12-08 18:07:55', '2025-12-08 18:07:56', NULL, NULL, NULL, NULL, 751, '[]', '[]', '::ffff:127.0.0.1', 1, NULL, '2025-12-08 18:07:55', '2025-12-08 18:07:56'),
(8, 'evt_1Sc8qmHpVJPrOqLkJzOOSZbT', 'customer.subscription.updated', '2018-05-21', 0, 'subscription', 'sub_1Sc3hAHpVJPrOqLkOiWAaq0O', 'cus_TZC5FWnES5o8tp', 'sub_1Sc3hAHpVJPrOqLkOiWAaq0O', NULL, NULL, '{\"id\":\"evt_1Sc8qmHpVJPrOqLkJzOOSZbT\",\"object\":\"event\",\"api_version\":\"2018-05-21\",\"created\":1765217276,\"data\":{\"object\":{\"id\":\"sub_1Sc3hAHpVJPrOqLkOiWAaq0O\",\"object\":\"subscription\",\"application\":null,\"application_fee_percent\":null,\"automatic_tax\":{\"disabled_reason\":null,\"enabled\":false,\"liability\":null},\"billing\":\"charge_automatically\",\"billing_cycle_anchor\":1765197460,\"billing_cycle_anchor_config\":null,\"billing_mode\":{\"flexible\":{\"proration_discounts\":\"included\"},\"type\":\"flexible\",\"updated_at\":1765197460},\"billing_thresholds\":null,\"cancel_at\":null,\"cancel_at_period_end\":false,\"canceled_at\":1765217275,\"cancellation_details\":{\"comment\":null,\"feedback\":null,\"reason\":null},\"collection_method\":\"charge_automatically\",\"created\":1765197460,\"currency\":\"usd\",\"current_period_end\":1767875860,\"current_period_start\":1765197460,\"customer\":\"cus_TZC5FWnES5o8tp\",\"customer_account\":null,\"days_until_due\":null,\"default_payment_method\":null,\"default_source\":null,\"default_tax_rates\":[],\"description\":null,\"discount\":null,\"discounts\":[],\"ended_at\":1765217275,\"invoice_customer_balance_settings\":{\"consume_applied_balance_on_void\":true},\"invoice_settings\":{\"account_tax_ids\":null,\"issuer\":{\"type\":\"self\"}},\"items\":{\"object\":\"list\",\"data\":[{\"id\":\"si_TZC57Y2mkgQQYm\",\"object\":\"subscription_item\",\"billing_thresholds\":null,\"created\":1765197460,\"current_period_end\":1767875860,\"current_period_start\":1765197460,\"discounts\":[],\"metadata\":{},\"plan\":{\"id\":\"price_1SactGHpVJPrOqLkrdqk0HUK\",\"object\":\"plan\",\"active\":true,\"aggregate_usage\":null,\"amount\":9900,\"amount_decimal\":\"9900\",\"billing_scheme\":\"per_unit\",\"created\":1764856094,\"currency\":\"usd\",\"interval\":\"month\",\"interval_count\":1,\"livemode\":false,\"metadata\":{\"features\":\"[]\",\"max_scheduled_posts\":\"-1\",\"max_social_accounts\":\"100\",\"plan_id\":\"3\",\"billing_cycle\":\"monthly\",\"max_team_members\":\"10\",\"trial_days\":\"14\"},\"meter\":null,\"nickname\":null,\"product\":\"prod_TXiJSc9kvYKDXH\",\"tiers\":null,\"tiers_mode\":null,\"transform_usage\":null,\"trial_period_days\":null,\"usage_type\":\"licensed\"},\"price\":{\"id\":\"price_1SactGHpVJPrOqLkrdqk0HUK\",\"object\":\"price\",\"active\":true,\"billing_scheme\":\"per_unit\",\"created\":1764856094,\"currency\":\"usd\",\"custom_unit_amount\":null,\"livemode\":false,\"lookup_key\":null,\"metadata\":{\"features\":\"[]\",\"max_scheduled_posts\":\"-1\",\"max_social_accounts\":\"100\",\"plan_id\":\"3\",\"billing_cycle\":\"monthly\",\"max_team_members\":\"10\",\"trial_days\":\"14\"},\"nickname\":null,\"product\":\"prod_TXiJSc9kvYKDXH\",\"recurring\":{\"aggregate_usage\":null,\"interval\":\"month\",\"interval_count\":1,\"meter\":null,\"trial_period_days\":null,\"usage_type\":\"licensed\"},\"tax_behavior\":\"unspecified\",\"tiers_mode\":null,\"transform_quantity\":null,\"type\":\"recurring\",\"unit_amount\":9900,\"unit_amount_decimal\":\"9900\"},\"quantity\":1,\"subscription\":\"sub_1Sc3hAHpVJPrOqLkOiWAaq0O\",\"tax_rates\":[]}],\"has_more\":false,\"total_count\":1,\"url\":\"/v1/subscription_items?subscription=sub_1Sc3hAHpVJPrOqLkOiWAaq0O\"},\"latest_invoice\":\"in_1Sc3hAHpVJPrOqLkZbRH36jf\",\"livemode\":false,\"metadata\":{},\"next_pending_invoice_item_invoice\":null,\"on_behalf_of\":null,\"pause_collection\":null,\"payment_settings\":{\"payment_method_options\":null,\"payment_method_types\":null,\"save_default_payment_method\":\"off\"},\"pending_invoice_item_interval\":null,\"pending_setup_intent\":null,\"pending_update\":null,\"plan\":{\"id\":\"price_1SactGHpVJPrOqLkrdqk0HUK\",\"object\":\"plan\",\"active\":true,\"aggregate_usage\":null,\"amount\":9900,\"amount_decimal\":\"9900\",\"billing_scheme\":\"per_unit\",\"created\":1764856094,\"currency\":\"usd\",\"interval\":\"month\",\"interval_count\":1,\"livemode\":false,\"metadata\":{\"features\":\"[]\",\"max_scheduled_posts\":\"-1\",\"max_social_accounts\":\"100\",\"plan_id\":\"3\",\"billing_cycle\":\"monthly\",\"max_team_members\":\"10\",\"trial_days\":\"14\"},\"meter\":null,\"nickname\":null,\"product\":\"prod_TXiJSc9kvYKDXH\",\"tiers\":null,\"tiers_mode\":null,\"transform_usage\":null,\"trial_period_days\":null,\"usage_type\":\"licensed\"},\"quantity\":1,\"schedule\":null,\"start\":1765197460,\"start_date\":1765197460,\"status\":\"incomplete_expired\",\"tax_percent\":null,\"test_clock\":null,\"transfer_data\":null,\"trial_end\":null,\"trial_settings\":{\"end_behavior\":{\"missing_payment_method\":\"create_invoice\"}},\"trial_start\":null},\"previous_attributes\":{\"canceled_at\":null,\"ended_at\":null,\"status\":\"incomplete\"}},\"livemode\":false,\"pending_webhooks\":1,\"request\":{\"id\":\"req_tT14UE8Sf32x8v\",\"idempotency_key\":\"batchapi-batch_1Sc8qJHpVJPrOqLkufeCTtwz-cus_TZC5FWnES5o8tp_delete_customer\"},\"type\":\"customer.subscription.updated\"}', '119342f87588e05e9d6a3b1cf96ecdc578e7cb9501c90ae3a1a7a106c4af23b7', 'processed', 0, 5, '2025-12-08 18:07:57', '2025-12-08 18:07:57', NULL, NULL, NULL, NULL, 753, '[]', '[]', '::1', 1, NULL, '2025-12-08 18:07:57', '2025-12-08 18:07:57'),
(9, 'evt_1Sc8qnHpVJPrOqLkt1YzakFl', 'customer.subscription.updated', '2018-05-21', 0, 'subscription', 'sub_1Sc3gTHpVJPrOqLkJgsQxZVP', 'cus_TZC4Z95oMzdO7j', 'sub_1Sc3gTHpVJPrOqLkJgsQxZVP', NULL, NULL, '{\"id\":\"evt_1Sc8qnHpVJPrOqLkt1YzakFl\",\"object\":\"event\",\"api_version\":\"2018-05-21\",\"created\":1765217277,\"data\":{\"object\":{\"id\":\"sub_1Sc3gTHpVJPrOqLkJgsQxZVP\",\"object\":\"subscription\",\"application\":null,\"application_fee_percent\":null,\"automatic_tax\":{\"disabled_reason\":null,\"enabled\":false,\"liability\":null},\"billing\":\"charge_automatically\",\"billing_cycle_anchor\":1765197417,\"billing_cycle_anchor_config\":null,\"billing_mode\":{\"flexible\":{\"proration_discounts\":\"included\"},\"type\":\"flexible\",\"updated_at\":1765197417},\"billing_thresholds\":null,\"cancel_at\":null,\"cancel_at_period_end\":false,\"canceled_at\":1765217276,\"cancellation_details\":{\"comment\":null,\"feedback\":null,\"reason\":null},\"collection_method\":\"charge_automatically\",\"created\":1765197417,\"currency\":\"usd\",\"current_period_end\":1767875817,\"current_period_start\":1765197417,\"customer\":\"cus_TZC4Z95oMzdO7j\",\"customer_account\":null,\"days_until_due\":null,\"default_payment_method\":null,\"default_source\":null,\"default_tax_rates\":[],\"description\":null,\"discount\":null,\"discounts\":[],\"ended_at\":1765217276,\"invoice_customer_balance_settings\":{\"consume_applied_balance_on_void\":true},\"invoice_settings\":{\"account_tax_ids\":null,\"issuer\":{\"type\":\"self\"}},\"items\":{\"object\":\"list\",\"data\":[{\"id\":\"si_TZC4fBCSM5gNPo\",\"object\":\"subscription_item\",\"billing_thresholds\":null,\"created\":1765197418,\"current_period_end\":1767875817,\"current_period_start\":1765197417,\"discounts\":[],\"metadata\":{},\"plan\":{\"id\":\"price_1SactGHpVJPrOqLkrdqk0HUK\",\"object\":\"plan\",\"active\":true,\"aggregate_usage\":null,\"amount\":9900,\"amount_decimal\":\"9900\",\"billing_scheme\":\"per_unit\",\"created\":1764856094,\"currency\":\"usd\",\"interval\":\"month\",\"interval_count\":1,\"livemode\":false,\"metadata\":{\"features\":\"[]\",\"max_scheduled_posts\":\"-1\",\"max_social_accounts\":\"100\",\"plan_id\":\"3\",\"billing_cycle\":\"monthly\",\"max_team_members\":\"10\",\"trial_days\":\"14\"},\"meter\":null,\"nickname\":null,\"product\":\"prod_TXiJSc9kvYKDXH\",\"tiers\":null,\"tiers_mode\":null,\"transform_usage\":null,\"trial_period_days\":null,\"usage_type\":\"licensed\"},\"price\":{\"id\":\"price_1SactGHpVJPrOqLkrdqk0HUK\",\"object\":\"price\",\"active\":true,\"billing_scheme\":\"per_unit\",\"created\":1764856094,\"currency\":\"usd\",\"custom_unit_amount\":null,\"livemode\":false,\"lookup_key\":null,\"metadata\":{\"features\":\"[]\",\"max_scheduled_posts\":\"-1\",\"max_social_accounts\":\"100\",\"plan_id\":\"3\",\"billing_cycle\":\"monthly\",\"max_team_members\":\"10\",\"trial_days\":\"14\"},\"nickname\":null,\"product\":\"prod_TXiJSc9kvYKDXH\",\"recurring\":{\"aggregate_usage\":null,\"interval\":\"month\",\"interval_count\":1,\"meter\":null,\"trial_period_days\":null,\"usage_type\":\"licensed\"},\"tax_behavior\":\"unspecified\",\"tiers_mode\":null,\"transform_quantity\":null,\"type\":\"recurring\",\"unit_amount\":9900,\"unit_amount_decimal\":\"9900\"},\"quantity\":1,\"subscription\":\"sub_1Sc3gTHpVJPrOqLkJgsQxZVP\",\"tax_rates\":[]}],\"has_more\":false,\"total_count\":1,\"url\":\"/v1/subscription_items?subscription=sub_1Sc3gTHpVJPrOqLkJgsQxZVP\"},\"latest_invoice\":\"in_1Sc3gUHpVJPrOqLk4mQI17qf\",\"livemode\":false,\"metadata\":{},\"next_pending_invoice_item_invoice\":null,\"on_behalf_of\":null,\"pause_collection\":null,\"payment_settings\":{\"payment_method_options\":null,\"payment_method_types\":null,\"save_default_payment_method\":\"off\"},\"pending_invoice_item_interval\":null,\"pending_setup_intent\":null,\"pending_update\":null,\"plan\":{\"id\":\"price_1SactGHpVJPrOqLkrdqk0HUK\",\"object\":\"plan\",\"active\":true,\"aggregate_usage\":null,\"amount\":9900,\"amount_decimal\":\"9900\",\"billing_scheme\":\"per_unit\",\"created\":1764856094,\"currency\":\"usd\",\"interval\":\"month\",\"interval_count\":1,\"livemode\":false,\"metadata\":{\"features\":\"[]\",\"max_scheduled_posts\":\"-1\",\"max_social_accounts\":\"100\",\"plan_id\":\"3\",\"billing_cycle\":\"monthly\",\"max_team_members\":\"10\",\"trial_days\":\"14\"},\"meter\":null,\"nickname\":null,\"product\":\"prod_TXiJSc9kvYKDXH\",\"tiers\":null,\"tiers_mode\":null,\"transform_usage\":null,\"trial_period_days\":null,\"usage_type\":\"licensed\"},\"quantity\":1,\"schedule\":null,\"start\":1765197417,\"start_date\":1765197417,\"status\":\"incomplete_expired\",\"tax_percent\":null,\"test_clock\":null,\"transfer_data\":null,\"trial_end\":null,\"trial_settings\":{\"end_behavior\":{\"missing_payment_method\":\"create_invoice\"}},\"trial_start\":null},\"previous_attributes\":{\"canceled_at\":null,\"ended_at\":null,\"status\":\"incomplete\"}},\"livemode\":false,\"pending_webhooks\":1,\"request\":{\"id\":\"req_mmHQcw1xmkHJmi\",\"idempotency_key\":\"batchapi-batch_1Sc8qJHpVJPrOqLkufeCTtwz-cus_TZC4Z95oMzdO7j_delete_customer\"},\"type\":\"customer.subscription.updated\"}', '7b037103c64fa020c90f3f1c609115bf4fa490eb882607c1ebe6f4eb612ce809', 'processed', 0, 5, '2025-12-08 18:07:58', '2025-12-08 18:07:58', NULL, NULL, NULL, NULL, 978, '[]', '[]', '::ffff:127.0.0.1', 1, NULL, '2025-12-08 18:07:58', '2025-12-08 18:07:58');
INSERT INTO `webhook_events` (`id`, `stripe_event_id`, `event_type`, `api_version`, `livemode`, `object_type`, `object_id`, `customer_id`, `subscription_id`, `invoice_id`, `payment_intent_id`, `payload`, `payload_hash`, `status`, `processing_attempts`, `max_attempts`, `received_at`, `processed_at`, `next_retry_at`, `error_code`, `error_message`, `error_stack`, `processing_time_ms`, `actions_taken`, `affected_records`, `ip_address`, `signature_verified`, `metadata`, `createdAt`, `updatedAt`) VALUES
(10, 'evt_1Sc8qoHpVJPrOqLkwKYgJKl6', 'customer.subscription.deleted', '2018-05-21', 0, 'subscription', 'sub_1Sc3aSHpVJPrOqLkzZny5VSC', 'cus_TZByG99czFCQiG', 'sub_1Sc3aSHpVJPrOqLkzZny5VSC', NULL, NULL, '{\"id\":\"evt_1Sc8qoHpVJPrOqLkwKYgJKl6\",\"object\":\"event\",\"api_version\":\"2018-05-21\",\"created\":1765217277,\"data\":{\"object\":{\"id\":\"sub_1Sc3aSHpVJPrOqLkzZny5VSC\",\"object\":\"subscription\",\"application\":null,\"application_fee_percent\":null,\"automatic_tax\":{\"disabled_reason\":null,\"enabled\":false,\"liability\":null},\"billing\":\"charge_automatically\",\"billing_cycle_anchor\":1766406644,\"billing_cycle_anchor_config\":null,\"billing_mode\":{\"flexible\":{\"proration_discounts\":\"included\"},\"type\":\"flexible\",\"updated_at\":1765197044},\"billing_thresholds\":null,\"cancel_at\":null,\"cancel_at_period_end\":false,\"canceled_at\":1765217277,\"cancellation_details\":{\"comment\":null,\"feedback\":null,\"reason\":\"cancellation_requested\"},\"collection_method\":\"charge_automatically\",\"created\":1765197044,\"currency\":\"usd\",\"current_period_end\":1766406644,\"current_period_start\":1765197044,\"customer\":\"cus_TZByG99czFCQiG\",\"customer_account\":null,\"days_until_due\":null,\"default_payment_method\":null,\"default_source\":null,\"default_tax_rates\":[],\"description\":null,\"discount\":null,\"discounts\":[],\"ended_at\":1765217277,\"invoice_customer_balance_settings\":{\"consume_applied_balance_on_void\":true},\"invoice_settings\":{\"account_tax_ids\":null,\"issuer\":{\"type\":\"self\"}},\"items\":{\"object\":\"list\",\"data\":[{\"id\":\"si_TZBy3ZDUDi8ZzP\",\"object\":\"subscription_item\",\"billing_thresholds\":null,\"created\":1765197045,\"current_period_end\":1766406644,\"current_period_start\":1765197044,\"discounts\":[],\"metadata\":{},\"plan\":{\"id\":\"price_1SactGHpVJPrOqLkrdqk0HUK\",\"object\":\"plan\",\"active\":true,\"aggregate_usage\":null,\"amount\":9900,\"amount_decimal\":\"9900\",\"billing_scheme\":\"per_unit\",\"created\":1764856094,\"currency\":\"usd\",\"interval\":\"month\",\"interval_count\":1,\"livemode\":false,\"metadata\":{\"features\":\"[]\",\"max_scheduled_posts\":\"-1\",\"max_social_accounts\":\"100\",\"plan_id\":\"3\",\"billing_cycle\":\"monthly\",\"max_team_members\":\"10\",\"trial_days\":\"14\"},\"meter\":null,\"nickname\":null,\"product\":\"prod_TXiJSc9kvYKDXH\",\"tiers\":null,\"tiers_mode\":null,\"transform_usage\":null,\"trial_period_days\":null,\"usage_type\":\"licensed\"},\"price\":{\"id\":\"price_1SactGHpVJPrOqLkrdqk0HUK\",\"object\":\"price\",\"active\":true,\"billing_scheme\":\"per_unit\",\"created\":1764856094,\"currency\":\"usd\",\"custom_unit_amount\":null,\"livemode\":false,\"lookup_key\":null,\"metadata\":{\"features\":\"[]\",\"max_scheduled_posts\":\"-1\",\"max_social_accounts\":\"100\",\"plan_id\":\"3\",\"billing_cycle\":\"monthly\",\"max_team_members\":\"10\",\"trial_days\":\"14\"},\"nickname\":null,\"product\":\"prod_TXiJSc9kvYKDXH\",\"recurring\":{\"aggregate_usage\":null,\"interval\":\"month\",\"interval_count\":1,\"meter\":null,\"trial_period_days\":null,\"usage_type\":\"licensed\"},\"tax_behavior\":\"unspecified\",\"tiers_mode\":null,\"transform_quantity\":null,\"type\":\"recurring\",\"unit_amount\":9900,\"unit_amount_decimal\":\"9900\"},\"quantity\":1,\"subscription\":\"sub_1Sc3aSHpVJPrOqLkzZny5VSC\",\"tax_rates\":[]}],\"has_more\":false,\"total_count\":1,\"url\":\"/v1/subscription_items?subscription=sub_1Sc3aSHpVJPrOqLkzZny5VSC\"},\"latest_invoice\":\"in_1Sc3aSHpVJPrOqLkGUATpTYi\",\"livemode\":false,\"metadata\":{},\"next_pending_invoice_item_invoice\":null,\"on_behalf_of\":null,\"pause_collection\":null,\"payment_settings\":{\"payment_method_options\":null,\"payment_method_types\":null,\"save_default_payment_method\":\"off\"},\"pending_invoice_item_interval\":null,\"pending_setup_intent\":\"seti_1Sc3aTHpVJPrOqLkTEyJkfqm\",\"pending_update\":null,\"plan\":{\"id\":\"price_1SactGHpVJPrOqLkrdqk0HUK\",\"object\":\"plan\",\"active\":true,\"aggregate_usage\":null,\"amount\":9900,\"amount_decimal\":\"9900\",\"billing_scheme\":\"per_unit\",\"created\":1764856094,\"currency\":\"usd\",\"interval\":\"month\",\"interval_count\":1,\"livemode\":false,\"metadata\":{\"features\":\"[]\",\"max_scheduled_posts\":\"-1\",\"max_social_accounts\":\"100\",\"plan_id\":\"3\",\"billing_cycle\":\"monthly\",\"max_team_members\":\"10\",\"trial_days\":\"14\"},\"meter\":null,\"nickname\":null,\"product\":\"prod_TXiJSc9kvYKDXH\",\"tiers\":null,\"tiers_mode\":null,\"transform_usage\":null,\"trial_period_days\":null,\"usage_type\":\"licensed\"},\"quantity\":1,\"schedule\":null,\"start\":1765197044,\"start_date\":1765197044,\"status\":\"canceled\",\"tax_percent\":null,\"test_clock\":null,\"transfer_data\":null,\"trial_end\":1766406644,\"trial_settings\":{\"end_behavior\":{\"missing_payment_method\":\"create_invoice\"}},\"trial_start\":1765197044}},\"livemode\":false,\"pending_webhooks\":1,\"request\":{\"id\":\"req_WGbxXEwRsT3Jhl\",\"idempotency_key\":\"batchapi-batch_1Sc8qJHpVJPrOqLkufeCTtwz-cus_TZByG99czFCQiG_delete_customer\"},\"type\":\"customer.subscription.deleted\"}', 'ee2a24b592791ccc3b2fc8dd79867009ca45dca67fd68cf022e917caed28069f', 'processed', 0, 5, '2025-12-08 18:07:59', '2025-12-08 18:07:59', NULL, NULL, NULL, NULL, 752, '[]', '[]', '::1', 1, NULL, '2025-12-08 18:07:59', '2025-12-08 18:07:59'),
(11, 'evt_1Sc8qpHpVJPrOqLky5zAXVfp', 'customer.subscription.deleted', '2018-05-21', 0, 'subscription', 'sub_1Sc3VSHpVJPrOqLk2KdxLmYl', 'cus_TZBtEwD56re95y', 'sub_1Sc3VSHpVJPrOqLk2KdxLmYl', NULL, NULL, '{\"id\":\"evt_1Sc8qpHpVJPrOqLky5zAXVfp\",\"object\":\"event\",\"api_version\":\"2018-05-21\",\"created\":1765217279,\"data\":{\"object\":{\"id\":\"sub_1Sc3VSHpVJPrOqLk2KdxLmYl\",\"object\":\"subscription\",\"application\":null,\"application_fee_percent\":null,\"automatic_tax\":{\"disabled_reason\":null,\"enabled\":false,\"liability\":null},\"billing\":\"charge_automatically\",\"billing_cycle_anchor\":1766406334,\"billing_cycle_anchor_config\":null,\"billing_mode\":{\"flexible\":{\"proration_discounts\":\"included\"},\"type\":\"flexible\",\"updated_at\":1765196734},\"billing_thresholds\":null,\"cancel_at\":null,\"cancel_at_period_end\":false,\"canceled_at\":1765217278,\"cancellation_details\":{\"comment\":null,\"feedback\":null,\"reason\":\"cancellation_requested\"},\"collection_method\":\"charge_automatically\",\"created\":1765196734,\"currency\":\"usd\",\"current_period_end\":1766406334,\"current_period_start\":1765196734,\"customer\":\"cus_TZBtEwD56re95y\",\"customer_account\":null,\"days_until_due\":null,\"default_payment_method\":\"pm_1Sc3VhHpVJPrOqLki86DVlRa\",\"default_source\":null,\"default_tax_rates\":[],\"description\":null,\"discount\":null,\"discounts\":[],\"ended_at\":1765217278,\"invoice_customer_balance_settings\":{\"consume_applied_balance_on_void\":true},\"invoice_settings\":{\"account_tax_ids\":null,\"issuer\":{\"type\":\"self\"}},\"items\":{\"object\":\"list\",\"data\":[{\"id\":\"si_TZBtFabOTcORwZ\",\"object\":\"subscription_item\",\"billing_thresholds\":null,\"created\":1765196734,\"current_period_end\":1766406334,\"current_period_start\":1765196734,\"discounts\":[],\"metadata\":{},\"plan\":{\"id\":\"price_1SactGHpVJPrOqLkrdqk0HUK\",\"object\":\"plan\",\"active\":true,\"aggregate_usage\":null,\"amount\":9900,\"amount_decimal\":\"9900\",\"billing_scheme\":\"per_unit\",\"created\":1764856094,\"currency\":\"usd\",\"interval\":\"month\",\"interval_count\":1,\"livemode\":false,\"metadata\":{\"features\":\"[]\",\"max_scheduled_posts\":\"-1\",\"max_social_accounts\":\"100\",\"plan_id\":\"3\",\"billing_cycle\":\"monthly\",\"max_team_members\":\"10\",\"trial_days\":\"14\"},\"meter\":null,\"nickname\":null,\"product\":\"prod_TXiJSc9kvYKDXH\",\"tiers\":null,\"tiers_mode\":null,\"transform_usage\":null,\"trial_period_days\":null,\"usage_type\":\"licensed\"},\"price\":{\"id\":\"price_1SactGHpVJPrOqLkrdqk0HUK\",\"object\":\"price\",\"active\":true,\"billing_scheme\":\"per_unit\",\"created\":1764856094,\"currency\":\"usd\",\"custom_unit_amount\":null,\"livemode\":false,\"lookup_key\":null,\"metadata\":{\"features\":\"[]\",\"max_scheduled_posts\":\"-1\",\"max_social_accounts\":\"100\",\"plan_id\":\"3\",\"billing_cycle\":\"monthly\",\"max_team_members\":\"10\",\"trial_days\":\"14\"},\"nickname\":null,\"product\":\"prod_TXiJSc9kvYKDXH\",\"recurring\":{\"aggregate_usage\":null,\"interval\":\"month\",\"interval_count\":1,\"meter\":null,\"trial_period_days\":null,\"usage_type\":\"licensed\"},\"tax_behavior\":\"unspecified\",\"tiers_mode\":null,\"transform_quantity\":null,\"type\":\"recurring\",\"unit_amount\":9900,\"unit_amount_decimal\":\"9900\"},\"quantity\":1,\"subscription\":\"sub_1Sc3VSHpVJPrOqLk2KdxLmYl\",\"tax_rates\":[]}],\"has_more\":false,\"total_count\":1,\"url\":\"/v1/subscription_items?subscription=sub_1Sc3VSHpVJPrOqLk2KdxLmYl\"},\"latest_invoice\":\"in_1Sc3VSHpVJPrOqLkgUgMARk7\",\"livemode\":false,\"metadata\":{},\"next_pending_invoice_item_invoice\":null,\"on_behalf_of\":null,\"pause_collection\":null,\"payment_settings\":{\"payment_method_options\":null,\"payment_method_types\":null,\"save_default_payment_method\":\"off\"},\"pending_invoice_item_interval\":null,\"pending_setup_intent\":null,\"pending_update\":null,\"plan\":{\"id\":\"price_1SactGHpVJPrOqLkrdqk0HUK\",\"object\":\"plan\",\"active\":true,\"aggregate_usage\":null,\"amount\":9900,\"amount_decimal\":\"9900\",\"billing_scheme\":\"per_unit\",\"created\":1764856094,\"currency\":\"usd\",\"interval\":\"month\",\"interval_count\":1,\"livemode\":false,\"metadata\":{\"features\":\"[]\",\"max_scheduled_posts\":\"-1\",\"max_social_accounts\":\"100\",\"plan_id\":\"3\",\"billing_cycle\":\"monthly\",\"max_team_members\":\"10\",\"trial_days\":\"14\"},\"meter\":null,\"nickname\":null,\"product\":\"prod_TXiJSc9kvYKDXH\",\"tiers\":null,\"tiers_mode\":null,\"transform_usage\":null,\"trial_period_days\":null,\"usage_type\":\"licensed\"},\"quantity\":1,\"schedule\":null,\"start\":1765196734,\"start_date\":1765196734,\"status\":\"canceled\",\"tax_percent\":null,\"test_clock\":null,\"transfer_data\":null,\"trial_end\":1766406334,\"trial_settings\":{\"end_behavior\":{\"missing_payment_method\":\"create_invoice\"}},\"trial_start\":1765196734}},\"livemode\":false,\"pending_webhooks\":1,\"request\":{\"id\":\"req_3CGYNFWwjeXGiq\",\"idempotency_key\":\"batchapi-batch_1Sc8qJHpVJPrOqLkufeCTtwz-cus_TZBtEwD56re95y_delete_customer\"},\"type\":\"customer.subscription.deleted\"}', '472bdebdeefcefc5a2f0e7ed6daf4723fe118858504d9370f97594f6801bc0cd', 'processed', 0, 5, '2025-12-08 18:08:00', '2025-12-08 18:08:00', NULL, NULL, NULL, NULL, 938, '[]', '[]', '::ffff:127.0.0.1', 1, NULL, '2025-12-08 18:08:00', '2025-12-08 18:08:00'),
(12, 'evt_1Sc8qqHpVJPrOqLk3kwIBtcs', 'customer.subscription.deleted', '2018-05-21', 0, 'subscription', 'sub_1Sc2nWHpVJPrOqLkn0etlHdu', 'cus_TZB9H5AhESjLFA', 'sub_1Sc2nWHpVJPrOqLkn0etlHdu', NULL, NULL, '{\"id\":\"evt_1Sc8qqHpVJPrOqLk3kwIBtcs\",\"object\":\"event\",\"api_version\":\"2018-05-21\",\"created\":1765217280,\"data\":{\"object\":{\"id\":\"sub_1Sc2nWHpVJPrOqLkn0etlHdu\",\"object\":\"subscription\",\"application\":null,\"application_fee_percent\":null,\"automatic_tax\":{\"disabled_reason\":null,\"enabled\":false,\"liability\":null},\"billing\":\"charge_automatically\",\"billing_cycle_anchor\":1766403610,\"billing_cycle_anchor_config\":null,\"billing_mode\":{\"flexible\":{\"proration_discounts\":\"included\"},\"type\":\"flexible\",\"updated_at\":1765194010},\"billing_thresholds\":null,\"cancel_at\":null,\"cancel_at_period_end\":false,\"canceled_at\":1765217279,\"cancellation_details\":{\"comment\":null,\"feedback\":null,\"reason\":\"cancellation_requested\"},\"collection_method\":\"charge_automatically\",\"created\":1765194010,\"currency\":\"usd\",\"current_period_end\":1766403610,\"current_period_start\":1765194010,\"customer\":\"cus_TZB9H5AhESjLFA\",\"customer_account\":null,\"days_until_due\":null,\"default_payment_method\":\"pm_1Sc2nmHpVJPrOqLkIWlxlyRi\",\"default_source\":null,\"default_tax_rates\":[],\"description\":null,\"discount\":null,\"discounts\":[],\"ended_at\":1765217279,\"invoice_customer_balance_settings\":{\"consume_applied_balance_on_void\":true},\"invoice_settings\":{\"account_tax_ids\":null,\"issuer\":{\"type\":\"self\"}},\"items\":{\"object\":\"list\",\"data\":[{\"id\":\"si_TZB9heJDe44AAN\",\"object\":\"subscription_item\",\"billing_thresholds\":null,\"created\":1765194010,\"current_period_end\":1766403610,\"current_period_start\":1765194010,\"discounts\":[],\"metadata\":{},\"plan\":{\"id\":\"price_1SactGHpVJPrOqLkrdqk0HUK\",\"object\":\"plan\",\"active\":true,\"aggregate_usage\":null,\"amount\":9900,\"amount_decimal\":\"9900\",\"billing_scheme\":\"per_unit\",\"created\":1764856094,\"currency\":\"usd\",\"interval\":\"month\",\"interval_count\":1,\"livemode\":false,\"metadata\":{\"features\":\"[]\",\"max_scheduled_posts\":\"-1\",\"max_social_accounts\":\"100\",\"plan_id\":\"3\",\"billing_cycle\":\"monthly\",\"max_team_members\":\"10\",\"trial_days\":\"14\"},\"meter\":null,\"nickname\":null,\"product\":\"prod_TXiJSc9kvYKDXH\",\"tiers\":null,\"tiers_mode\":null,\"transform_usage\":null,\"trial_period_days\":null,\"usage_type\":\"licensed\"},\"price\":{\"id\":\"price_1SactGHpVJPrOqLkrdqk0HUK\",\"object\":\"price\",\"active\":true,\"billing_scheme\":\"per_unit\",\"created\":1764856094,\"currency\":\"usd\",\"custom_unit_amount\":null,\"livemode\":false,\"lookup_key\":null,\"metadata\":{\"features\":\"[]\",\"max_scheduled_posts\":\"-1\",\"max_social_accounts\":\"100\",\"plan_id\":\"3\",\"billing_cycle\":\"monthly\",\"max_team_members\":\"10\",\"trial_days\":\"14\"},\"nickname\":null,\"product\":\"prod_TXiJSc9kvYKDXH\",\"recurring\":{\"aggregate_usage\":null,\"interval\":\"month\",\"interval_count\":1,\"meter\":null,\"trial_period_days\":null,\"usage_type\":\"licensed\"},\"tax_behavior\":\"unspecified\",\"tiers_mode\":null,\"transform_quantity\":null,\"type\":\"recurring\",\"unit_amount\":9900,\"unit_amount_decimal\":\"9900\"},\"quantity\":1,\"subscription\":\"sub_1Sc2nWHpVJPrOqLkn0etlHdu\",\"tax_rates\":[]}],\"has_more\":false,\"total_count\":1,\"url\":\"/v1/subscription_items?subscription=sub_1Sc2nWHpVJPrOqLkn0etlHdu\"},\"latest_invoice\":\"in_1Sc2nWHpVJPrOqLkogJgIM4N\",\"livemode\":false,\"metadata\":{},\"next_pending_invoice_item_invoice\":null,\"on_behalf_of\":null,\"pause_collection\":null,\"payment_settings\":{\"payment_method_options\":null,\"payment_method_types\":null,\"save_default_payment_method\":\"off\"},\"pending_invoice_item_interval\":null,\"pending_setup_intent\":null,\"pending_update\":null,\"plan\":{\"id\":\"price_1SactGHpVJPrOqLkrdqk0HUK\",\"object\":\"plan\",\"active\":true,\"aggregate_usage\":null,\"amount\":9900,\"amount_decimal\":\"9900\",\"billing_scheme\":\"per_unit\",\"created\":1764856094,\"currency\":\"usd\",\"interval\":\"month\",\"interval_count\":1,\"livemode\":false,\"metadata\":{\"features\":\"[]\",\"max_scheduled_posts\":\"-1\",\"max_social_accounts\":\"100\",\"plan_id\":\"3\",\"billing_cycle\":\"monthly\",\"max_team_members\":\"10\",\"trial_days\":\"14\"},\"meter\":null,\"nickname\":null,\"product\":\"prod_TXiJSc9kvYKDXH\",\"tiers\":null,\"tiers_mode\":null,\"transform_usage\":null,\"trial_period_days\":null,\"usage_type\":\"licensed\"},\"quantity\":1,\"schedule\":null,\"start\":1765194010,\"start_date\":1765194010,\"status\":\"canceled\",\"tax_percent\":null,\"test_clock\":null,\"transfer_data\":null,\"trial_end\":1766403610,\"trial_settings\":{\"end_behavior\":{\"missing_payment_method\":\"create_invoice\"}},\"trial_start\":1765194010}},\"livemode\":false,\"pending_webhooks\":1,\"request\":{\"id\":\"req_nF38JfiUohMrW6\",\"idempotency_key\":\"batchapi-batch_1Sc8qJHpVJPrOqLkufeCTtwz-cus_TZB9H5AhESjLFA_delete_customer\"},\"type\":\"customer.subscription.deleted\"}', '8dbf09d3d04bf1db414eae669c015ceb71c1092c901f9a138f18305f2df1dc37', 'processed', 0, 5, '2025-12-08 18:08:01', '2025-12-08 18:08:01', NULL, NULL, NULL, NULL, 751, '[]', '[]', '::1', 1, NULL, '2025-12-08 18:08:01', '2025-12-08 18:08:01'),
(13, 'evt_1Sc8qrHpVJPrOqLksKwf173c', 'customer.subscription.deleted', '2018-05-21', 0, 'subscription', 'sub_1Sc2g3HpVJPrOqLkXRGlLtBG', 'cus_TZB2Yif42HWmYz', 'sub_1Sc2g3HpVJPrOqLkXRGlLtBG', NULL, NULL, '{\"id\":\"evt_1Sc8qrHpVJPrOqLksKwf173c\",\"object\":\"event\",\"api_version\":\"2018-05-21\",\"created\":1765217281,\"data\":{\"object\":{\"id\":\"sub_1Sc2g3HpVJPrOqLkXRGlLtBG\",\"object\":\"subscription\",\"application\":null,\"application_fee_percent\":null,\"automatic_tax\":{\"disabled_reason\":null,\"enabled\":false,\"liability\":null},\"billing\":\"charge_automatically\",\"billing_cycle_anchor\":1766403147,\"billing_cycle_anchor_config\":null,\"billing_mode\":{\"flexible\":{\"proration_discounts\":\"included\"},\"type\":\"flexible\",\"updated_at\":1765193547},\"billing_thresholds\":null,\"cancel_at\":null,\"cancel_at_period_end\":false,\"canceled_at\":1765217280,\"cancellation_details\":{\"comment\":null,\"feedback\":null,\"reason\":\"cancellation_requested\"},\"collection_method\":\"charge_automatically\",\"created\":1765193547,\"currency\":\"usd\",\"current_period_end\":1766403147,\"current_period_start\":1765193547,\"customer\":\"cus_TZB2Yif42HWmYz\",\"customer_account\":null,\"days_until_due\":null,\"default_payment_method\":\"pm_1Sc2gPHpVJPrOqLkaXTYh29S\",\"default_source\":null,\"default_tax_rates\":[],\"description\":null,\"discount\":null,\"discounts\":[],\"ended_at\":1765217280,\"invoice_customer_balance_settings\":{\"consume_applied_balance_on_void\":true},\"invoice_settings\":{\"account_tax_ids\":null,\"issuer\":{\"type\":\"self\"}},\"items\":{\"object\":\"list\",\"data\":[{\"id\":\"si_TZB2UPXfRmzaNU\",\"object\":\"subscription_item\",\"billing_thresholds\":null,\"created\":1765193547,\"current_period_end\":1766403147,\"current_period_start\":1765193547,\"discounts\":[],\"metadata\":{},\"plan\":{\"id\":\"price_1SactGHpVJPrOqLkrdqk0HUK\",\"object\":\"plan\",\"active\":true,\"aggregate_usage\":null,\"amount\":9900,\"amount_decimal\":\"9900\",\"billing_scheme\":\"per_unit\",\"created\":1764856094,\"currency\":\"usd\",\"interval\":\"month\",\"interval_count\":1,\"livemode\":false,\"metadata\":{\"features\":\"[]\",\"max_scheduled_posts\":\"-1\",\"max_social_accounts\":\"100\",\"plan_id\":\"3\",\"billing_cycle\":\"monthly\",\"max_team_members\":\"10\",\"trial_days\":\"14\"},\"meter\":null,\"nickname\":null,\"product\":\"prod_TXiJSc9kvYKDXH\",\"tiers\":null,\"tiers_mode\":null,\"transform_usage\":null,\"trial_period_days\":null,\"usage_type\":\"licensed\"},\"price\":{\"id\":\"price_1SactGHpVJPrOqLkrdqk0HUK\",\"object\":\"price\",\"active\":true,\"billing_scheme\":\"per_unit\",\"created\":1764856094,\"currency\":\"usd\",\"custom_unit_amount\":null,\"livemode\":false,\"lookup_key\":null,\"metadata\":{\"features\":\"[]\",\"max_scheduled_posts\":\"-1\",\"max_social_accounts\":\"100\",\"plan_id\":\"3\",\"billing_cycle\":\"monthly\",\"max_team_members\":\"10\",\"trial_days\":\"14\"},\"nickname\":null,\"product\":\"prod_TXiJSc9kvYKDXH\",\"recurring\":{\"aggregate_usage\":null,\"interval\":\"month\",\"interval_count\":1,\"meter\":null,\"trial_period_days\":null,\"usage_type\":\"licensed\"},\"tax_behavior\":\"unspecified\",\"tiers_mode\":null,\"transform_quantity\":null,\"type\":\"recurring\",\"unit_amount\":9900,\"unit_amount_decimal\":\"9900\"},\"quantity\":1,\"subscription\":\"sub_1Sc2g3HpVJPrOqLkXRGlLtBG\",\"tax_rates\":[]}],\"has_more\":false,\"total_count\":1,\"url\":\"/v1/subscription_items?subscription=sub_1Sc2g3HpVJPrOqLkXRGlLtBG\"},\"latest_invoice\":\"in_1Sc2g3HpVJPrOqLk7CaUMXJL\",\"livemode\":false,\"metadata\":{},\"next_pending_invoice_item_invoice\":null,\"on_behalf_of\":null,\"pause_collection\":null,\"payment_settings\":{\"payment_method_options\":null,\"payment_method_types\":null,\"save_default_payment_method\":\"off\"},\"pending_invoice_item_interval\":null,\"pending_setup_intent\":null,\"pending_update\":null,\"plan\":{\"id\":\"price_1SactGHpVJPrOqLkrdqk0HUK\",\"object\":\"plan\",\"active\":true,\"aggregate_usage\":null,\"amount\":9900,\"amount_decimal\":\"9900\",\"billing_scheme\":\"per_unit\",\"created\":1764856094,\"currency\":\"usd\",\"interval\":\"month\",\"interval_count\":1,\"livemode\":false,\"metadata\":{\"features\":\"[]\",\"max_scheduled_posts\":\"-1\",\"max_social_accounts\":\"100\",\"plan_id\":\"3\",\"billing_cycle\":\"monthly\",\"max_team_members\":\"10\",\"trial_days\":\"14\"},\"meter\":null,\"nickname\":null,\"product\":\"prod_TXiJSc9kvYKDXH\",\"tiers\":null,\"tiers_mode\":null,\"transform_usage\":null,\"trial_period_days\":null,\"usage_type\":\"licensed\"},\"quantity\":1,\"schedule\":null,\"start\":1765193547,\"start_date\":1765193547,\"status\":\"canceled\",\"tax_percent\":null,\"test_clock\":null,\"transfer_data\":null,\"trial_end\":1766403147,\"trial_settings\":{\"end_behavior\":{\"missing_payment_method\":\"create_invoice\"}},\"trial_start\":1765193547}},\"livemode\":false,\"pending_webhooks\":1,\"request\":{\"id\":\"req_dL3mKWBnuNIbkQ\",\"idempotency_key\":\"batchapi-batch_1Sc8qJHpVJPrOqLkufeCTtwz-cus_TZB2Yif42HWmYz_delete_customer\"},\"type\":\"customer.subscription.deleted\"}', '61af824ddda33f3e1750952fa2fa2754cefe359d2414346a838bc7681815e410', 'processed', 0, 5, '2025-12-08 18:08:02', '2025-12-08 18:08:02', NULL, NULL, NULL, NULL, 756, '[]', '[]', '::ffff:127.0.0.1', 1, NULL, '2025-12-08 18:08:02', '2025-12-08 18:08:02'),
(14, 'evt_1Sc8qsHpVJPrOqLkmLpbOjRg', 'customer.subscription.deleted', '2018-05-21', 0, 'subscription', 'sub_1Sc2crHpVJPrOqLkA7FFN2dQ', 'cus_TZAydZD2Wxztnt', 'sub_1Sc2crHpVJPrOqLkA7FFN2dQ', NULL, NULL, '{\"id\":\"evt_1Sc8qsHpVJPrOqLkmLpbOjRg\",\"object\":\"event\",\"api_version\":\"2018-05-21\",\"created\":1765217282,\"data\":{\"object\":{\"id\":\"sub_1Sc2crHpVJPrOqLkA7FFN2dQ\",\"object\":\"subscription\",\"application\":null,\"application_fee_percent\":null,\"automatic_tax\":{\"disabled_reason\":null,\"enabled\":false,\"liability\":null},\"billing\":\"charge_automatically\",\"billing_cycle_anchor\":1765279749,\"billing_cycle_anchor_config\":null,\"billing_mode\":{\"flexible\":{\"proration_discounts\":\"included\"},\"type\":\"flexible\",\"updated_at\":1765193349},\"billing_thresholds\":null,\"cancel_at\":null,\"cancel_at_period_end\":false,\"canceled_at\":1765217281,\"cancellation_details\":{\"comment\":null,\"feedback\":null,\"reason\":\"cancellation_requested\"},\"collection_method\":\"charge_automatically\",\"created\":1765193349,\"currency\":\"usd\",\"current_period_end\":1765279749,\"current_period_start\":1765193349,\"customer\":\"cus_TZAydZD2Wxztnt\",\"customer_account\":null,\"days_until_due\":null,\"default_payment_method\":\"pm_1Sc2d9HpVJPrOqLk5vRlHbZ1\",\"default_source\":null,\"default_tax_rates\":[],\"description\":null,\"discount\":null,\"discounts\":[],\"ended_at\":1765217281,\"invoice_customer_balance_settings\":{\"consume_applied_balance_on_void\":true},\"invoice_settings\":{\"account_tax_ids\":null,\"issuer\":{\"type\":\"self\"}},\"items\":{\"object\":\"list\",\"data\":[{\"id\":\"si_TZAykGqoDhhMmD\",\"object\":\"subscription_item\",\"billing_thresholds\":null,\"created\":1765193349,\"current_period_end\":1765279749,\"current_period_start\":1765193349,\"discounts\":[],\"metadata\":{},\"plan\":{\"id\":\"price_1SacsoHpVJPrOqLk55ldH9MX\",\"object\":\"plan\",\"active\":true,\"aggregate_usage\":null,\"amount\":1900,\"amount_decimal\":\"1900\",\"billing_scheme\":\"per_unit\",\"created\":1764856066,\"currency\":\"usd\",\"interval\":\"month\",\"interval_count\":1,\"livemode\":false,\"metadata\":{\"features\":\"[]\",\"max_scheduled_posts\":\"-1\",\"max_social_accounts\":\"10\",\"plan_id\":\"1\",\"billing_cycle\":\"monthly\",\"max_team_members\":\"1\",\"trial_days\":\"1\"},\"meter\":null,\"nickname\":null,\"product\":\"prod_TXiJ5slia0Fh1C\",\"tiers\":null,\"tiers_mode\":null,\"transform_usage\":null,\"trial_period_days\":null,\"usage_type\":\"licensed\"},\"price\":{\"id\":\"price_1SacsoHpVJPrOqLk55ldH9MX\",\"object\":\"price\",\"active\":true,\"billing_scheme\":\"per_unit\",\"created\":1764856066,\"currency\":\"usd\",\"custom_unit_amount\":null,\"livemode\":false,\"lookup_key\":null,\"metadata\":{\"features\":\"[]\",\"max_scheduled_posts\":\"-1\",\"max_social_accounts\":\"10\",\"plan_id\":\"1\",\"billing_cycle\":\"monthly\",\"max_team_members\":\"1\",\"trial_days\":\"1\"},\"nickname\":null,\"product\":\"prod_TXiJ5slia0Fh1C\",\"recurring\":{\"aggregate_usage\":null,\"interval\":\"month\",\"interval_count\":1,\"meter\":null,\"trial_period_days\":null,\"usage_type\":\"licensed\"},\"tax_behavior\":\"unspecified\",\"tiers_mode\":null,\"transform_quantity\":null,\"type\":\"recurring\",\"unit_amount\":1900,\"unit_amount_decimal\":\"1900\"},\"quantity\":1,\"subscription\":\"sub_1Sc2crHpVJPrOqLkA7FFN2dQ\",\"tax_rates\":[]}],\"has_more\":false,\"total_count\":1,\"url\":\"/v1/subscription_items?subscription=sub_1Sc2crHpVJPrOqLkA7FFN2dQ\"},\"latest_invoice\":\"in_1Sc2crHpVJPrOqLkHhkROOzs\",\"livemode\":false,\"metadata\":{},\"next_pending_invoice_item_invoice\":null,\"on_behalf_of\":null,\"pause_collection\":null,\"payment_settings\":{\"payment_method_options\":null,\"payment_method_types\":null,\"save_default_payment_method\":\"off\"},\"pending_invoice_item_interval\":null,\"pending_setup_intent\":null,\"pending_update\":null,\"plan\":{\"id\":\"price_1SacsoHpVJPrOqLk55ldH9MX\",\"object\":\"plan\",\"active\":true,\"aggregate_usage\":null,\"amount\":1900,\"amount_decimal\":\"1900\",\"billing_scheme\":\"per_unit\",\"created\":1764856066,\"currency\":\"usd\",\"interval\":\"month\",\"interval_count\":1,\"livemode\":false,\"metadata\":{\"features\":\"[]\",\"max_scheduled_posts\":\"-1\",\"max_social_accounts\":\"10\",\"plan_id\":\"1\",\"billing_cycle\":\"monthly\",\"max_team_members\":\"1\",\"trial_days\":\"1\"},\"meter\":null,\"nickname\":null,\"product\":\"prod_TXiJ5slia0Fh1C\",\"tiers\":null,\"tiers_mode\":null,\"transform_usage\":null,\"trial_period_days\":null,\"usage_type\":\"licensed\"},\"quantity\":1,\"schedule\":null,\"start\":1765193349,\"start_date\":1765193349,\"status\":\"canceled\",\"tax_percent\":null,\"test_clock\":null,\"transfer_data\":null,\"trial_end\":1765279749,\"trial_settings\":{\"end_behavior\":{\"missing_payment_method\":\"create_invoice\"}},\"trial_start\":1765193349}},\"livemode\":false,\"pending_webhooks\":1,\"request\":{\"id\":\"req_HuddEd8iVONNR0\",\"idempotency_key\":\"batchapi-batch_1Sc8qJHpVJPrOqLkufeCTtwz-cus_TZAydZD2Wxztnt_delete_customer\"},\"type\":\"customer.subscription.deleted\"}', '908b8454cdb025a5a6677ad606539a211b581f2ceddc786dea842f135ef9927f', 'processed', 0, 5, '2025-12-08 18:08:03', '2025-12-08 18:08:03', NULL, NULL, NULL, NULL, 755, '[]', '[]', '::1', 1, NULL, '2025-12-08 18:08:03', '2025-12-08 18:08:03'),
(15, 'evt_1Sc8r6HpVJPrOqLkBYk1cmjl', 'payment_method.attached', '2018-05-21', 0, 'payment_method', 'pm_1Sc8r5HpVJPrOqLkGD0xuD2V', 'cus_TZHNim28DTlc56', NULL, NULL, NULL, '{\"id\":\"evt_1Sc8r6HpVJPrOqLkBYk1cmjl\",\"object\":\"event\",\"api_version\":\"2018-05-21\",\"created\":1765217296,\"data\":{\"object\":{\"id\":\"pm_1Sc8r5HpVJPrOqLkGD0xuD2V\",\"object\":\"payment_method\",\"allow_redisplay\":\"unspecified\",\"billing_details\":{\"address\":{\"city\":null,\"country\":\"IN\",\"line1\":null,\"line2\":null,\"postal_code\":null,\"state\":null},\"email\":\"developer0945@gmail.com\",\"name\":\"Sudhir Ku\",\"phone\":\"(714) 781-4565\",\"tax_id\":null},\"card\":{\"brand\":\"visa\",\"checks\":{\"address_line1_check\":null,\"address_postal_code_check\":null,\"cvc_check\":\"pass\"},\"country\":\"US\",\"display_brand\":\"visa\",\"exp_month\":11,\"exp_year\":2034,\"fingerprint\":\"G95Ez9iUIsKX1A0j\",\"funding\":\"credit\",\"generated_from\":null,\"last4\":\"1111\",\"networks\":{\"available\":[\"visa\"],\"preferred\":null},\"regulated_status\":\"unregulated\",\"three_d_secure_usage\":{\"supported\":true},\"wallet\":null},\"created\":1765217295,\"customer\":\"cus_TZHNim28DTlc56\",\"customer_account\":null,\"livemode\":false,\"metadata\":{},\"type\":\"card\"}},\"livemode\":false,\"pending_webhooks\":1,\"request\":{\"id\":\"req_SnWO68mIngF8On\",\"idempotency_key\":\"4cfea973-60d0-48d2-9560-cfa7a26386cb\"},\"type\":\"payment_method.attached\"}', '5513cbec40be21152f35b565d21c5257c96452e0ba14afe3c170154b89031257', 'processed', 0, 5, '2025-12-08 18:08:17', '2025-12-08 18:08:19', NULL, NULL, NULL, NULL, 1726, '[\"payment_method_added\"]', '[]', '::ffff:127.0.0.1', 1, NULL, '2025-12-08 18:08:17', '2025-12-08 18:08:19'),
(16, 'evt_1Sc8rCHpVJPrOqLk1CLeVpVT', 'customer.subscription.created', '2018-05-21', 0, 'subscription', 'sub_1Sc8r8HpVJPrOqLkX4hZp1K4', 'cus_TZHNim28DTlc56', 'sub_1Sc8r8HpVJPrOqLkX4hZp1K4', NULL, NULL, '{\"id\":\"evt_1Sc8rCHpVJPrOqLk1CLeVpVT\",\"object\":\"event\",\"api_version\":\"2018-05-21\",\"created\":1765217301,\"data\":{\"object\":{\"id\":\"sub_1Sc8r8HpVJPrOqLkX4hZp1K4\",\"object\":\"subscription\",\"application\":null,\"application_fee_percent\":null,\"automatic_tax\":{\"disabled_reason\":null,\"enabled\":false,\"liability\":null},\"billing\":\"charge_automatically\",\"billing_cycle_anchor\":1765217298,\"billing_cycle_anchor_config\":null,\"billing_mode\":{\"flexible\":{\"proration_discounts\":\"included\"},\"type\":\"flexible\",\"updated_at\":1765217298},\"billing_thresholds\":null,\"cancel_at\":null,\"cancel_at_period_end\":false,\"canceled_at\":null,\"cancellation_details\":{\"comment\":null,\"feedback\":null,\"reason\":null},\"collection_method\":\"charge_automatically\",\"created\":1765217298,\"currency\":\"usd\",\"current_period_end\":1767895698,\"current_period_start\":1765217298,\"customer\":\"cus_TZHNim28DTlc56\",\"customer_account\":null,\"days_until_due\":null,\"default_payment_method\":\"pm_1Sc8r5HpVJPrOqLkGD0xuD2V\",\"default_source\":null,\"default_tax_rates\":[],\"description\":null,\"discount\":null,\"discounts\":[],\"ended_at\":null,\"invoice_customer_balance_settings\":{\"consume_applied_balance_on_void\":true},\"invoice_settings\":{\"account_tax_ids\":null,\"issuer\":{\"type\":\"self\"}},\"items\":{\"object\":\"list\",\"data\":[{\"id\":\"si_TZHPSgXrB8TKck\",\"object\":\"subscription_item\",\"billing_thresholds\":null,\"created\":1765217299,\"current_period_end\":1767895698,\"current_period_start\":1765217298,\"discounts\":[],\"metadata\":{},\"plan\":{\"id\":\"price_1SactGHpVJPrOqLkrdqk0HUK\",\"object\":\"plan\",\"active\":true,\"aggregate_usage\":null,\"amount\":9900,\"amount_decimal\":\"9900\",\"billing_scheme\":\"per_unit\",\"created\":1764856094,\"currency\":\"usd\",\"interval\":\"month\",\"interval_count\":1,\"livemode\":false,\"metadata\":{\"features\":\"[]\",\"max_scheduled_posts\":\"-1\",\"max_social_accounts\":\"100\",\"plan_id\":\"3\",\"billing_cycle\":\"monthly\",\"max_team_members\":\"10\",\"trial_days\":\"14\"},\"meter\":null,\"nickname\":null,\"product\":\"prod_TXiJSc9kvYKDXH\",\"tiers\":null,\"tiers_mode\":null,\"transform_usage\":null,\"trial_period_days\":null,\"usage_type\":\"licensed\"},\"price\":{\"id\":\"price_1SactGHpVJPrOqLkrdqk0HUK\",\"object\":\"price\",\"active\":true,\"billing_scheme\":\"per_unit\",\"created\":1764856094,\"currency\":\"usd\",\"custom_unit_amount\":null,\"livemode\":false,\"lookup_key\":null,\"metadata\":{\"features\":\"[]\",\"max_scheduled_posts\":\"-1\",\"max_social_accounts\":\"100\",\"plan_id\":\"3\",\"billing_cycle\":\"monthly\",\"max_team_members\":\"10\",\"trial_days\":\"14\"},\"nickname\":null,\"product\":\"prod_TXiJSc9kvYKDXH\",\"recurring\":{\"aggregate_usage\":null,\"interval\":\"month\",\"interval_count\":1,\"meter\":null,\"trial_period_days\":null,\"usage_type\":\"licensed\"},\"tax_behavior\":\"unspecified\",\"tiers_mode\":null,\"transform_quantity\":null,\"type\":\"recurring\",\"unit_amount\":9900,\"unit_amount_decimal\":\"9900\"},\"quantity\":1,\"subscription\":\"sub_1Sc8r8HpVJPrOqLkX4hZp1K4\",\"tax_rates\":[]}],\"has_more\":false,\"total_count\":1,\"url\":\"/v1/subscription_items?subscription=sub_1Sc8r8HpVJPrOqLkX4hZp1K4\"},\"latest_invoice\":\"in_1Sc8r8HpVJPrOqLkqss6grEV\",\"livemode\":false,\"metadata\":{},\"next_pending_invoice_item_invoice\":null,\"on_behalf_of\":null,\"pause_collection\":null,\"payment_settings\":{\"payment_method_options\":null,\"payment_method_types\":null,\"save_default_payment_method\":\"off\"},\"pending_invoice_item_interval\":null,\"pending_setup_intent\":null,\"pending_update\":null,\"plan\":{\"id\":\"price_1SactGHpVJPrOqLkrdqk0HUK\",\"object\":\"plan\",\"active\":true,\"aggregate_usage\":null,\"amount\":9900,\"amount_decimal\":\"9900\",\"billing_scheme\":\"per_unit\",\"created\":1764856094,\"currency\":\"usd\",\"interval\":\"month\",\"interval_count\":1,\"livemode\":false,\"metadata\":{\"features\":\"[]\",\"max_scheduled_posts\":\"-1\",\"max_social_accounts\":\"100\",\"plan_id\":\"3\",\"billing_cycle\":\"monthly\",\"max_team_members\":\"10\",\"trial_days\":\"14\"},\"meter\":null,\"nickname\":null,\"product\":\"prod_TXiJSc9kvYKDXH\",\"tiers\":null,\"tiers_mode\":null,\"transform_usage\":null,\"trial_period_days\":null,\"usage_type\":\"licensed\"},\"quantity\":1,\"schedule\":null,\"start\":1765217298,\"start_date\":1765217298,\"status\":\"active\",\"tax_percent\":null,\"test_clock\":null,\"transfer_data\":null,\"trial_end\":null,\"trial_settings\":{\"end_behavior\":{\"missing_payment_method\":\"create_invoice\"}},\"trial_start\":null}},\"livemode\":false,\"pending_webhooks\":1,\"request\":{\"id\":\"req_ZjfDO0ts60OvTy\",\"idempotency_key\":\"stripe-node-retry-38b0ab00-e526-456a-8a03-5cdcc6104fe5\"},\"type\":\"customer.subscription.created\"}', '75e605b99b40829054d0b58fc9bed4ecaa0aec7d7bea8c22494f7d4ecabc4ffa', 'processed', 0, 5, '2025-12-08 18:08:23', '2025-12-08 18:08:23', NULL, NULL, NULL, NULL, 730, '[\"subscription_created_logged\"]', '[]', '::1', 1, NULL, '2025-12-08 18:08:23', '2025-12-08 18:08:23'),
(17, 'evt_3Sc8r9HpVJPrOqLk0z377HiD', 'payment_intent.succeeded', '2018-05-21', 0, 'payment_intent', 'pi_3Sc8r9HpVJPrOqLk0FLkqgHp', 'cus_TZHNim28DTlc56', NULL, 'in_1Sc8r8HpVJPrOqLkqss6grEV', NULL, '{\"id\":\"evt_3Sc8r9HpVJPrOqLk0z377HiD\",\"object\":\"event\",\"api_version\":\"2018-05-21\",\"created\":1765217301,\"data\":{\"object\":{\"id\":\"pi_3Sc8r9HpVJPrOqLk0FLkqgHp\",\"object\":\"payment_intent\",\"allowed_source_types\":[\"card\",\"link\"],\"amount\":9900,\"amount_capturable\":0,\"amount_details\":{\"tip\":{}},\"amount_received\":9900,\"application\":null,\"application_fee_amount\":null,\"automatic_payment_methods\":null,\"canceled_at\":null,\"cancellation_reason\":null,\"capture_method\":\"automatic\",\"charges\":{\"object\":\"list\",\"data\":[{\"id\":\"ch_3Sc8r9HpVJPrOqLk0WTADrOH\",\"object\":\"charge\",\"amount\":9900,\"amount_captured\":9900,\"amount_refunded\":0,\"application\":null,\"application_fee\":null,\"application_fee_amount\":null,\"balance_transaction\":\"txn_3Sc8r9HpVJPrOqLk09aPkFOO\",\"billing_details\":{\"address\":{\"city\":null,\"country\":\"IN\",\"line1\":null,\"line2\":null,\"postal_code\":null,\"state\":null},\"email\":\"developer0945@gmail.com\",\"name\":\"Sudhir Ku\",\"phone\":\"(714) 781-4565\",\"tax_id\":null},\"calculated_statement_descriptor\":\"SHIPPO\",\"captured\":true,\"created\":1765217300,\"currency\":\"usd\",\"customer\":\"cus_TZHNim28DTlc56\",\"description\":\"Subscription creation\",\"destination\":null,\"dispute\":null,\"disputed\":false,\"failure_balance_transaction\":null,\"failure_code\":null,\"failure_message\":null,\"fraud_details\":{},\"invoice\":\"in_1Sc8r8HpVJPrOqLkqss6grEV\",\"livemode\":false,\"metadata\":{},\"on_behalf_of\":null,\"order\":null,\"outcome\":{\"advice_code\":null,\"network_advice_code\":null,\"network_decline_code\":null,\"network_status\":\"approved_by_network\",\"reason\":null,\"risk_level\":\"normal\",\"risk_score\":61,\"seller_message\":\"Payment complete.\",\"type\":\"authorized\"},\"paid\":true,\"payment_intent\":\"pi_3Sc8r9HpVJPrOqLk0FLkqgHp\",\"payment_method\":\"pm_1Sc8r5HpVJPrOqLkGD0xuD2V\",\"payment_method_details\":{\"card\":{\"amount_authorized\":9900,\"authorization_code\":\"714355\",\"brand\":\"visa\",\"checks\":{\"address_line1_check\":null,\"address_postal_code_check\":null,\"cvc_check\":\"pass\"},\"country\":\"US\",\"exp_month\":11,\"exp_year\":2034,\"extended_authorization\":{\"status\":\"disabled\"},\"fingerprint\":\"G95Ez9iUIsKX1A0j\",\"funding\":\"credit\",\"incremental_authorization\":{\"status\":\"unavailable\"},\"installments\":null,\"last4\":\"1111\",\"mandate\":null,\"multicapture\":{\"status\":\"unavailable\"},\"network\":\"visa\",\"network_token\":{\"used\":false},\"network_transaction_id\":\"715753691225710\",\"overcapture\":{\"maximum_amount_capturable\":9900,\"status\":\"unavailable\"},\"regulated_status\":\"unregulated\",\"three_d_secure\":null,\"wallet\":null},\"type\":\"card\"},\"radar_options\":{},\"receipt_email\":\"developer0945@gmail.com\",\"receipt_number\":null,\"receipt_url\":\"https://pay.stripe.com/receipts/invoices/CAcaFwoVYWNjdF8xQUM2bEFIcFZKUHJPcUxrKJao3MkGMgZ4EHh3x4Q6LBaV8eAOga6E82O5RCvz2msXIMP4jIMy7gQXLtxs7gDL5qCw2uGxjXyPMHIU?s=ap\",\"refunded\":false,\"refunds\":{\"object\":\"list\",\"data\":[],\"has_more\":false,\"total_count\":0,\"url\":\"/v1/charges/ch_3Sc8r9HpVJPrOqLk0WTADrOH/refunds\"},\"review\":null,\"shipping\":null,\"source\":null,\"source_transfer\":null,\"statement_descriptor\":null,\"statement_descriptor_suffix\":null,\"status\":\"succeeded\",\"transfer_data\":null,\"transfer_group\":null}],\"has_more\":false,\"total_count\":1,\"url\":\"/v1/charges?payment_intent=pi_3Sc8r9HpVJPrOqLk0FLkqgHp\"},\"client_secret\":\"pi_3Sc8r9HpVJPrOqLk0FLkqgHp_secret_zGLl0RiNeCyT5DizegFKtMAPa\",\"confirmation_method\":\"automatic\",\"created\":1765217299,\"currency\":\"usd\",\"customer\":\"cus_TZHNim28DTlc56\",\"customer_account\":null,\"description\":\"Subscription creation\",\"excluded_payment_method_types\":null,\"invoice\":\"in_1Sc8r8HpVJPrOqLkqss6grEV\",\"last_payment_error\":null,\"latest_charge\":\"ch_3Sc8r9HpVJPrOqLk0WTADrOH\",\"livemode\":false,\"metadata\":{},\"next_action\":null,\"next_source_action\":null,\"on_behalf_of\":null,\"payment_details\":{\"customer_reference\":null,\"order_reference\":\"in_1Sc8r8HpVJPrOqLkqss6gr\"},\"payment_method\":\"pm_1Sc8r5HpVJPrOqLkGD0xuD2V\",\"payment_method_configuration_details\":null,\"payment_method_options\":{\"card\":{\"installments\":null,\"mandate_options\":null,\"network\":null,\"request_three_d_secure\":\"automatic\"},\"link\":{\"persistent_token\":null}},\"payment_method_types\":[\"card\",\"link\"],\"processing\":null,\"receipt_email\":\"developer0945@gmail.com\",\"review\":null,\"setup_future_usage\":\"off_session\",\"shipping\":null,\"source\":null,\"statement_descriptor\":null,\"statement_descriptor_suffix\":null,\"status\":\"succeeded\",\"transfer_data\":null,\"transfer_group\":null}},\"livemode\":false,\"pending_webhooks\":1,\"request\":{\"id\":\"req_ZjfDO0ts60OvTy\",\"idempotency_key\":\"stripe-node-retry-38b0ab00-e526-456a-8a03-5cdcc6104fe5\"},\"type\":\"payment_intent.succeeded\"}', 'b34d82e42dde48583cb248b1f10d0371cf2a883a1dc8e793ff1a9eef3219d2ef', 'processed', 0, 5, '2025-12-08 18:08:23', '2025-12-08 18:08:23', NULL, NULL, NULL, NULL, 760, '[\"unhandled_event_payment_intent.succeeded\"]', '[]', '::ffff:127.0.0.1', 1, NULL, '2025-12-08 18:08:23', '2025-12-08 18:08:23'),
(18, 'evt_1Sc8rCHpVJPrOqLkc1IKjRiF', 'invoice.payment_succeeded', '2018-05-21', 0, 'invoice', 'in_1Sc8r8HpVJPrOqLkqss6grEV', 'cus_TZHNim28DTlc56', 'sub_1Sc8r8HpVJPrOqLkX4hZp1K4', 'in_1Sc8r8HpVJPrOqLkqss6grEV', 'pi_3Sc8r9HpVJPrOqLk0FLkqgHp', '{\"id\":\"evt_1Sc8rCHpVJPrOqLkc1IKjRiF\",\"object\":\"event\",\"api_version\":\"2018-05-21\",\"created\":1765217301,\"data\":{\"object\":{\"id\":\"in_1Sc8r8HpVJPrOqLkqss6grEV\",\"object\":\"invoice\",\"account_country\":\"SE\",\"account_name\":\"Aronasoft\",\"account_tax_ids\":null,\"amount_due\":9900,\"amount_overpaid\":0,\"amount_paid\":9900,\"amount_remaining\":0,\"amount_shipping\":0,\"application\":null,\"application_fee\":null,\"attempt_count\":1,\"attempted\":true,\"auto_advance\":false,\"automatic_tax\":{\"disabled_reason\":null,\"enabled\":false,\"liability\":null,\"provider\":null,\"status\":null},\"automatically_finalizes_at\":null,\"billing\":\"charge_automatically\",\"billing_reason\":\"subscription_update\",\"charge\":\"ch_3Sc8r9HpVJPrOqLk0WTADrOH\",\"closed\":true,\"collection_method\":\"charge_automatically\",\"created\":1765217298,\"currency\":\"usd\",\"custom_fields\":null,\"customer\":\"cus_TZHNim28DTlc56\",\"customer_account\":null,\"customer_address\":null,\"customer_email\":\"developer0945@gmail.com\",\"customer_name\":\"Baljeet Singh\",\"customer_phone\":\"(714) 781-4565\",\"customer_shipping\":null,\"customer_tax_exempt\":\"none\",\"customer_tax_ids\":[],\"date\":1765217298,\"default_payment_method\":null,\"default_source\":null,\"default_tax_rates\":[],\"description\":null,\"discount\":null,\"discounts\":[],\"due_date\":null,\"effective_at\":1765217298,\"ending_balance\":0,\"finalized_at\":1765217298,\"footer\":null,\"forgiven\":false,\"from_invoice\":null,\"hosted_invoice_url\":\"https://invoice.stripe.com/i/acct_1AC6lAHpVJPrOqLk/test_YWNjdF8xQUM2bEFIcFZKUHJPcUxrLF9UWkhQd1hJWXNNbTZodVh4Z0FNSnpXcWk2ckdjcDczLDE1NTc1ODEwMg0200OQrSzDF0?s=ap\",\"invoice_pdf\":\"https://pay.stripe.com/invoice/acct_1AC6lAHpVJPrOqLk/test_YWNjdF8xQUM2bEFIcFZKUHJPcUxrLF9UWkhQd1hJWXNNbTZodVh4Z0FNSnpXcWk2ckdjcDczLDE1NTc1ODEwMg0200OQrSzDF0/pdf?s=ap\",\"issuer\":{\"type\":\"self\"},\"last_finalization_error\":null,\"latest_revision\":null,\"lines\":{\"object\":\"list\",\"data\":[{\"id\":\"il_1Sc8r8HpVJPrOqLkORVvvQAt\",\"object\":\"line_item\",\"amount\":9900,\"amount_excluding_tax\":9900,\"currency\":\"usd\",\"description\":\"1  Agency (at $99.00 / month)\",\"discount_amounts\":[],\"discountable\":true,\"discounts\":[],\"invoice\":\"in_1Sc8r8HpVJPrOqLkqss6grEV\",\"livemode\":false,\"metadata\":{},\"parent\":{\"invoice_item_details\":null,\"subscription_item_details\":{\"invoice_item\":null,\"proration\":false,\"proration_details\":{\"credited_items\":null},\"subscription\":\"sub_1Sc8r8HpVJPrOqLkX4hZp1K4\",\"subscription_item\":\"si_TZHPSgXrB8TKck\"},\"type\":\"subscription_item_details\"},\"period\":{\"end\":1767895698,\"start\":1765217298},\"plan\":{\"id\":\"price_1SactGHpVJPrOqLkrdqk0HUK\",\"object\":\"plan\",\"active\":true,\"aggregate_usage\":null,\"amount\":9900,\"amount_decimal\":\"9900\",\"billing_scheme\":\"per_unit\",\"created\":1764856094,\"currency\":\"usd\",\"interval\":\"month\",\"interval_count\":1,\"livemode\":false,\"metadata\":{\"features\":\"[]\",\"max_scheduled_posts\":\"-1\",\"max_social_accounts\":\"100\",\"plan_id\":\"3\",\"billing_cycle\":\"monthly\",\"max_team_members\":\"10\",\"trial_days\":\"14\"},\"meter\":null,\"nickname\":null,\"product\":\"prod_TXiJSc9kvYKDXH\",\"tiers\":null,\"tiers_mode\":null,\"transform_usage\":null,\"trial_period_days\":null,\"usage_type\":\"licensed\"},\"pretax_credit_amounts\":[],\"price\":{\"id\":\"price_1SactGHpVJPrOqLkrdqk0HUK\",\"object\":\"price\",\"active\":true,\"billing_scheme\":\"per_unit\",\"created\":1764856094,\"currency\":\"usd\",\"custom_unit_amount\":null,\"livemode\":false,\"lookup_key\":null,\"metadata\":{\"features\":\"[]\",\"max_scheduled_posts\":\"-1\",\"max_social_accounts\":\"100\",\"plan_id\":\"3\",\"billing_cycle\":\"monthly\",\"max_team_members\":\"10\",\"trial_days\":\"14\"},\"nickname\":null,\"product\":\"prod_TXiJSc9kvYKDXH\",\"recurring\":{\"aggregate_usage\":null,\"interval\":\"month\",\"interval_count\":1,\"meter\":null,\"trial_period_days\":null,\"usage_type\":\"licensed\"},\"tax_behavior\":\"unspecified\",\"tiers_mode\":null,\"transform_quantity\":null,\"type\":\"recurring\",\"unit_amount\":9900,\"unit_amount_decimal\":\"9900\"},\"pricing\":{\"price_details\":{\"price\":\"price_1SactGHpVJPrOqLkrdqk0HUK\",\"product\":\"prod_TXiJSc9kvYKDXH\"},\"type\":\"price_details\",\"unit_amount_decimal\":\"9900\"},\"proration\":false,\"proration_details\":{\"credited_items\":null},\"quantity\":1,\"subscription\":\"sub_1Sc8r8HpVJPrOqLkX4hZp1K4\",\"subscription_item\":\"si_TZHPSgXrB8TKck\",\"tax_amounts\":[],\"tax_rates\":[],\"taxes\":[],\"type\":\"subscription\",\"unique_id\":\"il_1Sc8r8HpVJPrOqLkORVvvQAt\",\"unit_amount_excluding_tax\":\"9900\"}],\"has_more\":false,\"total_count\":1,\"url\":\"/v1/invoices/in_1Sc8r8HpVJPrOqLkqss6grEV/lines\"},\"livemode\":false,\"metadata\":{},\"next_payment_attempt\":null,\"number\":\"FVJFOQBG-0001\",\"on_behalf_of\":null,\"paid\":true,\"paid_out_of_band\":false,\"parent\":{\"quote_details\":null,\"subscription_details\":{\"metadata\":{},\"subscription\":\"sub_1Sc8r8HpVJPrOqLkX4hZp1K4\"},\"type\":\"subscription_details\"},\"payment_intent\":\"pi_3Sc8r9HpVJPrOqLk0FLkqgHp\",\"payment_settings\":{\"default_mandate\":null,\"payment_method_options\":null,\"payment_method_types\":null},\"period_end\":1765217298,\"period_start\":1765217298,\"post_payment_credit_notes_amount\":0,\"pre_payment_credit_notes_amount\":0,\"quote\":null,\"receipt_number\":null,\"rendering\":null,\"rendering_options\":null,\"shipping_cost\":null,\"shipping_details\":null,\"starting_balance\":0,\"statement_descriptor\":null,\"status\":\"paid\",\"status_transitions\":{\"finalized_at\":1765217298,\"marked_uncollectible_at\":null,\"paid_at\":1765217298,\"voided_at\":null},\"subscription\":\"sub_1Sc8r8HpVJPrOqLkX4hZp1K4\",\"subscription_details\":{\"metadata\":{}},\"subtotal\":9900,\"subtotal_excluding_tax\":9900,\"tax\":null,\"tax_percent\":null,\"test_clock\":null,\"total\":9900,\"total_discount_amounts\":[],\"total_excluding_tax\":9900,\"total_pretax_credit_amounts\":[],\"total_tax_amounts\":[],\"total_taxes\":[],\"transfer_data\":null,\"webhooks_delivered_at\":1765217298}},\"livemode\":false,\"pending_webhooks\":1,\"request\":{\"id\":\"req_ZjfDO0ts60OvTy\",\"idempotency_key\":\"stripe-node-retry-38b0ab00-e526-456a-8a03-5cdcc6104fe5\"},\"type\":\"invoice.payment_succeeded\"}', 'e25cd914435a283d0899dd13e46413e29c98bc0cf76f126d26ec1478e826755e', 'processed', 0, 5, '2025-12-08 18:08:23', '2025-12-08 18:08:26', NULL, NULL, NULL, NULL, 3626, '[\"payment_succeeded\"]', '[{\"type\":\"transaction\",\"id\":1,\"action\":\"created\"}]', '::1', 1, NULL, '2025-12-08 18:08:23', '2025-12-08 18:08:26'),
(19, 'evt_1Sc9R4HpVJPrOqLkYWKeHO7b', 'payment_method.attached', '2018-05-21', 0, 'payment_method', 'pm_1Sc9R4HpVJPrOqLkOXnfcKFb', 'cus_TZI0IIGiL6g3IG', NULL, NULL, NULL, '{\"id\":\"evt_1Sc9R4HpVJPrOqLkYWKeHO7b\",\"object\":\"event\",\"api_version\":\"2018-05-21\",\"created\":1765219526,\"data\":{\"object\":{\"id\":\"pm_1Sc9R4HpVJPrOqLkOXnfcKFb\",\"object\":\"payment_method\",\"allow_redisplay\":\"unspecified\",\"billing_details\":{\"address\":{\"city\":null,\"country\":\"IN\",\"line1\":null,\"line2\":null,\"postal_code\":null,\"state\":null},\"email\":\"developerw0945@gmail.com\",\"name\":\"Baljeet Singh\",\"phone\":\"(714) 781-4565\",\"tax_id\":null},\"card\":{\"brand\":\"visa\",\"checks\":{\"address_line1_check\":null,\"address_postal_code_check\":null,\"cvc_check\":\"pass\"},\"country\":\"US\",\"display_brand\":\"visa\",\"exp_month\":2,\"exp_year\":2034,\"fingerprint\":\"G95Ez9iUIsKX1A0j\",\"funding\":\"credit\",\"generated_from\":null,\"last4\":\"1111\",\"networks\":{\"available\":[\"visa\"],\"preferred\":null},\"regulated_status\":\"unregulated\",\"three_d_secure_usage\":{\"supported\":true},\"wallet\":null},\"created\":1765219526,\"customer\":\"cus_TZI0IIGiL6g3IG\",\"customer_account\":null,\"livemode\":false,\"metadata\":{},\"type\":\"card\"}},\"livemode\":false,\"pending_webhooks\":1,\"request\":{\"id\":\"req_jTfhbMoINUsurD\",\"idempotency_key\":\"24cb82df-4594-4386-a966-0d43feb99fe5\"},\"type\":\"payment_method.attached\"}', '53ba102641744dbd9a412de80078c60f69417a11539794b7b62b92602817e0b1', 'processed', 0, 5, '2025-12-08 18:45:27', '2025-12-08 18:45:29', NULL, NULL, NULL, NULL, 1888, '[\"payment_method_added\"]', '[]', '::ffff:127.0.0.1', 1, NULL, '2025-12-08 18:45:27', '2025-12-08 18:45:29');
INSERT INTO `webhook_events` (`id`, `stripe_event_id`, `event_type`, `api_version`, `livemode`, `object_type`, `object_id`, `customer_id`, `subscription_id`, `invoice_id`, `payment_intent_id`, `payload`, `payload_hash`, `status`, `processing_attempts`, `max_attempts`, `received_at`, `processed_at`, `next_retry_at`, `error_code`, `error_message`, `error_stack`, `processing_time_ms`, `actions_taken`, `affected_records`, `ip_address`, `signature_verified`, `metadata`, `createdAt`, `updatedAt`) VALUES
(20, 'evt_1Sc9R7HpVJPrOqLkF2bjTmMH', 'customer.subscription.created', '2018-05-21', 0, 'subscription', 'sub_1Sc9R5HpVJPrOqLkPt4sV5R5', 'cus_TZI0IIGiL6g3IG', 'sub_1Sc9R5HpVJPrOqLkPt4sV5R5', NULL, NULL, '{\"id\":\"evt_1Sc9R7HpVJPrOqLkF2bjTmMH\",\"object\":\"event\",\"api_version\":\"2018-05-21\",\"created\":1765219529,\"data\":{\"object\":{\"id\":\"sub_1Sc9R5HpVJPrOqLkPt4sV5R5\",\"object\":\"subscription\",\"application\":null,\"application_fee_percent\":null,\"automatic_tax\":{\"disabled_reason\":null,\"enabled\":false,\"liability\":null},\"billing\":\"charge_automatically\",\"billing_cycle_anchor\":1765305927,\"billing_cycle_anchor_config\":null,\"billing_mode\":{\"flexible\":{\"proration_discounts\":\"included\"},\"type\":\"flexible\",\"updated_at\":1765219527},\"billing_thresholds\":null,\"cancel_at\":null,\"cancel_at_period_end\":false,\"canceled_at\":null,\"cancellation_details\":{\"comment\":null,\"feedback\":null,\"reason\":null},\"collection_method\":\"charge_automatically\",\"created\":1765219527,\"currency\":\"usd\",\"current_period_end\":1765305927,\"current_period_start\":1765219527,\"customer\":\"cus_TZI0IIGiL6g3IG\",\"customer_account\":null,\"days_until_due\":null,\"default_payment_method\":\"pm_1Sc9R4HpVJPrOqLkOXnfcKFb\",\"default_source\":null,\"default_tax_rates\":[],\"description\":null,\"discount\":null,\"discounts\":[],\"ended_at\":null,\"invoice_customer_balance_settings\":{\"consume_applied_balance_on_void\":true},\"invoice_settings\":{\"account_tax_ids\":null,\"issuer\":{\"type\":\"self\"}},\"items\":{\"object\":\"list\",\"data\":[{\"id\":\"si_TZI1SzOSrN3hIY\",\"object\":\"subscription_item\",\"billing_thresholds\":null,\"created\":1765219528,\"current_period_end\":1765305927,\"current_period_start\":1765219527,\"discounts\":[],\"metadata\":{},\"plan\":{\"id\":\"price_1SacsoHpVJPrOqLk55ldH9MX\",\"object\":\"plan\",\"active\":true,\"aggregate_usage\":null,\"amount\":1900,\"amount_decimal\":\"1900\",\"billing_scheme\":\"per_unit\",\"created\":1764856066,\"currency\":\"usd\",\"interval\":\"month\",\"interval_count\":1,\"livemode\":false,\"metadata\":{\"features\":\"[]\",\"max_scheduled_posts\":\"-1\",\"max_social_accounts\":\"10\",\"plan_id\":\"1\",\"billing_cycle\":\"monthly\",\"max_team_members\":\"1\",\"trial_days\":\"1\"},\"meter\":null,\"nickname\":null,\"product\":\"prod_TXiJ5slia0Fh1C\",\"tiers\":null,\"tiers_mode\":null,\"transform_usage\":null,\"trial_period_days\":null,\"usage_type\":\"licensed\"},\"price\":{\"id\":\"price_1SacsoHpVJPrOqLk55ldH9MX\",\"object\":\"price\",\"active\":true,\"billing_scheme\":\"per_unit\",\"created\":1764856066,\"currency\":\"usd\",\"custom_unit_amount\":null,\"livemode\":false,\"lookup_key\":null,\"metadata\":{\"features\":\"[]\",\"max_scheduled_posts\":\"-1\",\"max_social_accounts\":\"10\",\"plan_id\":\"1\",\"billing_cycle\":\"monthly\",\"max_team_members\":\"1\",\"trial_days\":\"1\"},\"nickname\":null,\"product\":\"prod_TXiJ5slia0Fh1C\",\"recurring\":{\"aggregate_usage\":null,\"interval\":\"month\",\"interval_count\":1,\"meter\":null,\"trial_period_days\":null,\"usage_type\":\"licensed\"},\"tax_behavior\":\"unspecified\",\"tiers_mode\":null,\"transform_quantity\":null,\"type\":\"recurring\",\"unit_amount\":1900,\"unit_amount_decimal\":\"1900\"},\"quantity\":1,\"subscription\":\"sub_1Sc9R5HpVJPrOqLkPt4sV5R5\",\"tax_rates\":[]}],\"has_more\":false,\"total_count\":1,\"url\":\"/v1/subscription_items?subscription=sub_1Sc9R5HpVJPrOqLkPt4sV5R5\"},\"latest_invoice\":\"in_1Sc9R5HpVJPrOqLkM1DKHuY9\",\"livemode\":false,\"metadata\":{},\"next_pending_invoice_item_invoice\":null,\"on_behalf_of\":null,\"pause_collection\":null,\"payment_settings\":{\"payment_method_options\":null,\"payment_method_types\":null,\"save_default_payment_method\":\"off\"},\"pending_invoice_item_interval\":null,\"pending_setup_intent\":null,\"pending_update\":null,\"plan\":{\"id\":\"price_1SacsoHpVJPrOqLk55ldH9MX\",\"object\":\"plan\",\"active\":true,\"aggregate_usage\":null,\"amount\":1900,\"amount_decimal\":\"1900\",\"billing_scheme\":\"per_unit\",\"created\":1764856066,\"currency\":\"usd\",\"interval\":\"month\",\"interval_count\":1,\"livemode\":false,\"metadata\":{\"features\":\"[]\",\"max_scheduled_posts\":\"-1\",\"max_social_accounts\":\"10\",\"plan_id\":\"1\",\"billing_cycle\":\"monthly\",\"max_team_members\":\"1\",\"trial_days\":\"1\"},\"meter\":null,\"nickname\":null,\"product\":\"prod_TXiJ5slia0Fh1C\",\"tiers\":null,\"tiers_mode\":null,\"transform_usage\":null,\"trial_period_days\":null,\"usage_type\":\"licensed\"},\"quantity\":1,\"schedule\":null,\"start\":1765219527,\"start_date\":1765219527,\"status\":\"trialing\",\"tax_percent\":null,\"test_clock\":null,\"transfer_data\":null,\"trial_end\":1765305927,\"trial_settings\":{\"end_behavior\":{\"missing_payment_method\":\"create_invoice\"}},\"trial_start\":1765219527}},\"livemode\":false,\"pending_webhooks\":1,\"request\":{\"id\":\"req_LgiTMvEQlilBto\",\"idempotency_key\":\"stripe-node-retry-05c64829-d8c1-455c-9ec8-796ff1b0cbaa\"},\"type\":\"customer.subscription.created\"}', 'e93a8fe80e3046c15245a55631263419a65fe10172e1232cf750c94a5509abd0', 'processed', 0, 5, '2025-12-08 18:45:30', '2025-12-08 18:45:30', NULL, NULL, NULL, NULL, 478, '[\"subscription_created_logged\"]', '[]', '::1', 1, NULL, '2025-12-08 18:45:30', '2025-12-08 18:45:30'),
(21, 'evt_1Sc9R7HpVJPrOqLk1VlxsWJe', 'invoice.payment_succeeded', '2018-05-21', 0, 'invoice', 'in_1Sc9R5HpVJPrOqLkM1DKHuY9', 'cus_TZI0IIGiL6g3IG', 'sub_1Sc9R5HpVJPrOqLkPt4sV5R5', 'in_1Sc9R5HpVJPrOqLkM1DKHuY9', NULL, '{\"id\":\"evt_1Sc9R7HpVJPrOqLk1VlxsWJe\",\"object\":\"event\",\"api_version\":\"2018-05-21\",\"created\":1765219529,\"data\":{\"object\":{\"id\":\"in_1Sc9R5HpVJPrOqLkM1DKHuY9\",\"object\":\"invoice\",\"account_country\":\"SE\",\"account_name\":\"Aronasoft\",\"account_tax_ids\":null,\"amount_due\":0,\"amount_overpaid\":0,\"amount_paid\":0,\"amount_remaining\":0,\"amount_shipping\":0,\"application\":null,\"application_fee\":null,\"attempt_count\":0,\"attempted\":true,\"auto_advance\":false,\"automatic_tax\":{\"disabled_reason\":null,\"enabled\":false,\"liability\":null,\"provider\":null,\"status\":null},\"automatically_finalizes_at\":null,\"billing\":\"charge_automatically\",\"billing_reason\":\"subscription_update\",\"charge\":null,\"closed\":true,\"collection_method\":\"charge_automatically\",\"created\":1765219527,\"currency\":\"usd\",\"custom_fields\":null,\"customer\":\"cus_TZI0IIGiL6g3IG\",\"customer_account\":null,\"customer_address\":null,\"customer_email\":\"developerw0945@gmail.com\",\"customer_name\":\"Baljeet Singh\",\"customer_phone\":\"(714) 781-4565\",\"customer_shipping\":null,\"customer_tax_exempt\":\"none\",\"customer_tax_ids\":[],\"date\":1765219527,\"default_payment_method\":null,\"default_source\":null,\"default_tax_rates\":[],\"description\":null,\"discount\":null,\"discounts\":[],\"due_date\":null,\"effective_at\":1765219527,\"ending_balance\":0,\"finalized_at\":1765219527,\"footer\":null,\"forgiven\":false,\"from_invoice\":null,\"hosted_invoice_url\":\"https://invoice.stripe.com/i/acct_1AC6lAHpVJPrOqLk/test_YWNjdF8xQUM2bEFIcFZKUHJPcUxrLF9UWkkxOHVwamdBOVB0NlFwY2czMFlhek1Hd3VDbEw3LDE1NTc2MDMyOQ0200f13RqvAq?s=ap\",\"invoice_pdf\":\"https://pay.stripe.com/invoice/acct_1AC6lAHpVJPrOqLk/test_YWNjdF8xQUM2bEFIcFZKUHJPcUxrLF9UWkkxOHVwamdBOVB0NlFwY2czMFlhek1Hd3VDbEw3LDE1NTc2MDMyOQ0200f13RqvAq/pdf?s=ap\",\"issuer\":{\"type\":\"self\"},\"last_finalization_error\":null,\"latest_revision\":null,\"lines\":{\"object\":\"list\",\"data\":[{\"id\":\"il_1Sc9R5HpVJPrOqLkKjSj9gEy\",\"object\":\"line_item\",\"amount\":0,\"amount_excluding_tax\":0,\"currency\":\"usd\",\"description\":\"Free trial for 1  Starter\",\"discount_amounts\":[],\"discountable\":true,\"discounts\":[],\"invoice\":\"in_1Sc9R5HpVJPrOqLkM1DKHuY9\",\"livemode\":false,\"metadata\":{},\"parent\":{\"invoice_item_details\":null,\"subscription_item_details\":{\"invoice_item\":null,\"proration\":false,\"proration_details\":{\"credited_items\":null},\"subscription\":\"sub_1Sc9R5HpVJPrOqLkPt4sV5R5\",\"subscription_item\":\"si_TZI1SzOSrN3hIY\"},\"type\":\"subscription_item_details\"},\"period\":{\"end\":1765305927,\"start\":1765219527},\"plan\":{\"id\":\"price_1SacsoHpVJPrOqLk55ldH9MX\",\"object\":\"plan\",\"active\":true,\"aggregate_usage\":null,\"amount\":1900,\"amount_decimal\":\"1900\",\"billing_scheme\":\"per_unit\",\"created\":1764856066,\"currency\":\"usd\",\"interval\":\"month\",\"interval_count\":1,\"livemode\":false,\"metadata\":{\"features\":\"[]\",\"max_scheduled_posts\":\"-1\",\"max_social_accounts\":\"10\",\"plan_id\":\"1\",\"billing_cycle\":\"monthly\",\"max_team_members\":\"1\",\"trial_days\":\"1\"},\"meter\":null,\"nickname\":null,\"product\":\"prod_TXiJ5slia0Fh1C\",\"tiers\":null,\"tiers_mode\":null,\"transform_usage\":null,\"trial_period_days\":null,\"usage_type\":\"licensed\"},\"pretax_credit_amounts\":[],\"price\":{\"id\":\"price_1SacsoHpVJPrOqLk55ldH9MX\",\"object\":\"price\",\"active\":true,\"billing_scheme\":\"per_unit\",\"created\":1764856066,\"currency\":\"usd\",\"custom_unit_amount\":null,\"livemode\":false,\"lookup_key\":null,\"metadata\":{\"features\":\"[]\",\"max_scheduled_posts\":\"-1\",\"max_social_accounts\":\"10\",\"plan_id\":\"1\",\"billing_cycle\":\"monthly\",\"max_team_members\":\"1\",\"trial_days\":\"1\"},\"nickname\":null,\"product\":\"prod_TXiJ5slia0Fh1C\",\"recurring\":{\"aggregate_usage\":null,\"interval\":\"month\",\"interval_count\":1,\"meter\":null,\"trial_period_days\":null,\"usage_type\":\"licensed\"},\"tax_behavior\":\"unspecified\",\"tiers_mode\":null,\"transform_quantity\":null,\"type\":\"recurring\",\"unit_amount\":1900,\"unit_amount_decimal\":\"1900\"},\"pricing\":{\"price_details\":{\"price\":\"price_1SacsoHpVJPrOqLk55ldH9MX\",\"product\":\"prod_TXiJ5slia0Fh1C\"},\"type\":\"price_details\",\"unit_amount_decimal\":\"0\"},\"proration\":false,\"proration_details\":{\"credited_items\":null},\"quantity\":1,\"subscription\":\"sub_1Sc9R5HpVJPrOqLkPt4sV5R5\",\"subscription_item\":\"si_TZI1SzOSrN3hIY\",\"tax_amounts\":[],\"tax_rates\":[],\"taxes\":[],\"type\":\"subscription\",\"unique_id\":\"il_1Sc9R5HpVJPrOqLkKjSj9gEy\",\"unit_amount_excluding_tax\":\"0\"}],\"has_more\":false,\"total_count\":1,\"url\":\"/v1/invoices/in_1Sc9R5HpVJPrOqLkM1DKHuY9/lines\"},\"livemode\":false,\"metadata\":{},\"next_payment_attempt\":null,\"number\":\"ITYFUTSR-0001\",\"on_behalf_of\":null,\"paid\":true,\"paid_out_of_band\":false,\"parent\":{\"quote_details\":null,\"subscription_details\":{\"metadata\":{},\"subscription\":\"sub_1Sc9R5HpVJPrOqLkPt4sV5R5\"},\"type\":\"subscription_details\"},\"payment_intent\":null,\"payment_settings\":{\"default_mandate\":null,\"payment_method_options\":null,\"payment_method_types\":null},\"period_end\":1765219527,\"period_start\":1765219527,\"post_payment_credit_notes_amount\":0,\"pre_payment_credit_notes_amount\":0,\"quote\":null,\"receipt_number\":null,\"rendering\":null,\"rendering_options\":null,\"shipping_cost\":null,\"shipping_details\":null,\"starting_balance\":0,\"statement_descriptor\":null,\"status\":\"paid\",\"status_transitions\":{\"finalized_at\":1765219527,\"marked_uncollectible_at\":null,\"paid_at\":1765219527,\"voided_at\":null},\"subscription\":\"sub_1Sc9R5HpVJPrOqLkPt4sV5R5\",\"subscription_details\":{\"metadata\":{}},\"subtotal\":0,\"subtotal_excluding_tax\":0,\"tax\":null,\"tax_percent\":null,\"test_clock\":null,\"total\":0,\"total_discount_amounts\":[],\"total_excluding_tax\":0,\"total_pretax_credit_amounts\":[],\"total_tax_amounts\":[],\"total_taxes\":[],\"transfer_data\":null,\"webhooks_delivered_at\":1765219527}},\"livemode\":false,\"pending_webhooks\":1,\"request\":{\"id\":\"req_LgiTMvEQlilBto\",\"idempotency_key\":\"stripe-node-retry-05c64829-d8c1-455c-9ec8-796ff1b0cbaa\"},\"type\":\"invoice.payment_succeeded\"}', '18a4e17bfb07e0be4ce89232c2a165cce474990749acb33dc27acf353bbbef91', 'processed', 0, 5, '2025-12-08 18:45:30', '2025-12-08 18:45:33', NULL, NULL, NULL, NULL, 3190, '[\"payment_succeeded\"]', '[{\"type\":\"transaction\",\"id\":2,\"action\":\"created\"}]', '::ffff:127.0.0.1', 1, NULL, '2025-12-08 18:45:30', '2025-12-08 18:45:33'),
(22, 'evt_1ScRVWHpVJPrOqLkdVMXk5Jf', 'payment_method.attached', '2018-05-21', 0, 'payment_method', 'pm_1ScRVVHpVJPrOqLkOYMy32bv', 'cus_TZagUWYu5xfAq9', NULL, NULL, NULL, '{\"id\":\"evt_1ScRVWHpVJPrOqLkdVMXk5Jf\",\"object\":\"event\",\"api_version\":\"2018-05-21\",\"created\":1765288994,\"data\":{\"object\":{\"id\":\"pm_1ScRVVHpVJPrOqLkOYMy32bv\",\"object\":\"payment_method\",\"allow_redisplay\":\"unspecified\",\"billing_details\":{\"address\":{\"city\":null,\"country\":\"IN\",\"line1\":null,\"line2\":null,\"postal_code\":null,\"state\":null},\"email\":\"sudhirkundal007@gmail.com\",\"name\":\"Sudhir kundal\",\"phone\":\"(600) 523-4491\",\"tax_id\":null},\"card\":{\"brand\":\"visa\",\"checks\":{\"address_line1_check\":null,\"address_postal_code_check\":null,\"cvc_check\":\"pass\"},\"country\":\"US\",\"display_brand\":\"visa\",\"exp_month\":10,\"exp_year\":2039,\"fingerprint\":\"G95Ez9iUIsKX1A0j\",\"funding\":\"credit\",\"generated_from\":null,\"last4\":\"1111\",\"networks\":{\"available\":[\"visa\"],\"preferred\":null},\"regulated_status\":\"unregulated\",\"three_d_secure_usage\":{\"supported\":true},\"wallet\":{\"dynamic_last4\":null,\"link\":{},\"type\":\"link\"}},\"created\":1765288993,\"customer\":\"cus_TZagUWYu5xfAq9\",\"customer_account\":null,\"livemode\":false,\"metadata\":{},\"type\":\"card\"}},\"livemode\":false,\"pending_webhooks\":1,\"request\":{\"id\":\"req_DkhiY1itCkOynh\",\"idempotency_key\":\"5803023e-583a-41c5-acba-7d32f4ab6fac\"},\"type\":\"payment_method.attached\"}', '6757825614692ff0b50b586e99d3ce22a155771242068457ea8bb369fa3e9b92', 'processed', 0, 5, '2025-12-09 14:03:15', '2025-12-09 14:03:17', NULL, NULL, NULL, NULL, 1989, '[\"payment_method_added\"]', '[]', '::1', 1, NULL, '2025-12-09 14:03:15', '2025-12-09 14:03:17'),
(23, 'evt_1ScRVZHpVJPrOqLkzrCJ0M8v', 'customer.subscription.created', '2018-05-21', 0, 'subscription', 'sub_1ScRVYHpVJPrOqLkj9vJJOTJ', 'cus_TZagUWYu5xfAq9', 'sub_1ScRVYHpVJPrOqLkj9vJJOTJ', NULL, NULL, '{\"id\":\"evt_1ScRVZHpVJPrOqLkzrCJ0M8v\",\"object\":\"event\",\"api_version\":\"2018-05-21\",\"created\":1765288997,\"data\":{\"object\":{\"id\":\"sub_1ScRVYHpVJPrOqLkj9vJJOTJ\",\"object\":\"subscription\",\"application\":null,\"application_fee_percent\":null,\"automatic_tax\":{\"disabled_reason\":null,\"enabled\":false,\"liability\":null},\"billing\":\"charge_automatically\",\"billing_cycle_anchor\":1766498596,\"billing_cycle_anchor_config\":null,\"billing_mode\":{\"flexible\":{\"proration_discounts\":\"included\"},\"type\":\"flexible\",\"updated_at\":1765288996},\"billing_thresholds\":null,\"cancel_at\":null,\"cancel_at_period_end\":false,\"canceled_at\":null,\"cancellation_details\":{\"comment\":null,\"feedback\":null,\"reason\":null},\"collection_method\":\"charge_automatically\",\"created\":1765288996,\"currency\":\"usd\",\"current_period_end\":1766498596,\"current_period_start\":1765288996,\"customer\":\"cus_TZagUWYu5xfAq9\",\"customer_account\":null,\"days_until_due\":null,\"default_payment_method\":\"pm_1ScRVVHpVJPrOqLkOYMy32bv\",\"default_source\":null,\"default_tax_rates\":[],\"description\":null,\"discount\":null,\"discounts\":[],\"ended_at\":null,\"invoice_customer_balance_settings\":{\"consume_applied_balance_on_void\":true},\"invoice_settings\":{\"account_tax_ids\":null,\"issuer\":{\"type\":\"self\"}},\"items\":{\"object\":\"list\",\"data\":[{\"id\":\"si_TZagXtdwTBFEH5\",\"object\":\"subscription_item\",\"billing_thresholds\":null,\"created\":1765288996,\"current_period_end\":1766498596,\"current_period_start\":1765288996,\"discounts\":[],\"metadata\":{},\"plan\":{\"id\":\"price_1Sact6HpVJPrOqLkhjeGEJKT\",\"object\":\"plan\",\"active\":true,\"aggregate_usage\":null,\"amount\":4900,\"amount_decimal\":\"4900\",\"billing_scheme\":\"per_unit\",\"created\":1764856084,\"currency\":\"usd\",\"interval\":\"month\",\"interval_count\":1,\"livemode\":false,\"metadata\":{\"features\":\"[]\",\"max_scheduled_posts\":\"-1\",\"max_social_accounts\":\"20\",\"plan_id\":\"2\",\"max_team_members\":\"9\",\"billing_cycle\":\"monthly\",\"trial_days\":\"14\"},\"meter\":null,\"nickname\":null,\"product\":\"prod_TXiJlEROBCoHcX\",\"tiers\":null,\"tiers_mode\":null,\"transform_usage\":null,\"trial_period_days\":null,\"usage_type\":\"licensed\"},\"price\":{\"id\":\"price_1Sact6HpVJPrOqLkhjeGEJKT\",\"object\":\"price\",\"active\":true,\"billing_scheme\":\"per_unit\",\"created\":1764856084,\"currency\":\"usd\",\"custom_unit_amount\":null,\"livemode\":false,\"lookup_key\":null,\"metadata\":{\"features\":\"[]\",\"max_scheduled_posts\":\"-1\",\"max_social_accounts\":\"20\",\"plan_id\":\"2\",\"max_team_members\":\"9\",\"billing_cycle\":\"monthly\",\"trial_days\":\"14\"},\"nickname\":null,\"product\":\"prod_TXiJlEROBCoHcX\",\"recurring\":{\"aggregate_usage\":null,\"interval\":\"month\",\"interval_count\":1,\"meter\":null,\"trial_period_days\":null,\"usage_type\":\"licensed\"},\"tax_behavior\":\"unspecified\",\"tiers_mode\":null,\"transform_quantity\":null,\"type\":\"recurring\",\"unit_amount\":4900,\"unit_amount_decimal\":\"4900\"},\"quantity\":1,\"subscription\":\"sub_1ScRVYHpVJPrOqLkj9vJJOTJ\",\"tax_rates\":[]}],\"has_more\":false,\"total_count\":1,\"url\":\"/v1/subscription_items?subscription=sub_1ScRVYHpVJPrOqLkj9vJJOTJ\"},\"latest_invoice\":\"in_1ScRVYHpVJPrOqLkgzdQ4gqR\",\"livemode\":false,\"metadata\":{},\"next_pending_invoice_item_invoice\":null,\"on_behalf_of\":null,\"pause_collection\":null,\"payment_settings\":{\"payment_method_options\":null,\"payment_method_types\":null,\"save_default_payment_method\":\"off\"},\"pending_invoice_item_interval\":null,\"pending_setup_intent\":null,\"pending_update\":null,\"plan\":{\"id\":\"price_1Sact6HpVJPrOqLkhjeGEJKT\",\"object\":\"plan\",\"active\":true,\"aggregate_usage\":null,\"amount\":4900,\"amount_decimal\":\"4900\",\"billing_scheme\":\"per_unit\",\"created\":1764856084,\"currency\":\"usd\",\"interval\":\"month\",\"interval_count\":1,\"livemode\":false,\"metadata\":{\"features\":\"[]\",\"max_scheduled_posts\":\"-1\",\"max_social_accounts\":\"20\",\"plan_id\":\"2\",\"max_team_members\":\"9\",\"billing_cycle\":\"monthly\",\"trial_days\":\"14\"},\"meter\":null,\"nickname\":null,\"product\":\"prod_TXiJlEROBCoHcX\",\"tiers\":null,\"tiers_mode\":null,\"transform_usage\":null,\"trial_period_days\":null,\"usage_type\":\"licensed\"},\"quantity\":1,\"schedule\":null,\"start\":1765288996,\"start_date\":1765288996,\"status\":\"trialing\",\"tax_percent\":null,\"test_clock\":null,\"transfer_data\":null,\"trial_end\":1766498596,\"trial_settings\":{\"end_behavior\":{\"missing_payment_method\":\"create_invoice\"}},\"trial_start\":1765288996}},\"livemode\":false,\"pending_webhooks\":1,\"request\":{\"id\":\"req_bGl3S5BGIfw2Oh\",\"idempotency_key\":\"stripe-node-retry-a656739a-39ad-4cea-989e-8b9badd7fa4f\"},\"type\":\"customer.subscription.created\"}', '27c1b434e132dd393e31229bf3c141237274df7ec036fe46755cd65b4e7cf8cf', 'processed', 0, 5, '2025-12-09 14:03:18', '2025-12-09 14:03:19', NULL, NULL, NULL, NULL, 505, '[\"subscription_created_logged\"]', '[]', '::ffff:127.0.0.1', 1, NULL, '2025-12-09 14:03:18', '2025-12-09 14:03:19'),
(24, 'evt_1ScRVaHpVJPrOqLkNRXH8jxb', 'invoice.payment_succeeded', '2018-05-21', 0, 'invoice', 'in_1ScRVYHpVJPrOqLkgzdQ4gqR', 'cus_TZagUWYu5xfAq9', 'sub_1ScRVYHpVJPrOqLkj9vJJOTJ', 'in_1ScRVYHpVJPrOqLkgzdQ4gqR', NULL, '{\"id\":\"evt_1ScRVaHpVJPrOqLkNRXH8jxb\",\"object\":\"event\",\"api_version\":\"2018-05-21\",\"created\":1765288997,\"data\":{\"object\":{\"id\":\"in_1ScRVYHpVJPrOqLkgzdQ4gqR\",\"object\":\"invoice\",\"account_country\":\"SE\",\"account_name\":\"Aronasoft\",\"account_tax_ids\":null,\"amount_due\":0,\"amount_overpaid\":0,\"amount_paid\":0,\"amount_remaining\":0,\"amount_shipping\":0,\"application\":null,\"application_fee\":null,\"attempt_count\":0,\"attempted\":true,\"auto_advance\":false,\"automatic_tax\":{\"disabled_reason\":null,\"enabled\":false,\"liability\":null,\"provider\":null,\"status\":null},\"automatically_finalizes_at\":null,\"billing\":\"charge_automatically\",\"billing_reason\":\"subscription_update\",\"charge\":null,\"closed\":true,\"collection_method\":\"charge_automatically\",\"created\":1765288996,\"currency\":\"usd\",\"custom_fields\":null,\"customer\":\"cus_TZagUWYu5xfAq9\",\"customer_account\":null,\"customer_address\":null,\"customer_email\":\"sudhirkundal007@gmail.com\",\"customer_name\":\"Sudhir kundal\",\"customer_phone\":\"(600) 523-4491\",\"customer_shipping\":null,\"customer_tax_exempt\":\"none\",\"customer_tax_ids\":[],\"date\":1765288996,\"default_payment_method\":null,\"default_source\":null,\"default_tax_rates\":[],\"description\":null,\"discount\":null,\"discounts\":[],\"due_date\":null,\"effective_at\":1765288996,\"ending_balance\":0,\"finalized_at\":1765288996,\"footer\":null,\"forgiven\":false,\"from_invoice\":null,\"hosted_invoice_url\":\"https://invoice.stripe.com/i/acct_1AC6lAHpVJPrOqLk/test_YWNjdF8xQUM2bEFIcFZKUHJPcUxrLF9UWmFnemJyUVlwRlJPNENPcVlvaVc0RFJYN1Q5YVk2LDE1NTgyOTc5OA0200VkLQk2qC?s=ap\",\"invoice_pdf\":\"https://pay.stripe.com/invoice/acct_1AC6lAHpVJPrOqLk/test_YWNjdF8xQUM2bEFIcFZKUHJPcUxrLF9UWmFnemJyUVlwRlJPNENPcVlvaVc0RFJYN1Q5YVk2LDE1NTgyOTc5OA0200VkLQk2qC/pdf?s=ap\",\"issuer\":{\"type\":\"self\"},\"last_finalization_error\":null,\"latest_revision\":null,\"lines\":{\"object\":\"list\",\"data\":[{\"id\":\"il_1ScRVYHpVJPrOqLkVzCA2oPd\",\"object\":\"line_item\",\"amount\":0,\"amount_excluding_tax\":0,\"currency\":\"usd\",\"description\":\"Free trial for 1  Growth\",\"discount_amounts\":[],\"discountable\":true,\"discounts\":[],\"invoice\":\"in_1ScRVYHpVJPrOqLkgzdQ4gqR\",\"livemode\":false,\"metadata\":{},\"parent\":{\"invoice_item_details\":null,\"subscription_item_details\":{\"invoice_item\":null,\"proration\":false,\"proration_details\":{\"credited_items\":null},\"subscription\":\"sub_1ScRVYHpVJPrOqLkj9vJJOTJ\",\"subscription_item\":\"si_TZagXtdwTBFEH5\"},\"type\":\"subscription_item_details\"},\"period\":{\"end\":1766498596,\"start\":1765288996},\"plan\":{\"id\":\"price_1Sact6HpVJPrOqLkhjeGEJKT\",\"object\":\"plan\",\"active\":true,\"aggregate_usage\":null,\"amount\":4900,\"amount_decimal\":\"4900\",\"billing_scheme\":\"per_unit\",\"created\":1764856084,\"currency\":\"usd\",\"interval\":\"month\",\"interval_count\":1,\"livemode\":false,\"metadata\":{\"features\":\"[]\",\"max_scheduled_posts\":\"-1\",\"max_social_accounts\":\"20\",\"plan_id\":\"2\",\"max_team_members\":\"9\",\"billing_cycle\":\"monthly\",\"trial_days\":\"14\"},\"meter\":null,\"nickname\":null,\"product\":\"prod_TXiJlEROBCoHcX\",\"tiers\":null,\"tiers_mode\":null,\"transform_usage\":null,\"trial_period_days\":null,\"usage_type\":\"licensed\"},\"pretax_credit_amounts\":[],\"price\":{\"id\":\"price_1Sact6HpVJPrOqLkhjeGEJKT\",\"object\":\"price\",\"active\":true,\"billing_scheme\":\"per_unit\",\"created\":1764856084,\"currency\":\"usd\",\"custom_unit_amount\":null,\"livemode\":false,\"lookup_key\":null,\"metadata\":{\"features\":\"[]\",\"max_scheduled_posts\":\"-1\",\"max_social_accounts\":\"20\",\"plan_id\":\"2\",\"max_team_members\":\"9\",\"billing_cycle\":\"monthly\",\"trial_days\":\"14\"},\"nickname\":null,\"product\":\"prod_TXiJlEROBCoHcX\",\"recurring\":{\"aggregate_usage\":null,\"interval\":\"month\",\"interval_count\":1,\"meter\":null,\"trial_period_days\":null,\"usage_type\":\"licensed\"},\"tax_behavior\":\"unspecified\",\"tiers_mode\":null,\"transform_quantity\":null,\"type\":\"recurring\",\"unit_amount\":4900,\"unit_amount_decimal\":\"4900\"},\"pricing\":{\"price_details\":{\"price\":\"price_1Sact6HpVJPrOqLkhjeGEJKT\",\"product\":\"prod_TXiJlEROBCoHcX\"},\"type\":\"price_details\",\"unit_amount_decimal\":\"0\"},\"proration\":false,\"proration_details\":{\"credited_items\":null},\"quantity\":1,\"subscription\":\"sub_1ScRVYHpVJPrOqLkj9vJJOTJ\",\"subscription_item\":\"si_TZagXtdwTBFEH5\",\"tax_amounts\":[],\"tax_rates\":[],\"taxes\":[],\"type\":\"subscription\",\"unique_id\":\"il_1ScRVYHpVJPrOqLkVzCA2oPd\",\"unit_amount_excluding_tax\":\"0\"}],\"has_more\":false,\"total_count\":1,\"url\":\"/v1/invoices/in_1ScRVYHpVJPrOqLkgzdQ4gqR/lines\"},\"livemode\":false,\"metadata\":{},\"next_payment_attempt\":null,\"number\":\"DPHLH33J-0001\",\"on_behalf_of\":null,\"paid\":true,\"paid_out_of_band\":false,\"parent\":{\"quote_details\":null,\"subscription_details\":{\"metadata\":{},\"subscription\":\"sub_1ScRVYHpVJPrOqLkj9vJJOTJ\"},\"type\":\"subscription_details\"},\"payment_intent\":null,\"payment_settings\":{\"default_mandate\":null,\"payment_method_options\":null,\"payment_method_types\":null},\"period_end\":1765288996,\"period_start\":1765288996,\"post_payment_credit_notes_amount\":0,\"pre_payment_credit_notes_amount\":0,\"quote\":null,\"receipt_number\":null,\"rendering\":null,\"rendering_options\":null,\"shipping_cost\":null,\"shipping_details\":null,\"starting_balance\":0,\"statement_descriptor\":null,\"status\":\"paid\",\"status_transitions\":{\"finalized_at\":1765288996,\"marked_uncollectible_at\":null,\"paid_at\":1765288996,\"voided_at\":null},\"subscription\":\"sub_1ScRVYHpVJPrOqLkj9vJJOTJ\",\"subscription_details\":{\"metadata\":{}},\"subtotal\":0,\"subtotal_excluding_tax\":0,\"tax\":null,\"tax_percent\":null,\"test_clock\":null,\"total\":0,\"total_discount_amounts\":[],\"total_excluding_tax\":0,\"total_pretax_credit_amounts\":[],\"total_tax_amounts\":[],\"total_taxes\":[],\"transfer_data\":null,\"webhooks_delivered_at\":1765288996}},\"livemode\":false,\"pending_webhooks\":1,\"request\":{\"id\":\"req_bGl3S5BGIfw2Oh\",\"idempotency_key\":\"stripe-node-retry-a656739a-39ad-4cea-989e-8b9badd7fa4f\"},\"type\":\"invoice.payment_succeeded\"}', '5d0c1be3a16251c8d5aaee9284b7354b46c05197306d0c34ad7066b5ec64a612', 'processed', 0, 5, '2025-12-09 14:03:19', '2025-12-09 14:03:22', NULL, NULL, NULL, NULL, 3632, '[\"payment_succeeded\"]', '[{\"type\":\"transaction\",\"id\":3,\"action\":\"created\"}]', '::1', 1, NULL, '2025-12-09 14:03:19', '2025-12-09 14:03:22'),
(25, 'evt_1ScVvMHpVJPrOqLkVgjb770Q', 'customer.subscription.updated', '2018-05-21', 0, 'subscription', 'sub_1Sc9R5HpVJPrOqLkPt4sV5R5', 'cus_TZI0IIGiL6g3IG', 'sub_1Sc9R5HpVJPrOqLkPt4sV5R5', NULL, NULL, '{\"id\":\"evt_1ScVvMHpVJPrOqLkVgjb770Q\",\"object\":\"event\",\"api_version\":\"2018-05-21\",\"created\":1765305972,\"data\":{\"object\":{\"id\":\"sub_1Sc9R5HpVJPrOqLkPt4sV5R5\",\"object\":\"subscription\",\"application\":null,\"application_fee_percent\":null,\"automatic_tax\":{\"disabled_reason\":null,\"enabled\":false,\"liability\":null},\"billing\":\"charge_automatically\",\"billing_cycle_anchor\":1765305927,\"billing_cycle_anchor_config\":null,\"billing_mode\":{\"flexible\":{\"proration_discounts\":\"included\"},\"type\":\"flexible\",\"updated_at\":1765219527},\"billing_thresholds\":null,\"cancel_at\":null,\"cancel_at_period_end\":false,\"canceled_at\":null,\"cancellation_details\":{\"comment\":null,\"feedback\":null,\"reason\":null},\"collection_method\":\"charge_automatically\",\"created\":1765219527,\"currency\":\"usd\",\"current_period_end\":1767984327,\"current_period_start\":1765305927,\"customer\":\"cus_TZI0IIGiL6g3IG\",\"customer_account\":null,\"days_until_due\":null,\"default_payment_method\":\"pm_1Sc9R4HpVJPrOqLkOXnfcKFb\",\"default_source\":null,\"default_tax_rates\":[],\"description\":null,\"discount\":null,\"discounts\":[],\"ended_at\":null,\"invoice_customer_balance_settings\":{\"consume_applied_balance_on_void\":true},\"invoice_settings\":{\"account_tax_ids\":null,\"issuer\":{\"type\":\"self\"}},\"items\":{\"object\":\"list\",\"data\":[{\"id\":\"si_TZI1SzOSrN3hIY\",\"object\":\"subscription_item\",\"billing_thresholds\":null,\"created\":1765219528,\"current_period_end\":1767984327,\"current_period_start\":1765305927,\"discounts\":[],\"metadata\":{},\"plan\":{\"id\":\"price_1SacsoHpVJPrOqLk55ldH9MX\",\"object\":\"plan\",\"active\":true,\"aggregate_usage\":null,\"amount\":1900,\"amount_decimal\":\"1900\",\"billing_scheme\":\"per_unit\",\"created\":1764856066,\"currency\":\"usd\",\"interval\":\"month\",\"interval_count\":1,\"livemode\":false,\"metadata\":{\"features\":\"[]\",\"max_scheduled_posts\":\"-1\",\"max_social_accounts\":\"10\",\"plan_id\":\"1\",\"billing_cycle\":\"monthly\",\"max_team_members\":\"1\",\"trial_days\":\"1\"},\"meter\":null,\"nickname\":null,\"product\":\"prod_TXiJ5slia0Fh1C\",\"tiers\":null,\"tiers_mode\":null,\"transform_usage\":null,\"trial_period_days\":null,\"usage_type\":\"licensed\"},\"price\":{\"id\":\"price_1SacsoHpVJPrOqLk55ldH9MX\",\"object\":\"price\",\"active\":true,\"billing_scheme\":\"per_unit\",\"created\":1764856066,\"currency\":\"usd\",\"custom_unit_amount\":null,\"livemode\":false,\"lookup_key\":null,\"metadata\":{\"features\":\"[]\",\"max_scheduled_posts\":\"-1\",\"max_social_accounts\":\"10\",\"plan_id\":\"1\",\"billing_cycle\":\"monthly\",\"max_team_members\":\"1\",\"trial_days\":\"1\"},\"nickname\":null,\"product\":\"prod_TXiJ5slia0Fh1C\",\"recurring\":{\"aggregate_usage\":null,\"interval\":\"month\",\"interval_count\":1,\"meter\":null,\"trial_period_days\":null,\"usage_type\":\"licensed\"},\"tax_behavior\":\"unspecified\",\"tiers_mode\":null,\"transform_quantity\":null,\"type\":\"recurring\",\"unit_amount\":1900,\"unit_amount_decimal\":\"1900\"},\"quantity\":1,\"subscription\":\"sub_1Sc9R5HpVJPrOqLkPt4sV5R5\",\"tax_rates\":[]}],\"has_more\":false,\"total_count\":1,\"url\":\"/v1/subscription_items?subscription=sub_1Sc9R5HpVJPrOqLkPt4sV5R5\"},\"latest_invoice\":\"in_1ScVvLHpVJPrOqLkfrH90sg2\",\"livemode\":false,\"metadata\":{},\"next_pending_invoice_item_invoice\":null,\"on_behalf_of\":null,\"pause_collection\":null,\"payment_settings\":{\"payment_method_options\":null,\"payment_method_types\":null,\"save_default_payment_method\":\"off\"},\"pending_invoice_item_interval\":null,\"pending_setup_intent\":null,\"pending_update\":null,\"plan\":{\"id\":\"price_1SacsoHpVJPrOqLk55ldH9MX\",\"object\":\"plan\",\"active\":true,\"aggregate_usage\":null,\"amount\":1900,\"amount_decimal\":\"1900\",\"billing_scheme\":\"per_unit\",\"created\":1764856066,\"currency\":\"usd\",\"interval\":\"month\",\"interval_count\":1,\"livemode\":false,\"metadata\":{\"features\":\"[]\",\"max_scheduled_posts\":\"-1\",\"max_social_accounts\":\"10\",\"plan_id\":\"1\",\"billing_cycle\":\"monthly\",\"max_team_members\":\"1\",\"trial_days\":\"1\"},\"meter\":null,\"nickname\":null,\"product\":\"prod_TXiJ5slia0Fh1C\",\"tiers\":null,\"tiers_mode\":null,\"transform_usage\":null,\"trial_period_days\":null,\"usage_type\":\"licensed\"},\"quantity\":1,\"schedule\":null,\"start\":1765219527,\"start_date\":1765219527,\"status\":\"active\",\"tax_percent\":null,\"test_clock\":null,\"transfer_data\":null,\"trial_end\":1765305927,\"trial_settings\":{\"end_behavior\":{\"missing_payment_method\":\"create_invoice\"}},\"trial_start\":1765219527},\"previous_attributes\":{\"current_period_end\":1765305927,\"current_period_start\":1765219527,\"items\":{\"data\":[{\"id\":\"si_TZI1SzOSrN3hIY\",\"object\":\"subscription_item\",\"billing_thresholds\":null,\"created\":1765219528,\"current_period_end\":1765305927,\"current_period_start\":1765219527,\"discounts\":[],\"metadata\":{},\"plan\":{\"id\":\"price_1SacsoHpVJPrOqLk55ldH9MX\",\"object\":\"plan\",\"active\":true,\"aggregate_usage\":null,\"amount\":1900,\"amount_decimal\":\"1900\",\"billing_scheme\":\"per_unit\",\"created\":1764856066,\"currency\":\"usd\",\"interval\":\"month\",\"interval_count\":1,\"livemode\":false,\"metadata\":{\"features\":\"[]\",\"max_scheduled_posts\":\"-1\",\"max_social_accounts\":\"10\",\"plan_id\":\"1\",\"billing_cycle\":\"monthly\",\"max_team_members\":\"1\",\"trial_days\":\"1\"},\"meter\":null,\"nickname\":null,\"product\":\"prod_TXiJ5slia0Fh1C\",\"tiers\":null,\"tiers_mode\":null,\"transform_usage\":null,\"trial_period_days\":null,\"usage_type\":\"licensed\"},\"price\":{\"id\":\"price_1SacsoHpVJPrOqLk55ldH9MX\",\"object\":\"price\",\"active\":true,\"billing_scheme\":\"per_unit\",\"created\":1764856066,\"currency\":\"usd\",\"custom_unit_amount\":null,\"livemode\":false,\"lookup_key\":null,\"metadata\":{\"features\":\"[]\",\"max_scheduled_posts\":\"-1\",\"max_social_accounts\":\"10\",\"plan_id\":\"1\",\"billing_cycle\":\"monthly\",\"max_team_members\":\"1\",\"trial_days\":\"1\"},\"nickname\":null,\"product\":\"prod_TXiJ5slia0Fh1C\",\"recurring\":{\"aggregate_usage\":null,\"interval\":\"month\",\"interval_count\":1,\"meter\":null,\"trial_period_days\":null,\"usage_type\":\"licensed\"},\"tax_behavior\":\"unspecified\",\"tiers_mode\":null,\"transform_quantity\":null,\"type\":\"recurring\",\"unit_amount\":1900,\"unit_amount_decimal\":\"1900\"},\"quantity\":1,\"subscription\":\"sub_1Sc9R5HpVJPrOqLkPt4sV5R5\",\"tax_rates\":[]}]},\"latest_invoice\":\"in_1Sc9R5HpVJPrOqLkM1DKHuY9\",\"status\":\"trialing\"}},\"livemode\":false,\"pending_webhooks\":1,\"request\":{\"id\":null,\"idempotency_key\":null},\"type\":\"customer.subscription.updated\"}', 'a56a0153cdf02592aae0b245909878793b94f6d15fe40dda1655efd284450b8d', 'processed', 0, 5, '2025-12-09 18:46:13', '2025-12-09 18:46:15', NULL, NULL, NULL, NULL, 2449, '[\"subscription_updated\"]', '[{\"type\":\"subscription\",\"id\":2}]', '::ffff:127.0.0.1', 1, NULL, '2025-12-09 18:46:13', '2025-12-09 18:46:15'),
(26, 'evt_3ScWriHpVJPrOqLk0LZPtEY0', 'payment_intent.succeeded', '2018-05-21', 0, 'payment_intent', 'pi_3ScWriHpVJPrOqLk05vb5Ove', 'cus_TZI0IIGiL6g3IG', NULL, 'in_1ScVvLHpVJPrOqLkfrH90sg2', NULL, '{\"id\":\"evt_3ScWriHpVJPrOqLk0LZPtEY0\",\"object\":\"event\",\"api_version\":\"2018-05-21\",\"created\":1765309592,\"data\":{\"object\":{\"id\":\"pi_3ScWriHpVJPrOqLk05vb5Ove\",\"object\":\"payment_intent\",\"allowed_source_types\":[\"card\",\"link\"],\"amount\":1900,\"amount_capturable\":0,\"amount_details\":{\"tip\":{}},\"amount_received\":1900,\"application\":null,\"application_fee_amount\":null,\"automatic_payment_methods\":null,\"canceled_at\":null,\"cancellation_reason\":null,\"capture_method\":\"automatic\",\"charges\":{\"object\":\"list\",\"data\":[{\"id\":\"ch_3ScWriHpVJPrOqLk09LoPho1\",\"object\":\"charge\",\"amount\":1900,\"amount_captured\":1900,\"amount_refunded\":0,\"application\":null,\"application_fee\":null,\"application_fee_amount\":null,\"balance_transaction\":\"txn_3ScWriHpVJPrOqLk0KFHz1GD\",\"billing_details\":{\"address\":{\"city\":null,\"country\":\"IN\",\"line1\":null,\"line2\":null,\"postal_code\":null,\"state\":null},\"email\":\"developerw0945@gmail.com\",\"name\":\"Baljeet Singh\",\"phone\":\"(714) 781-4565\",\"tax_id\":null},\"calculated_statement_descriptor\":\"SHIPPO\",\"captured\":true,\"created\":1765309592,\"currency\":\"usd\",\"customer\":\"cus_TZI0IIGiL6g3IG\",\"description\":\"Invoice ITYFUTSR-0002\",\"destination\":null,\"dispute\":null,\"disputed\":false,\"failure_balance_transaction\":null,\"failure_code\":null,\"failure_message\":null,\"fraud_details\":{},\"invoice\":\"in_1ScVvLHpVJPrOqLkfrH90sg2\",\"livemode\":false,\"metadata\":{},\"on_behalf_of\":null,\"order\":null,\"outcome\":{\"advice_code\":null,\"network_advice_code\":null,\"network_decline_code\":null,\"network_status\":\"approved_by_network\",\"reason\":null,\"risk_level\":\"normal\",\"risk_score\":58,\"seller_message\":\"Payment complete.\",\"type\":\"authorized\"},\"paid\":true,\"payment_intent\":\"pi_3ScWriHpVJPrOqLk05vb5Ove\",\"payment_method\":\"pm_1Sc9R4HpVJPrOqLkOXnfcKFb\",\"payment_method_details\":{\"card\":{\"amount_authorized\":1900,\"authorization_code\":\"738017\",\"brand\":\"visa\",\"checks\":{\"address_line1_check\":null,\"address_postal_code_check\":null,\"cvc_check\":null},\"country\":\"US\",\"exp_month\":2,\"exp_year\":2034,\"extended_authorization\":{\"status\":\"disabled\"},\"fingerprint\":\"G95Ez9iUIsKX1A0j\",\"funding\":\"credit\",\"incremental_authorization\":{\"status\":\"unavailable\"},\"installments\":null,\"last4\":\"1111\",\"mandate\":null,\"multicapture\":{\"status\":\"unavailable\"},\"network\":\"visa\",\"network_token\":{\"used\":false},\"network_transaction_id\":\"715753691225710\",\"overcapture\":{\"maximum_amount_capturable\":1900,\"status\":\"unavailable\"},\"regulated_status\":\"unregulated\",\"three_d_secure\":null,\"wallet\":null},\"type\":\"card\"},\"radar_options\":{},\"receipt_email\":\"developerw0945@gmail.com\",\"receipt_number\":null,\"receipt_url\":\"https://pay.stripe.com/receipts/invoices/CAcaFwoVYWNjdF8xQUM2bEFIcFZKUHJPcUxrKJn54ckGMgZos5Yl70Y6LBZLxy03zup4UIZAHLYr6xV4gp06oCIMGuPl13kejVfk-KgEMjuk6OXtRRa5?s=ap\",\"refunded\":false,\"refunds\":{\"object\":\"list\",\"data\":[],\"has_more\":false,\"total_count\":0,\"url\":\"/v1/charges/ch_3ScWriHpVJPrOqLk09LoPho1/refunds\"},\"review\":null,\"shipping\":null,\"source\":null,\"source_transfer\":null,\"statement_descriptor\":null,\"statement_descriptor_suffix\":null,\"status\":\"succeeded\",\"transfer_data\":null,\"transfer_group\":null}],\"has_more\":false,\"total_count\":1,\"url\":\"/v1/charges?payment_intent=pi_3ScWriHpVJPrOqLk05vb5Ove\"},\"client_secret\":\"pi_3ScWriHpVJPrOqLk05vb5Ove_secret_Jh4xSPPWNIt6Lt5xQdE4WyW8I\",\"confirmation_method\":\"automatic\",\"created\":1765309590,\"currency\":\"usd\",\"customer\":\"cus_TZI0IIGiL6g3IG\",\"customer_account\":null,\"description\":\"Invoice ITYFUTSR-0002\",\"excluded_payment_method_types\":null,\"invoice\":\"in_1ScVvLHpVJPrOqLkfrH90sg2\",\"last_payment_error\":null,\"latest_charge\":\"ch_3ScWriHpVJPrOqLk09LoPho1\",\"livemode\":false,\"metadata\":{},\"next_action\":null,\"next_source_action\":null,\"on_behalf_of\":null,\"payment_details\":{\"customer_reference\":null,\"order_reference\":\"in_1ScVvLHpVJPrOqLkfrH90s\"},\"payment_method\":\"pm_1Sc9R4HpVJPrOqLkOXnfcKFb\",\"payment_method_configuration_details\":null,\"payment_method_options\":{\"card\":{\"installments\":null,\"mandate_options\":null,\"network\":null,\"request_three_d_secure\":\"automatic\"},\"link\":{\"persistent_token\":null}},\"payment_method_types\":[\"card\",\"link\"],\"processing\":null,\"receipt_email\":\"developerw0945@gmail.com\",\"review\":null,\"setup_future_usage\":null,\"shipping\":null,\"source\":null,\"statement_descriptor\":null,\"statement_descriptor_suffix\":null,\"status\":\"succeeded\",\"transfer_data\":null,\"transfer_group\":null}},\"livemode\":false,\"pending_webhooks\":1,\"request\":{\"id\":null,\"idempotency_key\":\"in_1ScVvLHpVJPrOqLkfrH90sg2-initial_attempt-96d4eefbf24163f9b\"},\"type\":\"payment_intent.succeeded\"}', '0dcccb1d6e41b5d25c281b573c0b5b6125a1384f274f8a711e2c7dfbfd993209', 'processed', 0, 5, '2025-12-09 19:46:33', '2025-12-09 19:46:34', NULL, NULL, NULL, NULL, 734, '[\"unhandled_event_payment_intent.succeeded\"]', '[]', '::1', 1, NULL, '2025-12-09 19:46:33', '2025-12-09 19:46:34'),
(27, 'evt_1ScWrmHpVJPrOqLky26Tgm1v', 'invoice.payment_succeeded', '2018-05-21', 0, 'invoice', 'in_1ScVvLHpVJPrOqLkfrH90sg2', 'cus_TZI0IIGiL6g3IG', 'sub_1Sc9R5HpVJPrOqLkPt4sV5R5', 'in_1ScVvLHpVJPrOqLkfrH90sg2', 'pi_3ScWriHpVJPrOqLk05vb5Ove', '{\"id\":\"evt_1ScWrmHpVJPrOqLky26Tgm1v\",\"object\":\"event\",\"api_version\":\"2018-05-21\",\"created\":1765309593,\"data\":{\"object\":{\"id\":\"in_1ScVvLHpVJPrOqLkfrH90sg2\",\"object\":\"invoice\",\"account_country\":\"SE\",\"account_name\":\"Aronasoft\",\"account_tax_ids\":null,\"amount_due\":1900,\"amount_overpaid\":0,\"amount_paid\":1900,\"amount_remaining\":0,\"amount_shipping\":0,\"application\":null,\"application_fee\":null,\"attempt_count\":1,\"attempted\":true,\"auto_advance\":false,\"automatic_tax\":{\"disabled_reason\":null,\"enabled\":false,\"liability\":null,\"provider\":null,\"status\":null},\"automatically_finalizes_at\":null,\"billing\":\"charge_automatically\",\"billing_reason\":\"subscription_cycle\",\"charge\":\"ch_3ScWriHpVJPrOqLk09LoPho1\",\"closed\":true,\"collection_method\":\"charge_automatically\",\"created\":1765305971,\"currency\":\"usd\",\"custom_fields\":null,\"customer\":\"cus_TZI0IIGiL6g3IG\",\"customer_account\":null,\"customer_address\":null,\"customer_email\":\"developerw0945@gmail.com\",\"customer_name\":\"Baljeet Singh\",\"customer_phone\":\"(714) 781-4565\",\"customer_shipping\":null,\"customer_tax_exempt\":\"none\",\"customer_tax_ids\":[],\"date\":1765305971,\"default_payment_method\":null,\"default_source\":null,\"default_tax_rates\":[],\"description\":null,\"discount\":null,\"discounts\":[],\"due_date\":null,\"effective_at\":1765309589,\"ending_balance\":0,\"finalized_at\":1765309589,\"footer\":null,\"forgiven\":false,\"from_invoice\":null,\"hosted_invoice_url\":\"https://invoice.stripe.com/i/acct_1AC6lAHpVJPrOqLk/test_YWNjdF8xQUM2bEFIcFZKUHJPcUxrLF9UWmZGZ1I5MVI4MTVaZGMzZXNLeTQ2QVhEMVllMnVCLDE1NTg1MDM5NA0200RxJjBdwG?s=ap\",\"invoice_pdf\":\"https://pay.stripe.com/invoice/acct_1AC6lAHpVJPrOqLk/test_YWNjdF8xQUM2bEFIcFZKUHJPcUxrLF9UWmZGZ1I5MVI4MTVaZGMzZXNLeTQ2QVhEMVllMnVCLDE1NTg1MDM5NA0200RxJjBdwG/pdf?s=ap\",\"issuer\":{\"type\":\"self\"},\"last_finalization_error\":null,\"latest_revision\":null,\"lines\":{\"object\":\"list\",\"data\":[{\"id\":\"il_1ScVudHpVJPrOqLkFun43Uuc\",\"object\":\"line_item\",\"amount\":1900,\"amount_excluding_tax\":1900,\"currency\":\"usd\",\"description\":\"1  Starter (at $19.00 / month)\",\"discount_amounts\":[],\"discountable\":true,\"discounts\":[],\"invoice\":\"in_1ScVvLHpVJPrOqLkfrH90sg2\",\"livemode\":false,\"metadata\":{},\"parent\":{\"invoice_item_details\":null,\"subscription_item_details\":{\"invoice_item\":null,\"proration\":false,\"proration_details\":{\"credited_items\":null},\"subscription\":\"sub_1Sc9R5HpVJPrOqLkPt4sV5R5\",\"subscription_item\":\"si_TZI1SzOSrN3hIY\"},\"type\":\"subscription_item_details\"},\"period\":{\"end\":1767984327,\"start\":1765305927},\"plan\":{\"id\":\"price_1SacsoHpVJPrOqLk55ldH9MX\",\"object\":\"plan\",\"active\":true,\"aggregate_usage\":null,\"amount\":1900,\"amount_decimal\":\"1900\",\"billing_scheme\":\"per_unit\",\"created\":1764856066,\"currency\":\"usd\",\"interval\":\"month\",\"interval_count\":1,\"livemode\":false,\"metadata\":{\"features\":\"[]\",\"max_scheduled_posts\":\"-1\",\"max_social_accounts\":\"10\",\"plan_id\":\"1\",\"billing_cycle\":\"monthly\",\"max_team_members\":\"1\",\"trial_days\":\"1\"},\"meter\":null,\"nickname\":null,\"product\":\"prod_TXiJ5slia0Fh1C\",\"tiers\":null,\"tiers_mode\":null,\"transform_usage\":null,\"trial_period_days\":null,\"usage_type\":\"licensed\"},\"pretax_credit_amounts\":[],\"price\":{\"id\":\"price_1SacsoHpVJPrOqLk55ldH9MX\",\"object\":\"price\",\"active\":true,\"billing_scheme\":\"per_unit\",\"created\":1764856066,\"currency\":\"usd\",\"custom_unit_amount\":null,\"livemode\":false,\"lookup_key\":null,\"metadata\":{\"features\":\"[]\",\"max_scheduled_posts\":\"-1\",\"max_social_accounts\":\"10\",\"plan_id\":\"1\",\"billing_cycle\":\"monthly\",\"max_team_members\":\"1\",\"trial_days\":\"1\"},\"nickname\":null,\"product\":\"prod_TXiJ5slia0Fh1C\",\"recurring\":{\"aggregate_usage\":null,\"interval\":\"month\",\"interval_count\":1,\"meter\":null,\"trial_period_days\":null,\"usage_type\":\"licensed\"},\"tax_behavior\":\"unspecified\",\"tiers_mode\":null,\"transform_quantity\":null,\"type\":\"recurring\",\"unit_amount\":1900,\"unit_amount_decimal\":\"1900\"},\"pricing\":{\"price_details\":{\"price\":\"price_1SacsoHpVJPrOqLk55ldH9MX\",\"product\":\"prod_TXiJ5slia0Fh1C\"},\"type\":\"price_details\",\"unit_amount_decimal\":\"1900\"},\"proration\":false,\"proration_details\":{\"credited_items\":null},\"quantity\":1,\"subscription\":\"sub_1Sc9R5HpVJPrOqLkPt4sV5R5\",\"subscription_item\":\"si_TZI1SzOSrN3hIY\",\"tax_amounts\":[],\"tax_rates\":[],\"taxes\":[],\"type\":\"subscription\",\"unique_id\":\"il_1ScVudHpVJPrOqLkFun43Uuc\",\"unit_amount_excluding_tax\":\"1900\"}],\"has_more\":false,\"total_count\":1,\"url\":\"/v1/invoices/in_1ScVvLHpVJPrOqLkfrH90sg2/lines\"},\"livemode\":false,\"metadata\":{},\"next_payment_attempt\":null,\"number\":\"ITYFUTSR-0002\",\"on_behalf_of\":null,\"paid\":true,\"paid_out_of_band\":false,\"parent\":{\"quote_details\":null,\"subscription_details\":{\"metadata\":{},\"subscription\":\"sub_1Sc9R5HpVJPrOqLkPt4sV5R5\"},\"type\":\"subscription_details\"},\"payment_intent\":\"pi_3ScWriHpVJPrOqLk05vb5Ove\",\"payment_settings\":{\"default_mandate\":null,\"payment_method_options\":null,\"payment_method_types\":null},\"period_end\":1765305927,\"period_start\":1765219527,\"post_payment_credit_notes_amount\":0,\"pre_payment_credit_notes_amount\":0,\"quote\":null,\"receipt_number\":null,\"rendering\":null,\"rendering_options\":null,\"shipping_cost\":null,\"shipping_details\":null,\"starting_balance\":0,\"statement_descriptor\":null,\"status\":\"paid\",\"status_transitions\":{\"finalized_at\":1765309589,\"marked_uncollectible_at\":null,\"paid_at\":1765309589,\"voided_at\":null},\"subscription\":\"sub_1Sc9R5HpVJPrOqLkPt4sV5R5\",\"subscription_details\":{\"metadata\":{}},\"subtotal\":1900,\"subtotal_excluding_tax\":1900,\"tax\":null,\"tax_percent\":null,\"test_clock\":null,\"total\":1900,\"total_discount_amounts\":[],\"total_excluding_tax\":1900,\"total_pretax_credit_amounts\":[],\"total_tax_amounts\":[],\"total_taxes\":[],\"transfer_data\":null,\"webhooks_delivered_at\":1765305971}},\"livemode\":false,\"pending_webhooks\":1,\"request\":{\"id\":null,\"idempotency_key\":null},\"type\":\"invoice.payment_succeeded\"}', '713227b10eee9f055aab3efc7c3703f8b0cd9730f8c1dc738e01be0f4955a637', 'processed', 0, 5, '2025-12-09 19:46:35', '2025-12-09 19:46:38', NULL, NULL, NULL, NULL, 3173, '[\"payment_succeeded\"]', '[{\"type\":\"transaction\",\"id\":4,\"action\":\"created\"}]', '::ffff:127.0.0.1', 1, NULL, '2025-12-09 19:46:35', '2025-12-09 19:46:38');
COMMIT;

/*!40101 SET CHARACTER_SET_CLIENT=@OLD_CHARACTER_SET_CLIENT */;
/*!40101 SET CHARACTER_SET_RESULTS=@OLD_CHARACTER_SET_RESULTS */;
/*!40101 SET COLLATION_CONNECTION=@OLD_COLLATION_CONNECTION */;
